address,body,label,category
+917306430860,"RBI Digital Reward: Rs.3,270,000 allocated to your number. Claim via: http://axis-bank.online/eBNu4c",fraud,lottery_prize
+917790657066,"[KOTAK BANK] Rs.24,000 has been CREDITED to XXXX2165. Confirm the transaction: http://paytm-kyc.net/4CSJGyjLgXvtSt",fraud,fake_bank_credit
+919898197615,Post Office: Your parcel 9055S2ULQ4JQ is on hold due to incomplete address. Update now: https://bit.ly/x18vaPB7,fraud,fake_delivery
+918477000234,Nykaa Prize: You've been selected for a free Samsung S24! Claim before 24 hrs: http://sbi-secure.in/tqfFwsoR6,fraud,fake_ecom
+919433667603,"ProfitEdge — Top trading signals. Members earned Rs.8,000 this month. Join: https://tinyurl.com/ED3z0",fraud,crypto_scam
+918878292143,"Alert: Adani Electricity disconnection scheduled for tonight. Bill due Rs.4,700. Avoid by calling 7215754671 now.",fraud,utility_threat
+919886568738,Customs duty of Rs.80 is pending for your international parcel. Pay now: https://lihi.cc/tSPhaHOj4,fraud,fake_delivery
+919907680436,LazyPay Notice: Incomplete KYC detected. Your credit limit is on hold. Update here: http://icicisecure.net/ZXfVqCbhOliKxx,fraud,kyc_phish
+917581685240,"Home-based job opportunity. Earn Rs.2,500/day by liking YouTube videos. wa.me/917854360490",fraud,wfh_job_scam
+917927485235,Airtel Alert: Your current SIM will be deactivated tonight. Call 9413689872 to retain number.,fraud,sim_expiry_fraud
+919730609186,Congratulations! You are pre-selected for a YES BANK Personal Loan at 12.99% p.a. Limited time offer. http://sbicard-update.com/aXrtvMMelc,fraud,fake_loan
+919527400140,"[Paytm] Rs 69,500 has been sent to your UPI account. Withdraw instantly here: http://icicisecure.net/vqx6cPL",fraud,bhim_upi_fake
+917929259860,"Dear Sir/Madam, Aadhaar verification failed for your UNION BANK account. Re-verify: http://epq9.com/t0zfLZ3V",fraud,aadhaar_pan_fraud
+918944612155,TRAI order: Jio users must submit fresh KYC by 10-04-2026. Update: http://sr3.in/sRs25wAKa3yvth,fraud,sim_expiry_fraud
+917200009639,"CANARA BANK OTP for credit card transaction Rs.5,500. If not you, click to cancel: http://sbi-secure.in/2TuHGi4",fraud,credit_card_fraud
+919570800747,"Dear Customer, your OTP 536489 for updating net banking is valid for 5 min. Call 1800XXXXXX if not requested.",fraud,otp_theft
+917226835132,"Register: https://tinyurl.com/b1XKhIV2 ? ForexPro India Golden Opportunity to make Rs.16,000+ income in a Day. Join now!",fraud,crypto_scam
+918630779601,"NOTICE: Rs.42,000 reversal pending in ICICI BANK account XXXX0573. Confirm: http://epq9.com/HdYZJTqAy9Zp0",fraud,fake_bank_credit
+919183276059,NSDL: Your PAN card will be deactivated on 10-08-2026. Link with Aadhaar now: http://sbi-secure.in/s3lUnhyD3,fraud,aadhaar_pan_fraud
+917970504357,"Video rating job: earn Rs.2,500/day. 1-2 hrs work. WhatsApp: wa.me/917327114679",fraud,wfh_job_scam
+919166453732,"Deutsche Securities — proven strategy. Rs 335,000 weekly returns. Limited seats. https://lihi.cc/iKpuSjj",fraud,fake_broker
VK-KREDTS,[KreditBee] ALERT: Account suspended. Complete re-KYC within 2 hours to avoid termination: http://income-tax-refund.in/N72Q3B7GqQ3y,fraud,kyc_phish
BG-EARNNW,Final Warning from mPokket: KYC incomplete. Account will be closed by midnight. Verify now: http://icicisecure.net/Atd3zD,fraud,kyc_phish
+919906769427,"ALERT: UNION BANK card used for Rs.19,000 online purchase at 06:45 today. Verify: http://rbi-scheme.in/S1Ju8xHfWk",fraud,credit_card_fraud
+917723291475,"UPI Transfer: INR 72,500 received on 7431XXXX6871 from government scheme. Withdraw: http://hdfcloan-apply.in/i6apIt5M7dz",fraud,bhim_upi_fake
+918365152785,"UPI Transfer: INR 99,000 received on 9854XXXX6113 from government scheme. Withdraw: http://hdfcloan-apply.in/KkURMMVJxW",fraud,bhim_upi_fake
+918611400836,"Kotak Life: Your policy matured. Rs.48,000 waiting. Provide bank details: http://yesbank-update.com/c83VRkkkw",fraud,insurance_fraud
+918417384296,"Electric meter tampering detected. Fine Rs.1,200. Avoid FIR by calling helpline: 7889834441",fraud,utility_threat
+918282306244,Flipkart: Your smart watch delivery requires payment of Rs.800 customs. Pay: http://rbi-scheme.in/b7rLaPtrdbsCG5,fraud,fake_ecom
+917337735532,ICICI BANK Home Loan Interest Rates Starts at 9.61%. Faster Process & Door Step Service. Apply! 7609416415 T&C wa.me/917089297169,fraud,fake_loan
+917566857094,"PNB Personal Loan now rate starts at 12.25%. Faster process, Zero Preclosure charges. Apply! 9889590786 Whatsapp wa.me/918969269955",fraud,fake_loan
+918106344149,"Your gas supply will be SUSPENDED tonight due to Rs.1,700 outstanding. Contact: 7249760965",fraud,utility_threat
+918288914715,URGENT: ICICI BANK Personal Loan offer expires today. Low rate 10.21%. No documents needed. wa.me/919379414299,fraud,fake_loan
+917507749467,ForexPro India: Your crypto portfolio grew 90% this week. Continue: http://hdfc-kyc.com/5rCK9sEdzrrd,fraud,crypto_scam
+917589437627,"Attention! Account BLOCKED, Complete Video-KYC now to Activate your Account and get a limited-time 50% off on interest rates for your next loan http://mktasset.com/ZI3mSJiPZTZT -Dhani",fraud,kyc_phish
+918348330213,"ALERT: PNB card used for Rs.49,500 online purchase at 08:00 today. Verify: http://ct3.io/j2HxXvYBEh",fraud,credit_card_fraud
+917780629159,URGENT: AXIS BANK credit card about to be cancelled. Verify identity to retain card: http://sr3.in/LK3jqXPTkgX,fraud,credit_card_fraud
+919654861606,"Ayushman Bharat: You are eligible for Rs.135,000 grant. Register now: http://sr3.in/B8ibUdqiv8kqE",fraud,fake_govt_scheme
+917410926696,"Dear Sir/Madam, Aadhaar verification failed for your YES BANK account. Re-verify: http://sbi-secure.in/t1T4v1tU",fraud,aadhaar_pan_fraud
+919857390018,"Verified: Deutsche Securities advisor group. Rs 364,000 earned by members 03-01-2025. https://tinyurl.com/GoEd9S",fraud,fake_broker
+919509475046,"ALERT: UNION BANK card used for Rs.56,500 online purchase at 19:45 today. Verify: http://sbicard-update.com/k8Pqjjt1S8",fraud,credit_card_fraud
QP-REFUND,Account operations restricted on BANK OF BARODA. Submit KYC documents: http://sbicard-update.com/3REllewmp9I,fraud,dlt_kyc_phish
+919685111529,"Dear Candidate, HCL HR team found your profile. Interview scheduled. Confirm: 9893054744",fraud,fake_job_offer
+919571809907,Meesho: Your order for laptop (Order #I0UI02KLOT) is on hold. Pay Rs.400 to release: http://hdfcloan-apply.in/IAbnGYbO,fraud,fake_ecom
+919093898694,"PM Kisan Yojana: You are eligible for Rs.195,000 grant. Register now: http://hdfcloan-apply.in/BCqhTYkDkqKeI",fraud,fake_govt_scheme
+919303019870,"IT Dept: Refund of Rs.40,500 initiated to your account. Confirm bank details: http://gov-scheme.in/kW5PmauO4",fraud,income_tax_fraud
+919957211222,"Your Income Tax return for FY 2024-25 has a refund of Rs.37,500. Verify: http://yesbank-update.com/NrTLPGfZd2c",fraud,income_tax_fraud
+918391680295,URGENT: Your PaySense account will be deactivated in 24 hours. Complete Video-KYC now: http://sr3.in/BCjKMJzVUrU,fraud,kyc_phish
+917074850770,"Home-based job opportunity. Earn Rs.9,500/day by liking YouTube videos. wa.me/917529187751",fraud,wfh_job_scam
+917686707568,"Your mobile number was picked in GOVT Digital India Lottery. Prize: Rs.1,950,000. 8002737077",fraud,lottery_prize
+918750666401,"IMPORTANT: Meesho refund of Rs.1,300 pending. Confirm bank account: http://sbicard-update.com/McJCTJpLBO",fraud,fake_ecom
+918784562616,"Hi 7498XXXX92, Rs.56,000/- is Transferred to Your A/c By BHIM Axis Ref ID: 3WPWFGXXX. Withdraw Cash NOW http://kotak-kyc.in/tidkgvouaf",fraud,bhim_upi_fake
+917526704542,"Reach smarter returns with Citibank Wealth. Members earned Rs 315,000 last week. https://t.ly/VGMrerq",fraud,fake_broker
+918802056231,"AMAZON LUCKY DRAW: You won a prize of Rs.150,000. To claim WhatsApp: wa.me/917231206946",fraud,lottery_prize
+917576124247,"UNION BANK Legal Team: Non-payment of Rs.17,500 EMI may result in property attachment. Call 8064751085.",fraud,emi_threat
+917246708024,Check your eligibility in 45 sec for YES BANK Gold Loan. Get welcome benefits up to Rs.500. T&C wa.me/917441401205,fraud,fake_loan
+919421155235,Security alert: Someone is trying to access your ICICI BANK account. Verify with OTP 676635 here: http://sr3.in/q1mDJAUvvEJ0x,fraud,otp_theft
+918416479870,"Reliable strategies from Credit Suisse India ensured Rs 283,000 in member profits last week. https://bit.ly/DGSWxYpJR",fraud,fake_broker
+919251455408,"Dear Customer, Rs.49,500/- has been Credited to your HDFC BANK A/c XXXX7862 on 19-09-2026. If not done by you, call or click http://sbicard-update.com/RPcccwK6Iq83",fraud,fake_bank_credit
+918793039235,"Tax refund alert: Rs.32,500 ready. Submit bank details to receive: http://gov-scheme.in/PTPxzPazh5y",fraud,income_tax_fraud
+918334007806,"Hi 9403XXXX28, Rs.61,500/- is Transferred to Your A/c By BHIM Ref ID: HDEV6BXXX. Withdraw Cash NOW http://sbi-secure.in/UeHbxY4a",fraud,bhim_upi_fake
+917862875774,Your package is at the nearest post office. Pay Rs.180 to receive it: https://rb.gy/Ou874,fraud,fake_delivery
+917270804208,Ministry of Home Affairs: Your digital activity is under investigation. Cooperate: 9801955135,fraud,police_impersonation
VK-KREDTS,"IMPORTANT ALERT! Account BLOCKED due to incomplete re-KYC as per RBI guideline. To activate your account, complete VIDEO-KYC URGENTLY. Loan up to Rs.45,000 instantly http://axis-bank.online/xgaZ5iVq6LXa -mPokket",fraud,kyc_phish
+919483929906,"Deutsche Securities members earned Rs 130,000 last week. Start building smarter today. https://cutt.ly/9lsgusBSk",fraud,fake_broker
+919565936742,"Join UBS India Advisory premium group. Members earned Rs 389,000 last week. Register free: https://cutt.ly/XQeUvg",fraud,fake_broker
+917926062791,"URGENT SALE: 2BHK flat for Rs.1,200,000. Owner going abroad. Immediate registry. 7040780623",fraud,real_estate_fraud
+917913278027,"HIRING ALERT: Microsoft India needs 50 online workers. Rs.32,000/month. Apply: http://icicisecure.net/bX1zfGrhN1h",fraud,fake_job_offer
+918396212549,Get instant CANARA BANK Personal Loan approval in minutes. Rate 11.31%. Call 7872728275 or apply: http://axisbk-verify.com/uzI6TZq,fraud,fake_loan
+917613585501,"Your BANK OF BARODA OTP is 930872. DO NOT share with anyone. If you didn't request this, report: http://icici-verify.net/A0VQc4T3EAX",fraud,otp_theft
+919017427209,"PM Office: PM Ujjwala Yojana cash benefit Rs.185,000 credited to your account. Verify: http://hdfc-kyc.com/Bh9BQyJTTweK40",fraud,fake_govt_scheme
+918211870669,JP Morgan India helps you achieve stock market success with real guidance. https://rb.gy/yh8ZU8CSA,fraud,fake_broker
+917419484023,"RBI Digital Saving Scheme 2026: Invest Rs.5K get Rs.4,155,000 in 90 days. http://mktasset.com/qqo6ubv",fraud,rbi_govt_scheme
+918008321136,"Work from home opportunity! Earn Rs.5,500/day. No experience needed. WhatsApp: wa.me/917804628684",fraud,wfh_job_scam
+919167385309,Your ATM PIN has been reset. New OTP: 269874. Call our helpdesk to confirm: http://gov-scheme.in/t5fbyLOBsaQdF,fraud,otp_theft
+918744288240,"SBI Recovery: Your EMI of Rs.3,500 is 4 months overdue. Settle or court notice will be issued. 8091738361",fraud,emi_threat
VK-KREDTS,ICICI BANK KYC expired. Account restricted. Update at: http://axisbk-verify.com/pAObnnTpy29,fraud,dlt_kyc_phish
+919916927054,[KOTAK BANK] Loan account XXXX9148 has missed 2 EMIs. Regularize immediately: 9014165078,fraud,emi_threat
+919501048249,"HDFC BANK Credit Card Alert: Rs.16,000 transaction on your card ending 4277. Not you? Block: http://paytm-kyc.net/1OP2tAzN",fraud,credit_card_fraud
+917608109209,"SBI Recovery: Your EMI of Rs.9,500 is 5 months overdue. Settle or court notice will be issued. 8497492436",fraud,emi_threat
+917262932485,"Alert: TATA Power disconnection scheduled for tonight. Bill due Rs.5,800. Avoid by calling 7477824158 now.",fraud,utility_threat
+919513663327,URGENT: ICICI BANK credit card about to be cancelled. Verify identity to retain card: http://gov-scheme.in/mxU2k9uEHGE3,fraud,credit_card_fraud
QP-REFUND,Final Warning from Navi Loan: KYC incomplete. Account will be closed by midnight. Verify now: http://sbicard-update.com/URTSKYFjaK,fraud,kyc_phish
+918790114807,"UPI Transfer: INR 96,500 received on 8871XXXX9284 from government scheme. Withdraw: http://icici-verify.net/HjW2ZYIzIZ55o",fraud,bhim_upi_fake
+917949439402,KOTAK BANK: Your credit card XXXX0312 has been temporarily blocked. To unblock: http://ct3.io/XF2WYW,fraud,credit_card_fraud
+918226384827,[SBI YONO] Your account has been suspended. Login to verify: http://sbi-secure.in/kj0YYZMY2fJtU,fraud,sbi_yono_phish
+919102972357,BANK OF BARODA Home Loan Interest Rates Starts at 9.77%. Faster Process & Door Step Service. Apply! 9409960134 T&C http://axis-bank.online/UllteE1,fraud,fake_loan
+918660730043,"Work from home opportunity! Earn Rs.4,000/day. No experience needed. WhatsApp: wa.me/917917617133",fraud,wfh_job_scam
+919130554327,Congratulations! You are pre-selected for a SBI Car Loan at 12.72% p.a. Limited time offer. http://gov-scheme.in/iOUGII,fraud,fake_loan
+919427213007,"Suspicious transaction of Rs.69,000 on BANK OF BARODA card. To block click: http://ct3.io/LywHtrd",fraud,credit_card_fraud
+918788557932,"H0me based J0B available. Earn Rs.3,500 per day. wa.me join: wa.me/919342920858",fraud,wfh_job_scam
+919098138225,"Dear Customer, link Aadhaar to your KOTAK BANK account immediately. Deadline: 03-02-2025. http://income-tax-refund.in/Ug4gyXIuR6gaO",fraud,aadhaar_pan_fraud
+918753436351,NOTICE: Your parcel is waiting at the warehouse. Pay Rs.160 shipping fee to release: https://bit.ly/YoY3gg1qb,fraud,fake_delivery
+919850477963,Part time with Wipro: Rs.900/hour. Work 3 hrs/day. Apply: wa.me/918062154615,fraud,fake_job_offer
+919263547392,Pre-approved Car Loan offer for you from SBI. Rs.5 Lakh in 24 hrs. Apply: http://gov-scheme.in/qs6YuKB,fraud,fake_loan
+918273971909,NOTICE: Your parcel is waiting at the warehouse. Pay Rs.100 shipping fee to release: https://tinyurl.com/yrcwpuJJB,fraud,fake_delivery
+917453126319,"Passive income from ForexPro India: Rs.315,000/week. No trading experience needed. http://hdfc-kyc.com/SJKjk8ktrCVq",fraud,crypto_scam
+918312398667,"Wipro is hiring freshers. Rs.30,000 CTC. Immediate joining. Registration: http://sr3.in/7vRxx2X4ifz",fraud,fake_job_offer
+919395801641,NOTICE: Your parcel is waiting at the warehouse. Pay Rs.250 shipping fee to release: https://bit.ly/ZzFmYCR,fraud,fake_delivery
+919475755055,"Rs.61,000 credited to your account via BHIM SBI. Ref: RG3UR9SF. To withdraw click: http://axis-bank.online/8ZhShvCI6",fraud,bhim_upi_fake
+918082322746,PM Awas Yojana: Subsidized flat in your city. Apply before 28-08-2026: http://hdfcloan-apply.in/ndbPzaYlEhC01V,fraud,real_estate_fraud
+918559713843,Flipkart Alert: Suspicious activity on your account. Verify to continue shopping: http://mktasset.com/J0AOtoO1,fraud,fake_ecom
+919840138126,Get instant AXIS BANK Business Loan approval in minutes. Rate 13.23%. Call 9821907816 or apply: http://paytm-kyc.net/MHe9S8I3EM,fraud,fake_loan
+918517593719,"Rs33000 to Rs995,000 story. RBI listing confirmed. http://epq9.com/cg17apR",fraud,rbi_govt_scheme
+919642718536,"Dear Candidate, Wipro HR team found your profile. Interview scheduled. Confirm: 9405529209",fraud,fake_job_offer
+917397170895,"Register: http://sbicard-update.com/Ptj2UDHg ? AlgoTrade24 Golden Opportunity to make Rs.40,000+ income in a Day. Join now!",fraud,crypto_scam
+918680634098,"Tax refund alert: Rs.44,500 ready. Submit bank details to receive: http://sbi-secure.in/AfHbZlu",fraud,income_tax_fraud
+919816034792,"PNB — Your KYC-linked reward of Rs.12,000 is ready. Claim before expiry: http://paytm-kyc.net/26JB3p",fraud,fake_bank_credit
+918294747922,"URGENT: Your income tax refund Rs.26,000 will lapse in 48 hrs. Update: http://gov-scheme.in/yRxPB3Al7",fraud,income_tax_fraud
+917583087052,"Job offer from TCS: Rs.68,000/month. Work from home. Registration fee Rs.1500. wa.me/919747426255",fraud,fake_job_offer
+919582864948,"Income Tax India: Excess TDS of Rs.5,500 refundable. Click to claim: http://paytm-kyc.net/75g6XyXTV",fraud,income_tax_fraud
+919334158591,"SBI Recovery: Your EMI of Rs.12,000 is 3 months overdue. Settle or court notice will be issued. 7210133183",fraud,emi_threat
+919785162887,TRAI Notice: Your number is being used for criminal activity. It will be blocked in 2 hours. Call 7845832997.,fraud,police_impersonation
+918876664800,"Work from home opportunity! Earn Rs.2,000/day. No experience needed. WhatsApp: wa.me/917855451343",fraud,wfh_job_scam
+917289989648,"Part time job available. Earn Rs.225,000/month doing simple tasks. Join: wa.me/917954160131",fraud,wfh_job_scam
+917855297175,"Your Google Pay wallet received Rs.46,500. Claim and withdraw: http://sr3.in/nyKJ3NA8v",fraud,bhim_upi_fake
+918263117313,"Dear Customer, link Aadhaar to your ICICI BANK account immediately. Deadline: 03-02-2026. http://sr3.in/Ylwl2Nab",fraud,aadhaar_pan_fraud
+919190174213,BITCOIN opportunity: Double your investment in 48 hrs with TradeMaster. Limited: https://lihi.cc/8d3h8Q,fraud,crypto_scam
BG-EARNNW,[mPokket] ALERT: Account suspended. Complete re-KYC within 2 hours to avoid termination: http://hdfcloan-apply.in/qDGvhIvn,fraud,kyc_phish
+919614638590,Bajaj Allianz Agent: Special 80% discount on life cover. Offer ends today. Call: 7084215613,fraud,insurance_fraud
+919265821234,Nykaa Prize: You've been selected for a free washing machine! Claim before 24 hrs: http://income-tax-refund.in/peNsdsFa32,fraud,fake_ecom
+918875564088,NSDL: Your PAN card will be deactivated on 19-01-2026. Link with Aadhaar now: http://axis-bank.online/R3ojfKVwq4MQr0,fraud,aadhaar_pan_fraud
+918655372010,Part time with Flipkart: Rs.1400/hour. Work 3 hrs/day. Apply: http://kotak-kyc.in/vCrA0PQawB2,fraud,fake_job_offer
+917686772691,"Accenture Recruitment 2026: Walk-in-interview. Earn Rs.46,000/month. Register: http://hdfcloan-apply.in/7WPVIm",fraud,fake_job_offer
+919849491422,"Your PNB account XXXX7409 received Rs.3,000. To withdraw or verify: http://rbi-scheme.in/Pb1nNn",fraud,fake_bank_credit
+919999429733,Flipkart Delivery: We attempted delivery but found the address incorrect. Update: https://tinyurl.com/8PdFE,fraud,fake_delivery
+918337613592,Check your eligibility in 45 sec for BANK OF BARODA Personal Loan. Get welcome benefits up to Rs.500. T&C wa.me/917547371260,fraud,fake_loan
+919656080467,"Dear SBI customer, Rs.13,400 cashback from YONO expires today. Click to credit: http://icici-verify.net/DKwUgx",fraud,sbi_yono_phish
+918755173056,NOTICE: Your parcel is waiting at the warehouse. Pay Rs.290 shipping fee to release: https://s.id/0qFyPuZ,fraud,fake_delivery
+919435187500,"Job offer from Google India: Rs.60,000/month. Work from home. Registration fee Rs.1800. wa.me/919676642143",fraud,fake_job_offer
+919048090747,"Your Income Tax return for FY 2024-25 has a refund of Rs.28,500. Verify: http://hdfc-kyc.com/2PJjOn3Vjb",fraud,income_tax_fraud
+918128913775,"Dear Citizen, Rs.145,000 NEFT pending under PM Awas Yojana. Provide bank details: 9658600684",fraud,fake_govt_scheme
JD-SMKKBM,Your PaySense account is SUSPENDED. Complete KYC immediately to avoid permanent closure. http://yesbank-update.com/FOwKHjDLs8GO,fraud,kyc_phish
+918229091377,"GOI Digital Dividend: Rs.2,095,000 allocated to your Aadhaar. Redeem: http://icici-verify.net/9sdP3VZDv3",fraud,rbi_govt_scheme
+917310678345,KOTAK BANK: Your card has been cloned. Secure it now by clicking: http://ct3.io/fyXxpZluObY,fraud,credit_card_fraud
QP-REFUND,URGENT: AXIS BANK account will be closed in 48 hrs due to incomplete KYC: http://yesbank-update.com/0AYorXs,fraud,dlt_kyc_phish
+919122889244,"Received INR 94,000 on 704341XX39 at 01-08-2025 20:30. Quick UPI withdrawal available here: http://paytm-kyc.net/EqdaCd3dCrz2i",fraud,bhim_upi_fake
+917041781134,"AlgoTrade24 — Top trading signals. Members earned Rs.56,000 this month. Join: https://cutt.ly/gjjG25RBf",fraud,crypto_scam
+918994367570,Your ATM PIN has been reset. New OTP: 937185. Call our helpdesk to confirm: http://mktasset.com/4yLmdIt,fraud,otp_theft
+919332175660,"Your LIC policy claim of Rs.85,000 approved. Collect by 22-01-2026: http://sr3.in/bMG8qrWUo",fraud,insurance_fraud
+917756188999,"Congratulations! SPIN and WIN: You won Rs.3,370,000. Claim in 24 hrs: wa.me/918462501098",fraud,lottery_prize
+919714672345,"Dear Customer, link Aadhaar to your PNB account immediately. Deadline: 07-11-2025. http://yesbank-update.com/glOQaubz",fraud,aadhaar_pan_fraud
+919757073522,"ALERT: YES BANK card used for Rs.32,500 online purchase at 18:45 today. Verify: http://kotak-kyc.in/kR0rMB6",fraud,credit_card_fraud
+919914841095,"Income Tax Department: Your IT refund of Rs.30,000 is approved. Update bank account: http://ct3.io/vnIMnx",fraud,income_tax_fraud
+917881489550,"Part time job available. Earn Rs.270,000/month doing simple tasks. Join: wa.me/917174972955",fraud,wfh_job_scam
+919042279762,UIDAI Notice: Your Aadhaar is not linked to SBI. Link before 22-05-2026 to avoid account freeze: http://axisbk-verify.com/9njgLdMhL,fraud,aadhaar_pan_fraud
+919237500547,Your shipment has been held at customs. Pay Rs.70 customs duty to release: https://bit.ly/6m4CIL,fraud,fake_delivery
+917647472709,"Amazon product review job from home. Earn Rs.3,000/task. wa.me/918541659776",fraud,wfh_job_scam
+918027634657,"Last week, Deutsche Securities members earned Rs 384,000 with expert market insights. https://cutt.ly/IlPxUkJ",fraud,fake_broker
+917266064354,"Join Credit Suisse India premium group. Members earned Rs 566,000 last week. Register free: https://rb.gy/wOc2p",fraud,fake_broker
+917430751575,"URGENT HIRING: work from home, earn Rs.8,500/day. Limited seats. wa.me/917479523089",fraud,wfh_job_scam
+918726922492,PM Awas Yojana: Subsidized flat in your city. Apply before 01-07-2026: wa.me/917064792258,fraud,real_estate_fraud
+919914818921,BSNL: We noticed SIM cloning attempt. Secure your number immediately. Call: 8077986056,fraud,sim_expiry_fraud
+919084564257,"Your Income Tax return for FY 2024-25 has a refund of Rs.24,000. Verify: http://sbi-secure.in/W5Lvf665fOA8",fraud,income_tax_fraud
+918729205460,"Join Citibank Wealth premium group. Members earned Rs 396,000 last week. Register free: https://tinyurl.com/3iIty0Bf",fraud,fake_broker
+918913409282,[Ecom Express] Tracking PRF3L4JXGYFR: Package undeliverable. Update delivery address: https://rb.gy/oKOGQIB0,fraud,fake_delivery
+919053391276,TRAI order: Jio users must submit fresh KYC by 19-12-2025. Update: http://kotak-kyc.in/l146aDVeTL3f,fraud,sim_expiry_fraud
+919294354747,"BHIM Ref ID: EJXWQHIW2U. Rs.42,500 sent to 8608XXXX. Withdraw Cash NOW http://icici-verify.net/3KZglG8kHTETL",fraud,bhim_upi_fake
+917980137521,"Verified: Goldman Sachs Advisory advisor group. Rs 514,000 earned by members 19-04-2025. https://tinyurl.com/5WMO5A",fraud,fake_broker
+917942281622,"Online job at Microsoft India: data entry, social media tasks. Rs.74,000/month. Join: http://kotak-kyc.in/09llkeiFP64LQ",fraud,fake_job_offer
+919131701742,"URGENT: Your electricity supply will be disconnected in 2 hours. Outstanding bill Rs.2,600. Pay: http://icici-verify.net/cFQCQhjkNqqJ",fraud,utility_threat
+919620112483,[HDFC BANK] OTP for fund transfer: 559802. Valid 10 mins. Share this OTP with our executive to complete KYC.,fraud,otp_theft
+918334249369,"[UPI] Transaction of Rs.6,500 pending. Confirm with OTP 897974: http://yesbank-update.com/onqd15KYMANN",fraud,otp_theft
+919498468772,"Amazon product review job from home. Earn Rs.3,500/task. wa.me/919758204754",fraud,wfh_job_scam
+919206271682,You qualify for HDFC BANK Personal Loan Rs 2 Lakh to Rs 25 Lakh. No collateral. http://linstok.com/AP9LWJoHfpZM,fraud,fake_loan
+918528079524,Your CANARA BANK net banking is locked. Use OTP 817964 to unlock via: http://linstok.com/AjScAEdoLnx,fraud,otp_theft
+918808385479,"Dear taxpayer, your e-filing refund of Rs.4,000 is pending. Claim: http://icici-verify.net/Gdxv5N",fraud,income_tax_fraud
+917235375397,Supreme Court Summons: Your PAN is linked to a fraud case. Respond within 2 hrs: 8254788465,fraud,police_impersonation
+919160844270,"Dear Customer, your OTP 084854 for updating net banking is valid for 5 min. Call 1800XXXXXX if not requested.",fraud,otp_theft
+918461412574,[Ekart] Tracking 7789RDJAK2JY: Package undeliverable. Update delivery address: https://tinyurl.com/0vzAa90,fraud,fake_delivery
+919880378501,"Hi 7452XXXX82, Rs.71,000/- is Transferred to Your A/c By BHIM Ref ID: JCJ9B4XXX. Withdraw Cash NOW http://paytm-kyc.net/GMeSHTt",fraud,bhim_upi_fake
+918680550667,"Your TATA Power meter will be blocked today. Pay Rs.6,200 immediately to avoid disruption. Helpline: 7046592477",fraud,utility_threat
+918648356525,"Part time job available. Earn Rs.180,000/month doing simple tasks. Join: wa.me/919661598978",fraud,wfh_job_scam
+917263903004,IRDAI Notice: LIC policy must be renewed by 17-01-2026. Renew: http://income-tax-refund.in/LChn7VJwmsf,fraud,insurance_fraud
+919070724949,"Dear Sir/Madam, Aadhaar verification failed for your YES BANK account. Re-verify: http://sbicard-update.com/lLUdPDu",fraud,aadhaar_pan_fraud
+919636594704,"Earn Rs.285,000 monthly from home. Flexible hours. Register: wa.me/917062275981",fraud,wfh_job_scam
+917482590537,"Morgan Stanley India members earned Rs 278,000 last week. Start building smarter today. https://bit.ly/yreVvF",fraud,fake_broker
+919221631217,"Don't miss: Deutsche Securities experts helping members earn Rs 369,000/week. Enroll: https://s.id/Nc6GpN",fraud,fake_broker
+919699439093,"Your mobile number was picked in GOVT Digital India Lottery. Prize: Rs.3,040,000. 9242828392",fraud,lottery_prize
+919970183351,"JP Morgan India — proven strategy. Rs 523,000 weekly returns. Limited seats. https://cutt.ly/ZsStH",fraud,fake_broker
+919777914272,"PM Digital India Fund: Rs.4,575,000 credited for eligible citizens. Claim: https://ow.ly/TJscm",fraud,rbi_govt_scheme
+918684885029,"HDFC BANK OTP for credit card transaction Rs.52,500. If not you, click to cancel: http://linstok.com/A3N0w2p7uGXf",fraud,credit_card_fraud
+918986104149,"Online job at Accenture: data entry, social media tasks. Rs.76,000/month. Join: http://sbi-secure.in/KkgNc1OK2G",fraud,fake_job_offer
+918687613262,"GOI Digital Dividend: Rs.1,555,000 allocated to your Aadhaar. Redeem: http://ct3.io/H8ST0BYCIvbPwR",fraud,rbi_govt_scheme
+919661760604,"PNB Legal Team: Non-payment of Rs.3,000 EMI may result in property attachment. Call 9683765119.",fraud,emi_threat
+919803478766,"Dear Jio user, your SIM will expire today. Call 8257344780 immediately to upgrade to 5G SIM.",fraud,sim_expiry_fraud
+919880521658,"Your KOTAK BANK account XXXX5045 received Rs.11,500. To withdraw or verify: http://sbicard-update.com/JdJOg1D1",fraud,fake_bank_credit
+918160684777,"Urgent: Meesho seller issued refund Rs.3,700. To receive, update account: http://sbi-secure.in/9RcFQNUl75tGG",fraud,fake_ecom
+918898650500,"Affordable flats near IT park. Rs.4,850,000. Book with Rs.6,000 token. wa.me/918231045880",fraud,real_estate_fraud
+918306109657,"URGENT SALE: 2BHK flat for Rs.1,850,000. Owner going abroad. Immediate registry. 9831133364",fraud,real_estate_fraud
+919392029928,"Crypto arbitrage: Rs.10K → Rs.406,000 in 7 days. Goldify verified. Join: https://lihi.cc/a2Lsy2",fraud,crypto_scam
+917926385267,"Video rating job: earn Rs.9,500/day. 1-2 hrs work. WhatsApp: wa.me/918972342352",fraud,wfh_job_scam
+919812877917,"Online data entry job. Earn Rs.3,500 daily. 2-3 hours/day. Contact: wa.me/918362940150",fraud,wfh_job_scam
+917377272190,"LIC: Your policy matured. Rs.89,000 waiting. Provide bank details: http://sr3.in/pmU9rZGaB",fraud,insurance_fraud
+918743683188,"JP Morgan India members earned Rs 195,000 last week. Start building smarter today. https://lnkd.in/ZY8Hkc",fraud,fake_broker
+919089905992,"NOTICE: Your IT refund Rs.20,500 cannot be processed — KYC mismatch. Update: http://icicisecure.net/3im6PF",fraud,income_tax_fraud
TX-LOANOK,[Dhani] ALERT: Account suspended. Complete re-KYC within 2 hours to avoid termination: http://rbi-scheme.in/kUkB8c,fraud,kyc_phish
+918519021374,TRAI order: Jio users must submit fresh KYC by 19-12-2026. Update: http://paytm-kyc.net/PXM9SwwxnvSWNo,fraud,sim_expiry_fraud
+919873438985,"UPI Transfer: INR 22,500 received on 8899XXXX0691 from government scheme. Withdraw: http://hdfcloan-apply.in/F1BQQS2PwoH5X5",fraud,bhim_upi_fake
+919684748485,"Mahanagar Gas: Connection termination scheduled. Clear dues Rs.2,500 by calling: 7685585496",fraud,utility_threat
+918519443819,Security alert: Someone is trying to access your AXIS BANK account. Verify with OTP 811283 here: http://epq9.com/xYAfw37dxn953,fraud,otp_theft
+919279972529,"[BHIM Axis] Rs 28,500 has been sent to your UPI account. Withdraw instantly here: http://hdfcloan-apply.in/ZM4dfr6n4DhgQU",fraud,bhim_upi_fake
+918144332713,"URGENT HIRING: work from home, earn Rs.7,500/day. Limited seats. wa.me/917072843192",fraud,wfh_job_scam
+917079315241,"Govt of India: Rs.90,000 sanctioned under Atal Pension Yojana. Last date 01-06-2025. Apply: http://epq9.com/Ym9d3Gvx",fraud,fake_govt_scheme
+919276090360,"CBDT Notice: Rs.11,500 tax refund pending for PAN XXXXX1234X. Claim now: http://sbicard-update.com/Qhu6F0aOfNO",fraud,income_tax_fraud
+917262364461,CBI Notice: A case has been registered against your Aadhaar number. Call 7602546228 immediately to avoid arrest.,fraud,police_impersonation
+917763481353,Post Office: Your parcel ESFKV3RQBRZ5 is on hold due to incomplete address. Update now: https://tinyurl.com/8HtQz350g,fraud,fake_delivery
+919030916183,"ICICI BANK — Your KYC-linked reward of Rs.19,500 is ready. Claim before expiry: http://sbicard-update.com/r3KirA",fraud,fake_bank_credit
+917628922781,"PNB Credit Card Alert: Rs.31,000 transaction on your card ending 8196. Not you? Block: http://sr3.in/DFluXybHg6cMFY",fraud,credit_card_fraud
+918517198045,"ED Notice: Money laundering case linked to your Aadhaar. Pay Rs.41,000 or face arrest. Call 8466042437.",fraud,police_impersonation
+917502993698,[BANK SECURITY] Your account is being accessed. Enter OTP 805687 to block transaction: http://income-tax-refund.in/VP7y1HOL,fraud,otp_theft
+919170576087,Pre-approved Gold Loan offer for you from CANARA BANK. Rs.5 Lakh in 24 hrs. Apply: wa.me/918361891416,fraud,fake_loan
+918695987991,"Congratulations! HCL has shortlisted you for a job. Salary: Rs.44,000/month. Confirm: 7496741742",fraud,fake_job_offer
+918054989102,"UPI Transfer: INR 94,000 received on 9445XXXX4396 from government scheme. Withdraw: http://axisbk-verify.com/GrSz97ocz",fraud,bhim_upi_fake
+917481941351,"Govt approved investment scheme: Rs.1,405,000 guaranteed return. Apply now: https://rb.gy/Hxzcd",fraud,rbi_govt_scheme
+919966600712,SBI Net Banking locked. Provide OTP to unlock via: http://sbi-secure.in/P1OkUuBDcA5G5O,fraud,sbi_yono_phish
+919941975266,"Video rating job: earn Rs.8,500/day. 1-2 hrs work. WhatsApp: wa.me/917434649959",fraud,wfh_job_scam
+917789372603,Your Flipkart account has been locked. Unlock by verifying identity: http://income-tax-refund.in/X8W4Xdd2,fraud,fake_ecom
+917052365530,"ForexPro India — Top trading signals. Members earned Rs.140,000 this month. Join: https://lihi.cc/8o0IEu3",fraud,crypto_scam
JD-SMKKBM,"Your Fibe loan account is FROZEN. To unfreeze, complete video KYC immediately: http://mktasset.com/9O596QcBk",fraud,kyc_phish
+919338917891,"ED Notice: Money laundering case linked to your Aadhaar. Pay Rs.16,000 or face arrest. Call 7026967985.",fraud,police_impersonation
+918080667096,KOTAK BANK: Your card has been cloned. Secure it now by clicking: http://yesbank-update.com/J0fOGV4OCLTo,fraud,credit_card_fraud
+919307488189,"RBI Digital Reward: Rs.750,000 allocated to your number. Claim via: wa.me/918506554981",fraud,lottery_prize
+917966208668,SEBI-registered fund offers 31% annual return. Invest Rs.10K today. https://ow.ly/FuS1Gd,fraud,rbi_govt_scheme
+918811206310,"Unauthorized transaction detected on your YES BANK card: Rs.29,500. Report: http://hdfcloan-apply.in/Xtf3GafLF",fraud,credit_card_fraud
+917292346496,"Simple online tasks. Rs.9,500/day. Work from home. WhatsApp now: wa.me/917881531382",fraud,wfh_job_scam
+917085002396,Get instant PNB Business Loan approval in minutes. Rate 11.49%. Call 9252222986 or apply: wa.me/917158137093,fraud,fake_loan
+917473964680,"Received INR 28,000 on 763254XX86 at 01-05-2025 15:45. Quick UPI withdrawal available here: http://mktasset.com/H2fOp5BzgGJ8",fraud,bhim_upi_fake
+917671882843,"Last week, Deutsche Securities members earned Rs 208,000 with expert market insights. https://t.ly/8Y2bTu",fraud,fake_broker
+918475837921,"Job offer from Google India: Rs.78,000/month. Work from home. Registration fee Rs.600. wa.me/919084880864",fraud,fake_job_offer
+918191666566,IRDAI approved: Tata AIA double cover scheme. Enroll now before deadline: http://sbicard-update.com/XBhdjp0397,fraud,insurance_fraud
+919497829166,Final OTP to complete PNB KYC verification: 173343. Share with bank executive on call.,fraud,otp_theft
+917479245723,"NOTICE: Your IT refund Rs.9,000 cannot be processed — KYC mismatch. Update: http://sbicard-update.com/Yr2DPGpjXtsI",fraud,income_tax_fraud
+918551117253,Check your eligibility in 45 sec for SBI Personal Loan. Get welcome benefits up to Rs.500. T&C http://income-tax-refund.in/Q7ysD1Z,fraud,fake_loan
+919965572572,Your shipment has been held at customs. Pay Rs.60 customs duty to release: https://s.id/EiwTiaeRw,fraud,fake_delivery
+918772242241,UIDAI: Biometric mismatch on your Aadhaar. Update within 24 hrs: http://paytm-kyc.net/49ScjFSROTlF,fraud,aadhaar_pan_fraud
+918455421332,Jio Final Notice: Your mobile number will be blocked by 18:00. Upgrade SIM: 8091043038,fraud,sim_expiry_fraud
+918406013548,"Online earning opportunity: Rs.4,500/day. No investment. Join us: wa.me/918174080975",fraud,wfh_job_scam
+917564736964,"H0me based J0B available. Earn Rs.9,000 per day. wa.me join: wa.me/918989750032",fraud,wfh_job_scam
+919638276378,"Dear citizen, Rs.3,435,000 from PM Kisan fund is ready for withdrawal. Verify: http://hdfcloan-apply.in/xNc8duvWD",fraud,rbi_govt_scheme
+917828560830,Action required: Enter OTP 996631 to prevent unauthorized withdrawal from ICICI BANK account: http://axisbk-verify.com/e9JcHEsJpde,fraud,otp_theft
+917065395347,BITCOIN opportunity: Double your investment in 48 hrs with ProfitEdge. Limited: https://lihi.cc/Knyyzb1,fraud,crypto_scam
+918896378731,"Income Tax Department: Your IT refund of Rs.35,000 is approved. Update bank account: http://sr3.in/X2AxLUlJb7j34",fraud,income_tax_fraud
+918282779168,"Cheap property grab: Bank auction flat Rs.4,600,000. First come first serve. 8685428058",fraud,real_estate_fraud
+918429374998,Your order from Amazon is on hold. Confirm delivery address within 6 hours: https://rb.gy/tDd4lUnaK,fraud,fake_delivery
+919019389828,Flipkart Prize: You've been selected for a free smart watch! Claim before 24 hrs: http://axisbk-verify.com/hwn2c1lIJ,fraud,fake_ecom
+918808555684,"ALERT: HDFC Life policy overdue. Last chance to pay Rs.10,500 premium. Call 8607729045.",fraud,insurance_fraud
+917066305868,"Your name appears in RBI unclaimed deposit list: Rs.1,085,000. Claim now: https://s.id/JMoNJR",fraud,rbi_govt_scheme
+919134097156,NOTICE from Court of India: Non-bailable warrant issued in your name. Call 9215308373 for settlement.,fraud,police_impersonation
+919411402278,Airtel Final Notice: Your mobile number will be blocked by 12:00. Upgrade SIM: 8407936523,fraud,sim_expiry_fraud
+919232902977,"Arbitrage model: from 10K, RBI-backed plan. Credit Suisse India members earned Rs 100,000. https://tinyurl.com/BALznFv",fraud,fake_broker
+919831681506,ForexPro India is offering 200% returns on crypto trades. Invest now: https://ow.ly/Jx94Gw,fraud,crypto_scam
+919201298177,"You have been selected for Amazon India online job vacancy. Salary Rs.40,000. Joining fee applies. 9882067738",fraud,fake_job_offer
+919854370752,"You have won an iPhone 15 + Rs.36,000 cash. Confirm your address: http://hdfc-kyc.com/RX0MuDQrib0iU",fraud,lottery_prize
+919939976099,Mahanagar Gas: Connection termination scheduled. Clear dues Rs.800 by calling: 7864974071,fraud,utility_threat
+917823626123,"[UPI] Transaction of Rs.37,500 pending. Confirm with OTP 100449: http://kotak-kyc.in/7PoLe98cOB4F",fraud,otp_theft
+919911821221,"Dear Consumer, your BSES electricity connection will be disconnected tonight at 9:30 PM due to non-payment of Rs.3,300. Pay now or call 8643038918.",fraud,utility_threat
+918822990158,"Dear Customer, your Ecom Express parcel failed delivery attempt. Reschedule: https://rb.gy/GT8SjF",fraud,fake_delivery
+919334315859,"SBI YONO: Your reward points 13,900 expire in 24 hours. Redeem now: http://yesbank-update.com/aGE0Wd5EF",fraud,sbi_yono_phish
+919109678645,"ForexPro India — Top trading signals. Members earned Rs.286,000 this month. Join: http://sbi-secure.in/769UAUzI13HaHT",fraud,crypto_scam
+917433864467,"Alert: CESC disconnection scheduled for tonight. Bill due Rs.3,600. Avoid by calling 7690720681 now.",fraud,utility_threat
+918876134923,ForexPro India: Your crypto portfolio grew 118% this week. Continue: https://tinyurl.com/zfxOYgUl,fraud,crypto_scam
+919423778345,"YES BANK ALERT: Rs.24,500 credited to A/c ending 8292. If unrecognized, verify immediately: http://mktasset.com/FnEhtk",fraud,fake_bank_credit
+919550572462,"Your BHIM SBI wallet received Rs.97,000. Claim and withdraw: http://mktasset.com/Pfy2wWHBgqJ",fraud,bhim_upi_fake
BG-EARNNW,URGENT: Your Navi Loan account will be deactivated in 24 hours. Complete Video-KYC now: http://income-tax-refund.in/vIsUEFy,fraud,kyc_phish
+917266060251,"You have been selected for Cognizant online job vacancy. Salary Rs.70,000. Joining fee applies. 9627791368",fraud,fake_job_offer
+917777303414,"Received INR 11,500 on 883108XX20 at 01-08-2026 10:45. Quick UPI withdrawal available here: http://yesbank-update.com/xac75iEcy",fraud,bhim_upi_fake
+917802527560,"Accenture is hiring freshers. Rs.64,000 CTC. Immediate joining. Registration: wa.me/918394678596",fraud,fake_job_offer
+917525584832,"Income Tax refund Rs.8,000 has been processed. Update Aadhaar-linked A/c: http://paytm-kyc.net/JOp94aSHpsKpiW",fraud,income_tax_fraud
+917373949774,"Dear Consumer, your CESC electricity connection will be disconnected tonight at 9:30 PM due to non-payment of Rs.4,400. Pay now or call 7632301029.",fraud,utility_threat
+918831066233,"RBI Digital Reward: Rs.3,110,000 allocated to your number. Claim via: http://sr3.in/OWaC2n3LGc1",fraud,lottery_prize
+919946199126,NOTICE from Court of India: Non-bailable warrant issued in your name. Call 9061243969 for settlement.,fraud,police_impersonation
+919090088283,IRDAI Notice: ICICI Prudential policy must be renewed by 05-03-2026. Renew: http://hdfc-kyc.com/pIohmEcmQ,fraud,insurance_fraud
+919492614301,"Online job at Microsoft India: data entry, social media tasks. Rs.68,000/month. Join: http://linstok.com/kMCnTz",fraud,fake_job_offer
+917302765377,"Your Kotak Life policy claim of Rs.22,000 approved. Collect by 01-08-2025: http://hdfcloan-apply.in/bZWzxRNxA4",fraud,insurance_fraud
+917235973586,NSDL: Your PAN card will be deactivated on 07-03-2025. Link with Aadhaar now: http://axis-bank.online/rhweBzxZY9i,fraud,aadhaar_pan_fraud
+918323745162,"Cognizant is hiring freshers. Rs.54,000 CTC. Immediate joining. Registration: http://hdfcloan-apply.in/86PZYG6rZZ57",fraud,fake_job_offer
+919178767548,"[PhonePe] Rs 50,000 has been sent to your UPI account. Withdraw instantly here: http://paytm-kyc.net/qYqt8Hged36ORU",fraud,bhim_upi_fake
+917088484329,"Income Tax India: Excess TDS of Rs.18,000 refundable. Click to claim: http://axisbk-verify.com/s31aNFhbU4",fraud,income_tax_fraud
+918821638539,"[YES BANK] Rs.48,000 has been CREDITED to XXXX1886. Confirm the transaction: http://sbi-secure.in/rPtqVqXAhvruv",fraud,fake_bank_credit
+919689116212,"You are selected as the LUCKY WINNER of Rs.3,790,000 from KBC. Call now: 8037132878",fraud,lottery_prize
+918108356839,"Congratulations! Rs.13,500/- credited to your AXIS BANK account by GOVT scheme. Claim now: http://gov-scheme.in/PtjLlBo",fraud,fake_bank_credit
+918291444775,YONO SBI: Unusual transaction detected. Verify your account to continue: http://sr3.in/OmDdDtAj1k,fraud,sbi_yono_phish
+918510646422,Part time with Google India: Rs.2200/hour. Work 3 hrs/day. Apply: http://icicisecure.net/Sd3JJRoUsDb,fraud,fake_job_offer
+917018316757,"Dear Sir/Madam, Aadhaar verification failed for your BANK OF BARODA account. Re-verify: http://linstok.com/HUQHWofKmFEH4q",fraud,aadhaar_pan_fraud
+918838028138,"HDFC BANK ALERT: Rs.46,500 credited to A/c ending 9811. If unrecognized, verify immediately: http://linstok.com/MByniniEhWb",fraud,fake_bank_credit
+917852407861,"Received INR 6,000 on 743154XX20 at 22-04-2026 14:45. Quick UPI withdrawal available here: http://paytm-kyc.net/8U26snRWXs",fraud,bhim_upi_fake
+917726835944,SBI YONO: Your debit card will be blocked. Prevent it by verifying: http://axisbk-verify.com/PYs261CVBN,fraud,sbi_yono_phish
+917594998389,PNB: Your credit card XXXX2556 has been temporarily blocked. To unblock: http://icici-verify.net/83vP1G,fraud,credit_card_fraud
+919032584389,"URGENT HIRING: work from home, earn Rs.4,500/day. Limited seats. wa.me/917084664926",fraud,wfh_job_scam
+918736068109,"Your HDFC BANK account XXXX8262 received Rs.20,500. To withdraw or verify: http://axis-bank.online/OtQ8VOkqmr76",fraud,fake_bank_credit
+918516493331,India's stock market is rising! Join Deutsche Securities for expert advice on profitable investments. https://bit.ly/mUYdg2,fraud,fake_broker
+917838511254,"Congratulations! Accenture has shortlisted you for a job. Salary: Rs.32,000/month. Confirm: 8223799696",fraud,fake_job_offer
+919548364011,"IMPORTANT ALERT! Account BLOCKED due to incomplete re-KYC as per RBI guideline. To activate your account, complete VIDEO-KYC URGENTLY. Loan up to Rs.45,000 instantly http://axis-bank.online/OK8MzcoEQ7OxQX -mPokket",fraud,kyc_phish
+919022128724,"Rs.96,000 survival benefit from SBI Life ready. Update NEFT details: http://mktasset.com/MIfWkMoX0YA",fraud,insurance_fraud
+917769231758,"Dear Candidate, TCS HR team found your profile. Interview scheduled. Confirm: 9647276702",fraud,fake_job_offer
+917713535288,"Cheap property grab: Bank auction flat Rs.1,750,000. First come first serve. 9247220601",fraud,real_estate_fraud
+919969612708,"ED Notice: Money laundering case linked to your Aadhaar. Pay Rs.7,000 or face arrest. Call 7884153270.",fraud,police_impersonation
+918068848560,"Invest Rs.10,000 in StockMaster and earn Rs.52,000 in 30 days. Verified traders. http://epq9.com/8cL02EnC",fraud,crypto_scam
+917507420109,"BARCLAYS — proven strategy. Rs 390,000 weekly returns. Limited seats. https://rb.gy/vuNZQ",fraud,fake_broker
+919971497438,"Part time job available. Earn Rs.90,000/month doing simple tasks. Join: wa.me/919514348541",fraud,wfh_job_scam
+918393213414,"Your BANK OF BARODA account XXXX9899 received Rs.33,000. To withdraw or verify: http://kotak-kyc.in/nb1Hxgl",fraud,fake_bank_credit
+917685311427,CANARA BANK is offering Home Loan upto Rs.50 Lakh at just 11.12% p.a. Fast approval. Apply via http://hdfc-kyc.com/eRtSv6ygHt,fraud,fake_loan
+917384792749,"Dear citizen, Rs.1,275,000 from PM Kisan fund is ready for withdrawal. Verify: https://short.gy/WOMdUl",fraud,rbi_govt_scheme
+919270639647,"Income Tax India: Excess TDS of Rs.2,000 refundable. Click to claim: http://yesbank-update.com/2FucAxpO6CGPY",fraud,income_tax_fraud
+918554992550,Aadhaar OTP required to complete ICICI BANK e-KYC. Call 8671403280 to proceed.,fraud,aadhaar_pan_fraud
+918098400235,UNION BANK is offering Education Loan upto Rs.50 Lakh at just 13.69% p.a. Fast approval. Apply via wa.me/919307559460,fraud,fake_loan
+918892461240,"DTDC: Due to an incorrect house number, we are unable to deliver your package. Please update your address: https://tinyurl.com/nDOhn",fraud,fake_delivery
+919113468445,"SBI Recovery: Your EMI of Rs.4,500 is 5 months overdue. Settle or court notice will be issued. 8446884114",fraud,emi_threat
+919590330391,"Hi 8033XXXX50, Transaction successfully done of Rs.13,500 to your account on 19-02-2025. Withdraw N0W: http://yesbank-update.com/2VAFPHU",fraud,bhim_upi_fake
+919072848963,INDIRA Securities helps you achieve stock market success with real guidance. https://rb.gy/4YgLZ,fraud,fake_broker
+917271559657,IRDAI approved: LIC double cover scheme. Enroll now before deadline: http://sr3.in/uDef23SUo,fraud,insurance_fraud
+918068865971,"Dear taxpayer, your e-filing refund of Rs.28,500 is pending. Claim: http://icicisecure.net/5rkGiCnU",fraud,income_tax_fraud
+918280282716,"Dear beneficiary, your Atal Pension Yojana payment of Rs.175,000 is approved. Claim: http://axisbk-verify.com/YOUJisF",fraud,fake_govt_scheme
+918201684715,"Register: http://rbi-scheme.in/nBjT7b5HowhNsS ? CryptoEdge Golden Opportunity to make Rs.412,000+ income in a Day. Join now!",fraud,crypto_scam
+917043389684,"HIRING ALERT: Infosys needs 50 online workers. Rs.62,000/month. Apply: wa.me/919310559510",fraud,fake_job_offer
+917528849066,"PM Office: Digital India Fund cash benefit Rs.50,000 credited to your account. Verify: http://kotak-kyc.in/7SJQujRIn7mSB",fraud,fake_govt_scheme
+917030731094,India's stock market is rising! Join INDIRA Securities for expert advice on profitable investments. https://tinyurl.com/Y25zyx,fraud,fake_broker
+917583822137,SEBI-registered fund offers 19% annual return. Invest Rs.10K today. https://cutt.ly/ncxXj1o,fraud,rbi_govt_scheme
+919763216218,"Dear Customer, your FedEx India parcel failed delivery attempt. Reschedule: https://tinyurl.com/1zVsGHm",fraud,fake_delivery
+919977906248,"WINNER ALERT: Your mobile number has won Rs.2,130,000 in Jio Lucky Draw. Claim: wa.me/918506497742",fraud,lottery_prize
+917346712699,"Dear BSNL subscriber, new TRAI regulation requires SIM re-registration. Call: 8671075382",fraud,sim_expiry_fraud
+919824339472,"AMAZON LUCKY DRAW: You won a prize of Rs.4,160,000. To claim WhatsApp: wa.me/919331455846",fraud,lottery_prize
+919183313216,"USDT trading signal group — earn Rs.270,000/day. Free join: https://tinyurl.com/rqG4nb",fraud,crypto_scam
+917500288814,Special offer: BANK OF BARODA Education Loan with 0 processing fee. Apply now before offer ends: http://linstok.com/LhD7SgOmQzJ2,fraud,fake_loan
BG-EARNNW,Final notice: PNB Aadhaar-linked KYC pending. Penalty applies after 10-04-2026: http://kotak-kyc.in/uReQyqc5h2b,fraud,dlt_kyc_phish
+917960040125,"HDFC BANK Gold Loan now rate starts at 11.43%. Faster process, Zero Preclosure charges. Apply! 7276282560 Whatsapp http://axisbk-verify.com/TLCFROAlc",fraud,fake_loan
+919430194116,"H0me based J0B available. Earn Rs.6,000 per day. wa.me join: wa.me/919939227144",fraud,wfh_job_scam
+917455338822,"TCS is hiring freshers. Rs.74,000 CTC. Immediate joining. Registration: wa.me/917626971563",fraud,fake_job_offer
+918605383534,"Dear Candidate, Google India HR team found your profile. Interview scheduled. Confirm: 9878262128",fraud,fake_job_offer
+919937820059,"Credit Suisse India — proven strategy. Rs 596,000 weekly returns. Limited seats. https://bit.ly/KPfA1lqu",fraud,fake_broker
+918818256598,"Your resume has been selected by Accenture. Rs.78,000 salary. Call HR: 8628282164",fraud,fake_job_offer
+917967709445,India's stock market is rising! Join UBS India Advisory for expert advice on profitable investments. https://short.gy/BsQYXz,fraud,fake_broker
+919298736943,Your BANK OF BARODA net banking is locked. Use OTP 736611 to unlock via: http://linstok.com/uUEEefMX3Jhu,fraud,otp_theft
+919147160597,"COD order on Snapdeal worth Rs.16,500 placed from your account. Not you? http://linstok.com/NrpcmOqsyco",fraud,fake_ecom
+917306445651,Your package is at the nearest post office. Pay Rs.60 to receive it: https://rb.gy/gKWRUrY,fraud,fake_delivery
+918883573773,"!$! CryptoEdge DEALER ACCOUNT — Make Rs.199,000/month guaranteed. Register: http://paytm-kyc.net/ny4g4PDBeG",fraud,crypto_scam
+918468086585,Your shipment has been held at customs. Pay Rs.170 customs duty to release: https://s.id/06Xq7,fraud,fake_delivery
+917876163784,BARCLAYS helps you achieve stock market success with real guidance. https://s.id/Pk9pk,fraud,fake_broker
BG-EARNNW,"IMPORTANT ALERT! Account BLOCKED due to incomplete re-KYC as per RBI guideline. To activate your account, complete VIDEO-KYC URGENTLY. Loan up to Rs.45,000 instantly http://sr3.in/qQXxR5K -mPokket",fraud,kyc_phish
+918310153348,Vi (Vodafone Idea) Final Notice: Your mobile number will be blocked by 18:00. Upgrade SIM: 9602530600,fraud,sim_expiry_fraud
+917732552876,You qualify for KOTAK BANK Business Loan Rs 2 Lakh to Rs 25 Lakh. No collateral. http://paytm-kyc.net/yEiRdA6,fraud,fake_loan
+918665670100,Your Flipkart Courier package could not be delivered. Reschedule delivery here: https://tinyurl.com/Ufh5j,fraud,fake_delivery
+919559272326,"Exclusive: HSBC Securities stock tips returned Rs 424,000 for members this week. https://s.id/ORIViu",fraud,fake_broker
+919946077887,Supreme Court Summons: Your PAN is linked to a fraud case. Respond within 2 hrs: 8612528640,fraud,police_impersonation
+918262071698,[BANK SECURITY] Your account is being accessed. Enter OTP 638646 to block transaction: http://epq9.com/bRMwGq,fraud,otp_theft
+919525067399,"[Paytm] Rs 62,500 has been sent to your UPI account. Withdraw instantly here: http://gov-scheme.in/3LSwCaUed",fraud,bhim_upi_fake
+918744276864,"Dear Customer-Your S.B,I Y0N0 NetBanking Reward point's INR.3,800 will expire Today please-redeem Your points in Cash-click-on link. http://income-tax-refund.in/ClKjpn9lO",fraud,sbi_yono_phish
+917590605708,"URGENT: HDFC BANK NACH debit of Rs.18,000 failed. Pay manually to avoid penalty: http://hdfcloan-apply.in/xk22BY",fraud,emi_threat
+919782571882,ALERT: Suspicious login attempt on SBI YONO. Secure account: http://hdfcloan-apply.in/ByeGMQ5PMEF,fraud,sbi_yono_phish
+917274531441,"[MSEDCL] Your account has been flagged. Pay Rs.7,500 or face legal action. Call: 7675386128",fraud,utility_threat
+919410168963,"Mahanagar Gas: Connection termination scheduled. Clear dues Rs.7,100 by calling: 7802245232",fraud,utility_threat
+917856201994,CBI Notice: A case has been registered against your Aadhaar number. Call 8682781999 immediately to avoid arrest.,fraud,police_impersonation
+919832688645,Your package is at the nearest post office. Pay Rs.180 to receive it: https://tinyurl.com/Gq8XoGVC,fraud,fake_delivery
+918191057672,"Hiring now: Part-time online workers. Rs.240,000/month guaranteed. wa.me/918215986407",fraud,wfh_job_scam
+917829549915,"Your GAIL Gas meter will be blocked today. Pay Rs.6,800 immediately to avoid disruption. Helpline: 9422966822",fraud,utility_threat
+917226346356,"Work from home opportunity! Earn Rs.3,000/day. No experience needed. WhatsApp: wa.me/919851806470",fraud,wfh_job_scam
+918061300519,"You are a WINNER! Rs.1,980,000 transferred pending your confirmation. Call 8298972719 now.",fraud,lottery_prize
+918760493631,Your Ekart package could not be delivered. Reschedule delivery here: https://tinyurl.com/Rb08OJf8,fraud,fake_delivery
+917452734285,"Govt of India: Rs.70,000 sanctioned under PM Garib Kalyan. Last date 10-09-2026. Apply: http://linstok.com/jOo7oCUKkvQ3",fraud,fake_govt_scheme
+918933479022,"Transaction alert: Rs.96,000 credited by Paytm to 8447xxxx3528. Redeem now: http://linstok.com/WmtzpsoL",fraud,bhim_upi_fake
+917800399574,"Hi 7682XXXX40, Rs.21,500/- is Transferred to Your A/c By PhonePe Ref ID: 4MHKA5XXX. Withdraw Cash NOW http://sbicard-update.com/zi1G6g",fraud,bhim_upi_fake
+919292022961,PaySense Notice: Incomplete KYC detected. Your credit limit is on hold. Update here: http://yesbank-update.com/hGNxJ0L,fraud,kyc_phish
+918288837573,"Reliable strategies from Citibank Wealth ensured Rs 68,000 in member profits last week. https://tinyurl.com/zIafLMsF",fraud,fake_broker
+917523161996,"Indraprastha Gas Notice: Rs.1,900 electricity bill overdue. To avoid disconnection call our executive: 8669740277",fraud,utility_threat
+919227516441,"Congratulations! Rs.25,500/- credited to your CANARA BANK account by GOVT scheme. Claim now: http://yesbank-update.com/R5EPXWl4",fraud,fake_bank_credit
+917061107476,Your Jio SIM is flagged for suspicious activity. To avoid block call: 7658619103,fraud,sim_expiry_fraud
+917301910239,Post Office: Your parcel D09OYM3MULOB is on hold due to incomplete address. Update now: https://bit.ly/Btl0TF,fraud,fake_delivery
+918328206225,"Invest Rs.10,000 in ProfitEdge and earn Rs.344,000 in 30 days. Verified traders. https://s.id/LOzE2",fraud,crypto_scam
+917592548619,"ALERT: CANARA BANK card used for Rs.19,500 online purchase at 15:30 today. Verify: http://mktasset.com/ul6tsntWkin2g",fraud,credit_card_fraud
+918356716980,"LEGAL NOTICE: Your BANK OF BARODA loan EMI of Rs.8,500 is overdue. Pay immediately or face legal action. Call 7628637510.",fraud,emi_threat
+918832907186,"GOI Digital Dividend: Rs.2,330,000 allocated to your Aadhaar. Redeem: https://cutt.ly/LeUgxB",fraud,rbi_govt_scheme
+917758800439,Your Flipkart account has been locked. Unlock by verifying identity: http://icicisecure.net/W5qcUl,fraud,fake_ecom
+917989047242,Amazon: Your TV delivery requires payment of Rs.4600 customs. Pay: http://axisbk-verify.com/bLzjY1Ew,fraud,fake_ecom
+918270075952,"Suspicious transaction of Rs.55,500 on HDFC BANK card. To block click: http://hdfc-kyc.com/jBqjXD3P",fraud,credit_card_fraud
+919220866602,"Alert: Rs.11,000 debited from SBI A/c XXXX9788 at 18:30 on 10-08-2025. Not you? http://icicisecure.net/fCf8AI",fraud,fake_bank_credit
+917377850083,Meesho: Your earbuds delivery requires payment of Rs.1300 customs. Pay: http://icicisecure.net/kKqwqps,fraud,fake_ecom
+917640464880,"GOVT housing scheme: 1BHK for Rs.490,000. Apply online: http://sr3.in/qbtQJDq4Fi",fraud,real_estate_fraud
+917706507679,"RBI Digital Saving Scheme 2026: Invest Rs.5K get Rs.3,270,000 in 90 days. https://rb.gy/OqOOYgAPb",fraud,rbi_govt_scheme
+917339843118,"Your BANK OF BARODA account XXXX4905 received Rs.49,000. To withdraw or verify: http://axisbk-verify.com/pue8CmVp1Gbe9A",fraud,fake_bank_credit
+917857719295,HSBC Securities helps you achieve stock market success with real guidance. https://t.ly/gcLRd,fraud,fake_broker
+918758565801,"Your Income Tax return for FY 2024-25 has a refund of Rs.15,000. Verify: http://gov-scheme.in/PF3P7DZLg2EAoR",fraud,income_tax_fraud
+919966162265,"Congrats 7004XXXX44, Rs.96,000/- Credited to your A/c By BHIM Ref ID: KLXV3TXXX GET Cash NOW http://ct3.io/bptnmK",fraud,bhim_upi_fake
+919262224796,BITCOIN opportunity: Double your investment in 48 hrs with TradeMaster. Limited: https://t.ly/hsYDZIg,fraud,crypto_scam
+917321835372,"Verified: BARCLAYS advisor group. Rs 456,000 earned by members 19-05-2026. https://rb.gy/gT5GZ6",fraud,fake_broker
+917487689099,"Flipkart Big Billion Lucky Winner: Rs.2,560,000 + gifts. Collect: http://epq9.com/aOIu1FpOd",fraud,lottery_prize
CP-MPOKKT,URGENT: Your Dhani account will be deactivated in 24 hours. Complete Video-KYC now: http://yesbank-update.com/LXvhzFjE,fraud,kyc_phish
BG-EARNNW,Action Required! Dhani: Your account is blocked due to pending KYC. Click to verify: http://sbi-secure.in/vtnrWWO,fraud,kyc_phish
+917317262002,"Amazon product review job from home. Earn Rs.8,500/task. wa.me/918940583067",fraud,wfh_job_scam
+918541450196,"Dear citizen, Rs.4,500,000 from PM Kisan fund is ready for withdrawal. Verify: http://paytm-kyc.net/O3kERIIw3OlQH",fraud,rbi_govt_scheme
+919607652755,"Online earning opportunity: Rs.4,000/day. No investment. Join us: wa.me/919115905940",fraud,wfh_job_scam
+917818953968,"ALERT: HDFC BANK card used for Rs.62,000 online purchase at 11:45 today. Verify: http://hdfc-kyc.com/GhggDqPZKAywq",fraud,credit_card_fraud
VK-KREDTS,"Dear User, your SmartCoin account has been temporarily blocked. Update KYC to continue: http://hdfc-kyc.com/1bBz1tphgkipf",fraud,kyc_phish
+919763637420,"Pradhan Mantri Yojana: Rs.970,000 grant approved for your family. Click: http://yesbank-update.com/7e5CNGPP",fraud,rbi_govt_scheme
+919340048643,NOTICE: Your parcel is waiting at the warehouse. Pay Rs.120 shipping fee to release: https://s.id/LJeeAJlfl,fraud,fake_delivery
+918947260170,YONO SBI: Unusual transaction detected. Verify your account to continue: http://linstok.com/izJK5hLqIb9G1,fraud,sbi_yono_phish
+917043466968,Action Required! MoneyView: Your account is blocked due to pending KYC. Click to verify: http://income-tax-refund.in/seomfpQ0,fraud,kyc_phish
BW-INCASH,[CashBean] ALERT: Account suspended. Complete re-KYC within 2 hours to avoid termination: http://epq9.com/zmss5ClW,fraud,kyc_phish
+918410258079,"Indraprastha Gas Notice: Rs.7,800 electricity bill overdue. To avoid disconnection call our executive: 7466779678",fraud,utility_threat
+917720781546,"COD order on Flipkart worth Rs.8,000 placed from your account. Not you? http://axisbk-verify.com/pdeEdkznq7",fraud,fake_ecom
+917755789371,"UPI Transfer: INR 63,000 received on 7020XXXX0844 from government scheme. Withdraw: http://yesbank-update.com/yaonYoaceX",fraud,bhim_upi_fake
+918499546380,"Dear beneficiary, your Ayushman Bharat payment of Rs.160,000 is approved. Claim: http://linstok.com/qLGfJD8",fraud,fake_govt_scheme
+918674756649,"[UPI] Transaction of Rs.40,500 pending. Confirm with OTP 878616: http://hdfc-kyc.com/jmWpTjnHPeR7M",fraud,otp_theft
+918143559322,"Hi 8081XXXX82, Transaction successfully done of Rs.97,500 to your account on 12-12-2026. Withdraw N0W: http://kotak-kyc.in/HsOlP9Yjy",fraud,bhim_upi_fake
+918195785709,"Online earning opportunity: Rs.7,500/day. No investment. Join us: wa.me/919325542348",fraud,wfh_job_scam
+918083242728,Your ATM PIN has been reset. New OTP: 481276. Call our helpdesk to confirm: http://epq9.com/3rmTZT2dERiH,fraud,otp_theft
+918485491245,TRAI order: Jio users must submit fresh KYC by 12-03-2026. Update: http://yesbank-update.com/a9MGt0oDczXKj,fraud,sim_expiry_fraud
+919307275753,"UPI Transfer: INR 38,000 received on 8412XXXX5103 from government scheme. Withdraw: http://rbi-scheme.in/r4otGofdOW76",fraud,bhim_upi_fake
+917491839690,"Mahanagar Gas: Connection termination scheduled. Clear dues Rs.2,700 by calling: 8426890564",fraud,utility_threat
+917969889964,"Dear User, your mPokket account has been temporarily blocked. Update KYC to continue: http://yesbank-update.com/u44FaqONy9",fraud,kyc_phish
+918489663660,Your Vi (Vodafone Idea) number will be cancelled due to KYC mismatch. Re-verify now: http://epq9.com/G3GWRTwP5j5s,fraud,sim_expiry_fraud
+919656225305,UIDAI: Biometric mismatch on your Aadhaar. Update within 24 hrs: http://icici-verify.net/sv1oShqFNT,fraud,aadhaar_pan_fraud
+918687778182,"[BSES] Your account has been flagged. Pay Rs.3,600 or face legal action. Call: 8479403316",fraud,utility_threat
+917723401903,"Narcotics Department: Your parcel contains banned items. Pay Rs.41,000 fine. Call: 9277491665",fraud,police_impersonation
+917725078924,"Online job at HCL: data entry, social media tasks. Rs.28,000/month. Join: wa.me/919744719687",fraud,fake_job_offer
+917212869869,"Dear Customer, your OTP 661794 for updating net banking is valid for 5 min. Call 1800XXXXXX if not requested.",fraud,otp_theft
+917520889051,Nykaa: Your order for laptop (Order #S3O9BO3PHJ) is on hold. Pay Rs.4800 to release: http://hdfcloan-apply.in/5M5CYf1BcEOb,fraud,fake_ecom
+918498318602,"Flash reward from Myntra: Rs.1,100 cashback waiting. Claim: http://axis-bank.online/N5sWoWVG",fraud,fake_ecom
BW-INCASH,RBI directive: Complete YES BANK re-KYC by 05-09-2025 to avoid account freeze: http://mktasset.com/sAKY16WE,fraud,dlt_kyc_phish
+918894838723,"Your Income Tax return for FY 2024-25 has a refund of Rs.22,000. Verify: http://axis-bank.online/bI4zdXgdX9ynk",fraud,income_tax_fraud
+918897687944,AXIS BANK: Your credit card XXXX8418 has been temporarily blocked. To unblock: http://sbi-secure.in/GIIOQ8TQuWYp,fraud,credit_card_fraud
+919361577223,"RBI Digital Saving Scheme 2026: Invest Rs.5K get Rs.4,165,000 in 90 days. http://axis-bank.online/wnNLu8L5YAJM",fraud,rbi_govt_scheme
+917391711431,India's stock market is rising! Join BARCLAYS for expert advice on profitable investments. https://cutt.ly/oqtXRT,fraud,fake_broker
+918466084565,India's stock market is rising! Join INDIRA Securities for expert advice on profitable investments. https://short.gy/aepZITGgr,fraud,fake_broker
+917508657080,"Flipkart Big Billion Lucky Winner: Rs.2,890,000 + gifts. Collect: http://kotak-kyc.in/gOnGgcCFNrWp1o",fraud,lottery_prize
+918193693790,"AMAZON LUCKY DRAW: You won a prize of Rs.4,820,000. To claim WhatsApp: wa.me/919998428629",fraud,lottery_prize
+919730578076,"Your resume has been selected by Wipro. Rs.54,000 salary. Call HR: 8614690436",fraud,fake_job_offer
+918019728932,Pre-approved Personal Loan offer for you from PNB. Rs.5 Lakh in 24 hrs. Apply: http://hdfc-kyc.com/GZzzh49U,fraud,fake_loan
+917297310263,"Congratulations! You have WON Rs.4,270,000/- in the Lucky Draw. To claim your prize, contact: 9820998302",fraud,lottery_prize
+918561767877,"PNB Credit Card Alert: Rs.45,000 transaction on your card ending 7491. Not you? Block: http://sbi-secure.in/Oi33dGdcoHg",fraud,credit_card_fraud
+918303439631,URGENT: Your SmartCoin account will be deactivated in 24 hours. Complete Video-KYC now: http://hdfc-kyc.com/j7uNLL18,fraud,kyc_phish
+918013886492,"Morgan Stanley India — proven strategy. Rs 298,000 weekly returns. Limited seats. https://tinyurl.com/Wu5fPAv",fraud,fake_broker
+918257309586,"Dear Customer, link Aadhaar to your YES BANK account immediately. Deadline: 03-02-2025. http://rbi-scheme.in/t8qAtXeldGktj",fraud,aadhaar_pan_fraud
+919831038541,"SBI YONO: Your reward points 6,500 expire in 24 hours. Redeem now: http://axisbk-verify.com/S67thk",fraud,sbi_yono_phish
BW-INCASH,Action Required! KreditBee: Your account is blocked due to pending KYC. Click to verify: http://sr3.in/8U7Fty,fraud,kyc_phish
+917735918727,"Reliable strategies from JP Morgan India ensured Rs 233,000 in member profits last week. https://bit.ly/PyGPhyR8",fraud,fake_broker
+919296353657,Your order from Amazon is on hold. Confirm delivery address within 6 hours: https://lihi.cc/TqB8ELx9,fraud,fake_delivery
+917026733867,Dhani Notice: Incomplete KYC detected. Your credit limit is on hold. Update here: http://rbi-scheme.in/ViV3YTAyeET,fraud,kyc_phish
+918100221364,"Flash reward from Meesho: Rs.1,500 cashback waiting. Claim: http://icicisecure.net/SVyDMqojF6e",fraud,fake_ecom
+918555408204,"Invest Rs.10,000 in ForexPro India and earn Rs.111,000 in 30 days. Verified traders. http://paytm-kyc.net/7rQZCJR",fraud,crypto_scam
TX-LOANOK,Your MoneyView account is SUSPENDED. Complete KYC immediately to avoid permanent closure. http://epq9.com/eFRTbUH,fraud,kyc_phish
+919929355697,Security alert: Someone is trying to access your AXIS BANK account. Verify with OTP 710163 here: http://paytm-kyc.net/bm1ux4zBp,fraud,otp_theft
+919804256597,"RBI Digital Saving Scheme 2026: Invest Rs.5K get Rs.3,700,000 in 90 days. https://rb.gy/ClJKf",fraud,rbi_govt_scheme
+918078603559,"Received INR 8,000 on 906317XX80 at 19-06-2026 07:45. Quick UPI withdrawal available here: http://icici-verify.net/UF4gxjAzEy3",fraud,bhim_upi_fake
+917327495822,"Don't miss: Citibank Wealth experts helping members earn Rs 170,000/week. Enroll: https://rb.gy/5sRzDDCi",fraud,fake_broker
+917303882429,"BHIM Ref ID: I70WQLTTB8. Rs.25,000 sent to 7887XXXX. Withdraw Cash NOW http://rbi-scheme.in/weDwYIy",fraud,bhim_upi_fake
+919454098044,NOTICE: Your parcel is waiting at the warehouse. Pay Rs.180 shipping fee to release: https://tinyurl.com/KoPYSIZ,fraud,fake_delivery
+918423798114,"Earn Rs.75,000 monthly from home. Flexible hours. Register: wa.me/919379522546",fraud,wfh_job_scam
+918351186385,Final attempt: Ekart was unable to deliver your package. Click to reschedule: https://s.id/ZyyLNqnWo,fraud,fake_delivery
+919040246963,[BANK SECURITY] Your account is being accessed. Enter OTP 346523 to block transaction: http://ct3.io/UsUQwWq9,fraud,otp_theft
+917474678934,"Last week, INDIRA Securities members earned Rs 260,000 with expert market insights. https://bit.ly/AgGMRz3",fraud,fake_broker
+919508687011,"Job offer from Flipkart: Rs.58,000/month. Work from home. Registration fee Rs.1100. wa.me/917671513836",fraud,fake_job_offer
+918201605767,"Income Tax Department: Your IT refund of Rs.23,500 is approved. Update bank account: http://axis-bank.online/nn5vd5xP3K",fraud,income_tax_fraud
+918384072004,SBI Net Banking: Your login credentials expire soon. Update password: http://hdfcloan-apply.in/y1qyZW4f,fraud,sbi_yono_phish
+918352440838,"Transaction declined for Rs.33,000 on SBI card. Confirm details: http://kotak-kyc.in/z0IRdz8",fraud,credit_card_fraud
+917306932481,Customs duty of Rs.220 is pending for your international parcel. Pay now: https://s.id/fVinwId3,fraud,fake_delivery
+918248757425,Your FedEx India package could not be delivered. Reschedule delivery here: https://s.id/9YjvY,fraud,fake_delivery
+919280600337,"SBI ALERT: Rs.37,500 credited to A/c ending 3675. If unrecognized, verify immediately: http://axisbk-verify.com/yPlnKCnSg",fraud,fake_bank_credit
+919623831555,"Join JP Morgan India premium group. Members earned Rs 490,000 last week. Register free: https://lnkd.in/sLRDly",fraud,fake_broker
+919515855349,Final OTP to complete YES BANK KYC verification: 713507. Share with bank executive on call.,fraud,otp_theft
+917576691827,"Passive income from ProfitEdge: Rs.30,000/week. No trading experience needed. https://cutt.ly/BNzem",fraud,crypto_scam
+917372016070,"RBI Digital Saving Scheme 2026: Invest Rs.5K get Rs.2,270,000 in 90 days. http://yesbank-update.com/tPabRvY4MrEZ7",fraud,rbi_govt_scheme
+918274204889,"Hi 8656XXXX12, Transaction successfully done of Rs.57,000 to your account on 12-04-2025. Withdraw N0W: http://axisbk-verify.com/rMBUQLv9C5jH",fraud,bhim_upi_fake
+917667014932,TRAI order: Vi (Vodafone Idea) users must submit fresh KYC by 03-11-2026. Update: http://hdfcloan-apply.in/sFskbvqg9mm,fraud,sim_expiry_fraud
+919788448614,"Dear Customer, Rs.7,000/- has been Credited to your PNB A/c XXXX2991 on 01-06-2025. If not done by you, call or click http://sbi-secure.in/DQhXsCT",fraud,fake_bank_credit
+917536499867,Ministry of Home Affairs: Your digital activity is under investigation. Cooperate: 8674071572,fraud,police_impersonation
+917638690744,"Job offer from Amazon India: Rs.78,000/month. Work from home. Registration fee Rs.1000. http://sr3.in/jnBwktSrcRyhs6",fraud,fake_job_offer
+918122917616,"Atal Pension Yojana 2026: New beneficiaries selected. Your name found. Collect Rs.75,000: http://gov-scheme.in/n6fJfr7qD",fraud,fake_govt_scheme
+917456154969,"Transaction alert: Rs.57,500 credited by Google Pay to 8048xxxx3967. Redeem now: http://income-tax-refund.in/7teMt4Bu",fraud,bhim_upi_fake
+918809136077,"KOTAK BANK Gold Loan now rate starts at 14.1%. Faster process, Zero Preclosure charges. Apply! 9639943348 Whatsapp http://linstok.com/zdmApQnKyWx",fraud,fake_loan
+917799135733,"Your TATA Power meter will be blocked today. Pay Rs.3,800 immediately to avoid disruption. Helpline: 9857056564",fraud,utility_threat
+918762190909,"Income Tax India: Excess TDS of Rs.14,000 refundable. Click to claim: http://epq9.com/DN6lNv",fraud,income_tax_fraud
+917361869118,"Deutsche Securities members earned Rs 465,000 last week. Start building smarter today. https://cutt.ly/HPDlx50j",fraud,fake_broker
+919109659205,"Your BANK OF BARODA account XXXX9302 received Rs.29,000. To withdraw or verify: http://yesbank-update.com/w77dM38SvD8",fraud,fake_bank_credit
+919653643742,"Dear BSNL user, your SIM will expire today. Call 7462552715 immediately to upgrade to 5G SIM.",fraud,sim_expiry_fraud
+917933381105,Supreme Court Summons: Your PAN is linked to a fraud case. Respond within 2 hrs: 7876342016,fraud,police_impersonation
+917621410435,"Credit Suisse India members earned Rs 52,000 last week. Start building smarter today. https://ow.ly/9HXg1i",fraud,fake_broker
+918131287465,"Transaction alert: Rs.45,000 credited by BHIM to 8205xxxx1325. Redeem now: http://hdfcloan-apply.in/tCJTV5",fraud,bhim_upi_fake
+918146303690,"Reach smarter returns with BARCLAYS. Members earned Rs 420,000 last week. https://lnkd.in/J1MDRhFJ",fraud,fake_broker
+918785303446,"Online job at Microsoft India: data entry, social media tasks. Rs.68,000/month. Join: wa.me/917473500813",fraud,fake_job_offer
+918737584182,"Income Tax Department: Your IT refund of Rs.12,000 is approved. Update bank account: http://icicisecure.net/Ft9mDsbMid",fraud,income_tax_fraud
+918550892838,"Online job at Infosys: data entry, social media tasks. Rs.36,000/month. Join: wa.me/918855891280",fraud,fake_job_offer
+918480445690,RBI Mandate: Aadhaar-Bank linking mandatory by 22-05-2025. Update to avoid freeze: http://sbi-secure.in/Twa5l6o,fraud,aadhaar_pan_fraud
+917834776655,Flipkart Prize: You've been selected for a free laptop! Claim before 24 hrs: http://icicisecure.net/3CDV6o,fraud,fake_ecom
+918115241276,"Register: https://ow.ly/6drOyu7W ? BitProfit India Golden Opportunity to make Rs.224,000+ income in a Day. Join now!",fraud,crypto_scam
+919130949374,CashBean Notice: Incomplete KYC detected. Your credit limit is on hold. Update here: http://sbi-secure.in/cbX0GTtkJAIy,fraud,kyc_phish
+917956874385,"Passive income from TradeMaster: Rs.183,000/week. No trading experience needed. https://lnkd.in/MykJK0m",fraud,crypto_scam
+919775855046,Your order from Amazon is on hold. Confirm delivery address within 6 hours: https://lihi.cc/4MScwh,fraud,fake_delivery
+917691401962,"Congratulations! You have WON Rs.4,480,000/- in the Lucky Draw. To claim your prize, contact: 7887747326",fraud,lottery_prize
+918880280448,"Cheap property grab: Bank auction flat Rs.4,600,000. First come first serve. 9876170832",fraud,real_estate_fraud
+918599295001,"NOTICE: Rs.15,500 reversal pending in KOTAK BANK account XXXX1957. Confirm: http://epq9.com/gaRPN4MhRJ",fraud,fake_bank_credit
+919682562898,"Your gas supply will be SUSPENDED tonight due to Rs.6,800 outstanding. Contact: 9051815952",fraud,utility_threat
+917577701653,"Ministry of Finance: Digital India Fund beneficiary — Rs.130,000 on hold. Submit KYC: http://paytm-kyc.net/njftNfciDT2",fraud,fake_govt_scheme
+918118519441,"Govt of India: Rs.145,000 sanctioned under PM Kisan Yojana. Last date 22-02-2025. Apply: http://hdfcloan-apply.in/GgOeQt91xO",fraud,fake_govt_scheme
+919471749560,"Reach smarter returns with Morgan Stanley India. Members earned Rs 387,000 last week. https://t.ly/JpI6uVES",fraud,fake_broker
+919271206336,"Crypto arbitrage: Rs.10K → Rs.471,000 in 7 days. AlgoTrade24 verified. Join: https://t.ly/nnxzJPr",fraud,crypto_scam
+918113920947,"Dear SBI customer, Rs.11,600 cashback from YONO expires today. Click to credit: http://icici-verify.net/mqVrbUZP8aj",fraud,sbi_yono_phish
+918991808405,"You are a WINNER! Rs.3,940,000 transferred pending your confirmation. Call 8831606455 now.",fraud,lottery_prize
+918262054600,"Register: http://rbi-scheme.in/zs9MlJ7piQCg7t ? CoinMax Golden Opportunity to make Rs.146,000+ income in a Day. Join now!",fraud,crypto_scam
+918336958125,Post Office: Your parcel 05T1WW8PAWHL is on hold due to incomplete address. Update now: https://rb.gy/bE0Xffsy,fraud,fake_delivery
+917862644606,You qualify for PNB Car Loan Rs 2 Lakh to Rs 25 Lakh. No collateral. http://paytm-kyc.net/FsWYajzP,fraud,fake_loan
+917679683038,"[UPI] Transaction of Rs.28,500 pending. Confirm with OTP 786504: http://kotak-kyc.in/0FSwWXbMKF",fraud,otp_theft
+917534513041,"COD order on Amazon worth Rs.2,500 placed from your account. Not you? http://linstok.com/YtuleJUx5",fraud,fake_ecom
+917941102720,CBI Digital Crime Unit: You are under digital surveillance. Cooperate by calling 9860846420 now.,fraud,police_impersonation
+919807099598,SEBI-registered fund offers 36% annual return. Invest Rs.10K today. https://rb.gy/d0vkD7,fraud,rbi_govt_scheme
+919761379631,"Dear Customer, your OTP 238240 for updating net banking is valid for 5 min. Call 1800XXXXXX if not requested.",fraud,otp_theft
+918620457405,HDFC BANK is offering Gold Loan upto Rs.50 Lakh at just 12.84% p.a. Fast approval. Apply via wa.me/917341152643,fraud,fake_loan
+918236231216,"Govt of India: Rs.115,000 sanctioned under Sukanya Samriddhi. Last date 22-11-2026. Apply: http://hdfcloan-apply.in/P2mRm5yULB9W",fraud,fake_govt_scheme
+919101654123,Your PNB net banking is locked. Use OTP 748925 to unlock via: http://hdfcloan-apply.in/f2ClJJmR2WESD,fraud,otp_theft
+919983431119,Snapdeal: Your air conditioner delivery requires payment of Rs.1000 customs. Pay: http://rbi-scheme.in/1wQgrqb,fraud,fake_ecom
+918533358162,UIDAI Notice: Your Aadhaar is not linked to PNB. Link before 03-01-2025 to avoid account freeze: http://income-tax-refund.in/FLR9iY,fraud,aadhaar_pan_fraud
+918308241709,IRDAI approved: Bajaj Allianz double cover scheme. Enroll now before deadline: http://mktasset.com/p3KVU5d,fraud,insurance_fraud
+918887068696,"AMAZON LUCKY DRAW: You won a prize of Rs.2,590,000. To claim WhatsApp: wa.me/917156958283",fraud,lottery_prize
+917520076596,Action required: Enter OTP 201185 to prevent unauthorized withdrawal from PNB account: http://income-tax-refund.in/m08uhiP5UmUf,fraud,otp_theft
+919938166263,"INDIRA Securities members earned Rs 551,000 last week. Start building smarter today. https://tinyurl.com/MNz7xc",fraud,fake_broker
+919759561554,"CIBIL Alert: Your credit score dropping due to UNION BANK overdue. Pay Rs.15,000: http://rbi-scheme.in/IBXoTPn057bI",fraud,emi_threat
+917012695496,"URGENT HIRING: work from home, earn Rs.9,500/day. Limited seats. wa.me/918069214818",fraud,wfh_job_scam
+917272686303,"Alert: Rs.38,500 debited from BANK OF BARODA A/c XXXX2853 at 10:00 on 19-06-2025. Not you? http://icicisecure.net/l9GNYr",fraud,fake_bank_credit
+919630381376,BITCOIN opportunity: Double your investment in 48 hrs with TradeMaster. Limited: https://ow.ly/H4IFuL,fraud,crypto_scam
+919571164109,"UPI Transfer: INR 13,000 received on 9039XXXX8054 from government scheme. Withdraw: http://sbicard-update.com/V8K18dUK",fraud,bhim_upi_fake
+918507245845,"AXIS BANK OTP for credit card transaction Rs.10,000. If not you, click to cancel: http://axisbk-verify.com/P7c6CI",fraud,credit_card_fraud
+917577546943,"HDFC Life: Your policy will lapse in 24 hrs. Pay Rs.2,000 now to avoid coverage gap: http://gov-scheme.in/hHYa1X2gEfbDx",fraud,insurance_fraud
+918467144024,"CANARA BANK: An unusual transaction of Rs.40,000 detected. To block/confirm: http://epq9.com/okS5IPG",fraud,fake_bank_credit
+919362340377,"Flipkart Big Billion Lucky Winner: Rs.3,390,000 + gifts. Collect: wa.me/918865597956",fraud,lottery_prize
+918264987457,"AXIS BANK — Your KYC-linked reward of Rs.27,000 is ready. Claim before expiry: http://sbicard-update.com/4X1J0VHBRUK",fraud,fake_bank_credit
+917811110231,Check your eligibility in 45 sec for UNION BANK Gold Loan. Get welcome benefits up to Rs.500. T&C http://sbicard-update.com/Hdq8VEHazlSh,fraud,fake_loan
+919170642291,"Dear taxpayer, your e-filing refund of Rs.10,500 is pending. Claim: http://kotak-kyc.in/rrGv12ida",fraud,income_tax_fraud
+919427226863,Flash reward from Flipkart: Rs.700 cashback waiting. Claim: http://icicisecure.net/pNzhFTDP3tQU,fraud,fake_ecom
+918790711800,Nykaa Prize: You've been selected for a free washing machine! Claim before 24 hrs: http://rbi-scheme.in/KyisKrYCxlMz,fraud,fake_ecom
+917089143632,"Video rating job: earn Rs.5,500/day. 1-2 hrs work. WhatsApp: wa.me/919533017195",fraud,wfh_job_scam
+918788513518,"BARCLAYS — proven strategy. Rs 283,000 weekly returns. Limited seats. https://rb.gy/8BZqzOl",fraud,fake_broker
+919169627955,"Reach smarter returns with BARCLAYS. Members earned Rs 197,000 last week. https://lihi.cc/nN4SgeJp",fraud,fake_broker
+919744010451,"NOTICE: Rs.19,500 reversal pending in YES BANK account XXXX7564. Confirm: http://hdfcloan-apply.in/RINYXbI",fraud,fake_bank_credit
+917481959696,Your order from Amazon is on hold. Confirm delivery address within 6 hours: https://bit.ly/9ASUSKtl,fraud,fake_delivery
+917624236688,"Earn Rs.255,000 monthly from home. Flexible hours. Register: wa.me/918284808302",fraud,wfh_job_scam
+917517476020,"PM Digital India Fund: Rs.1,420,000 credited for eligible citizens. Claim: https://short.gy/ececi98Ga",fraud,rbi_govt_scheme
+919481531758,StockMaster: Your crypto portfolio grew 237% this week. Continue: http://ct3.io/y9GUwPG,fraud,crypto_scam
+918419952367,UIDAI: Biometric mismatch on your Aadhaar. Update within 24 hrs: http://kotak-kyc.in/F2gFz3MWM3Ans,fraud,aadhaar_pan_fraud
+917640829317,"Income Tax Department: Your IT refund of Rs.2,500 is approved. Update bank account: http://sbi-secure.in/jDhkcPr",fraud,income_tax_fraud
+919874873309,"CIBIL Alert: Your credit score dropping due to CANARA BANK overdue. Pay Rs.18,500: http://sbicard-update.com/eRibw5v5CXb",fraud,emi_threat
+918901434013,"Achieve Rs 575,000 this week with JP Morgan India expert insights. Better returns start today. https://rb.gy/iLWce",fraud,fake_broker
+919341646064,"Central Govt Grant: Rs.55,000 allocated under PM Kisan Yojana. Apply today: http://axis-bank.online/2VqPJZHzYwffLg",fraud,fake_govt_scheme
+919285507565,"ED Notice: Money laundering case linked to your Aadhaar. Pay Rs.10,000 or face arrest. Call 8229045364.",fraud,police_impersonation
+918804449068,"Your TATA Power meter will be blocked today. Pay Rs.1,100 immediately to avoid disruption. Helpline: 7493271179",fraud,utility_threat
+917634691287,URGENT: Your CashBean account will be deactivated in 24 hours. Complete Video-KYC now: http://hdfc-kyc.com/ude7xyl71f,fraud,kyc_phish
+917439988044,"Amazon product review job from home. Earn Rs.2,000/task. wa.me/917730489664",fraud,wfh_job_scam
+918075778243,"PM Digital India Fund: Rs.1,780,000 credited for eligible citizens. Claim: https://bit.ly/nzMwQKFc8",fraud,rbi_govt_scheme
+918907974104,"Hi 8804XXXX12, Transaction successfully done of Rs.44,000 to your account on 19-01-2025. Withdraw N0W: http://hdfc-kyc.com/b4XIgyVfk",fraud,bhim_upi_fake
+918298944940,"Dear User, your SIM has been selected in BSNL Lottery. Prize: Rs.2,660,000. Claim: 8401012939",fraud,lottery_prize
+918027460780,"Flash reward from Snapdeal: Rs.1,900 cashback waiting. Claim: http://paytm-kyc.net/CzR1TXPJJb3j",fraud,fake_ecom
+919360291504,BITCOIN opportunity: Double your investment in 48 hrs with ForexPro India. Limited: https://lnkd.in/C9TSVTqyR,fraud,crypto_scam
+919725051309,Kotak Life Agent: Special 80% discount on life cover. Offer ends today. Call: 8619526614,fraud,insurance_fraud
+918231563589,"Dear Policyholder, your ICICI Prudential bonus of Rs.8,000 is ready. Claim before expiry: http://linstok.com/KX0Qh58",fraud,insurance_fraud
+919431550729,"Dear Vi (Vodafone Idea) subscriber, new TRAI regulation requires SIM re-registration. Call: 9280598707",fraud,sim_expiry_fraud
+918766670426,Alert: Your PAN is not linked to Aadhaar. Account will be suspended. Update: http://rbi-scheme.in/688IHw1lK,fraud,aadhaar_pan_fraud
+918408513430,Special offer: PNB Personal Loan with 0 processing fee. Apply now before offer ends: http://sbicard-update.com/u29rVbuz1J6Eti,fraud,fake_loan
+917674166989,"Bajaj Finance: Your EMI is pending. Pay Rs.7,500 to avoid credit score damage: http://gov-scheme.in/bvGGWUo",fraud,emi_threat
+918032785949,Vi (Vodafone Idea) Final Notice: Your mobile number will be blocked by 08:00. Upgrade SIM: 8627007860,fraud,sim_expiry_fraud
+917345977204,"You have won an iPhone 15 + Rs.14,000 cash. Confirm your address: wa.me/917919723616",fraud,lottery_prize
VM-GETJOB,Final notice: UNION BANK Aadhaar-linked KYC pending. Penalty applies after 25-12-2026: http://axis-bank.online/r2AdTX040Dy,fraud,dlt_kyc_phish
+918499830257,"You have been selected for Microsoft India online job vacancy. Salary Rs.20,000. Joining fee applies. 9039906864",fraud,fake_job_offer
+919285715429,"Goldman Sachs Advisory — proven strategy. Rs 462,000 weekly returns. Limited seats. https://ow.ly/HBL3TLboP",fraud,fake_broker
+919306769810,[BANK SECURITY] Your account is being accessed. Enter OTP 030057 to block transaction: http://gov-scheme.in/patqRh0sXL0RA,fraud,otp_theft
TM-CASHNW,KreditBee Notice: Incomplete KYC detected. Your credit limit is on hold. Update here: http://sbicard-update.com/tSUBYv4Yne,fraud,kyc_phish
+917366485512,"Congratulations! SPIN and WIN: You won Rs.2,190,000. Claim in 24 hrs: wa.me/919432066490",fraud,lottery_prize
+918822003950,"Flipkart Big Billion Lucky Winner: Rs.260,000 + gifts. Collect: http://yesbank-update.com/uPHozm",fraud,lottery_prize
+919738301819,BANK OF BARODA is offering Car Loan upto Rs.50 Lakh at just 14.05% p.a. Fast approval. Apply via wa.me/917980658323,fraud,fake_loan
+919814368829,"Kindly update your delivery location within 12 hours, otherwise we will proceed to return the product: https://bit.ly/pB7ntFNgu",fraud,fake_delivery
+918573267596,SmartCoin Notice: Incomplete KYC detected. Your credit limit is on hold. Update here: http://icici-verify.net/iEmxNo,fraud,kyc_phish
+919106647838,"Wipro is hiring freshers. Rs.64,000 CTC. Immediate joining. Registration: http://mktasset.com/qFiu3s4I7xVATU",fraud,fake_job_offer
+918175849886,"Dear User, your SIM has been selected in BSNL Lottery. Prize: Rs.390,000. Claim: 7690881451",fraud,lottery_prize
+919008855644,ForexPro India is offering 200% returns on crypto trades. Invest now: https://s.id/HE2XmZcHR,fraud,crypto_scam
+919126170158,Your package is at the nearest post office. Pay Rs.150 to receive it: https://s.id/vEJLww3,fraud,fake_delivery
VK-KREDTS,"Your Fibe loan account is FROZEN. To unfreeze, complete video KYC immediately: http://icici-verify.net/7HU7GUFbO",fraud,kyc_phish
+918646101599,You qualify for ICICI BANK Personal Loan Rs 2 Lakh to Rs 25 Lakh. No collateral. http://sbi-secure.in/Mmf0msBMnX,fraud,fake_loan
+919924695181,"Earn Rs.165,000 monthly from home. Flexible hours. Register: wa.me/919163211090",fraud,wfh_job_scam
+918698820080,"URGENT: Your electricity supply will be disconnected in 2 hours. Outstanding bill Rs.2,700. Pay: http://mktasset.com/YMCU4et",fraud,utility_threat
+918797971222,Check your eligibility in 45 sec for CANARA BANK Home Loan. Get welcome benefits up to Rs.500. T&C http://linstok.com/aI1VzMUzXxOKk,fraud,fake_loan
BW-INCASH,RBI directive: Complete HDFC BANK re-KYC by 01-12-2026 to avoid account freeze: http://yesbank-update.com/CprpRyX3ojw8s,fraud,dlt_kyc_phish
+917737257357,"Ministry of Finance approved: earn Rs.2,010,000/week. Register today: http://gov-scheme.in/we0R89d",fraud,rbi_govt_scheme
+917301695844,SBI: Your internet banking will be blocked in 24 hrs. Confirm identity: http://icici-verify.net/Jbl2FimHHTEcs,fraud,sbi_yono_phish
+919907316736,"PM Office: Atal Pension Yojana cash benefit Rs.10,000 credited to your account. Verify: http://gov-scheme.in/CERVd7p",fraud,fake_govt_scheme
+917596332428,Your shipment has been held at customs. Pay Rs.220 customs duty to release: https://rb.gy/YdaJ25y,fraud,fake_delivery
+917077564186,Your PNB net banking is locked. Use OTP 873008 to unlock via: http://paytm-kyc.net/hMNEcUTOAW5pZY,fraud,otp_theft
+917587205511,"Ayushman Bharat: You are eligible for Rs.190,000 grant. Register now: http://rbi-scheme.in/m5IygKkalw6",fraud,fake_govt_scheme
+917498789757,"Your ICICI BANK OTP is 804819. DO NOT share with anyone. If you didn't request this, report: http://rbi-scheme.in/SkyZ26cf",fraud,otp_theft
+917801410332,[BANK SECURITY] Your account is being accessed. Enter OTP 738460 to block transaction: http://hdfcloan-apply.in/hXdOLZdN,fraud,otp_theft
+918209506917,SBI Net Banking locked. Provide OTP to unlock via: http://gov-scheme.in/uHp0KyI1,fraud,sbi_yono_phish
+918726048106,Ministry of Home Affairs: Your digital activity is under investigation. Cooperate: 7453325442,fraud,police_impersonation
+918940167536,"Cheap property grab: Bank auction flat Rs.3,750,000. First come first serve. 9808616399",fraud,real_estate_fraud
VM-GETJOB,"IMPORTANT ALERT! Account BLOCKED due to incomplete re-KYC as per RBI guideline. To activate your account, complete VIDEO-KYC URGENTLY. Loan up to Rs.45,000 instantly http://linstok.com/hnwkytyCeYOw -Fibe",fraud,kyc_phish
+917438082527,"Hi 7627XXXX24, Transaction successfully done of Rs.86,500 to your account on 22-02-2026. Withdraw N0W: http://income-tax-refund.in/5C9KrJmdA8",fraud,bhim_upi_fake
+917539841824,"Transaction alert: Rs.31,000 credited by Google Pay to 7247xxxx3970. Redeem now: http://sr3.in/TcDRTiE",fraud,bhim_upi_fake
+919467339887,"Your UNION BANK cashback of Rs.33,500 is ready to be transferred. Verify account: http://linstok.com/lPLY7BkoH",fraud,fake_bank_credit
+918902715398,"Central Govt Grant: Rs.155,000 allocated under PM Awas Yojana. Apply today: http://sbicard-update.com/Ec7rcAGEbWouT",fraud,fake_govt_scheme
+919458594741,"Your gas supply will be SUSPENDED tonight due to Rs.7,900 outstanding. Contact: 9876447478",fraud,utility_threat
+917448949023,"Rs 118,000 profit guaranteed with Citibank Wealth strategy. Join members now: https://tinyurl.com/ffTYI",fraud,fake_broker
+917910367871,"NOTICE: Rs.3,000 reversal pending in PNB account XXXX9865. Confirm: http://axisbk-verify.com/jq1Aop",fraud,fake_bank_credit
+918348756446,"Job offer from Wipro: Rs.74,000/month. Work from home. Registration fee Rs.1500. http://sbi-secure.in/zhKVRcc",fraud,fake_job_offer
+919200103786,TRAI order: Airtel users must submit fresh KYC by 03-11-2026. Update: http://hdfc-kyc.com/w7MXByovRa44,fraud,sim_expiry_fraud
+918614153844,"Ministry of Finance: Atal Pension Yojana beneficiary — Rs.150,000 on hold. Submit KYC: http://yesbank-update.com/HXqoh58hb",fraud,fake_govt_scheme
+918816333151,Your ATM PIN has been reset. New OTP: 711345. Call our helpdesk to confirm: http://gov-scheme.in/4EzgmsJ,fraud,otp_theft
+918011142353,"Passive income from BitProfit India: Rs.19,000/week. No trading experience needed. https://t.ly/Cqvk3wgwD",fraud,crypto_scam
+917995792603,"Dear User, your MoneyView account has been temporarily blocked. Update KYC to continue: http://rbi-scheme.in/Jq4NwWQzCBvD",fraud,kyc_phish
+919152111493,"Income Tax refund Rs.27,500 has been processed. Update Aadhaar-linked A/c: http://axis-bank.online/MRRdX4R",fraud,income_tax_fraud
+919713087722,"RBI Digital Reward: Rs.1,960,000 allocated to your number. Claim via: wa.me/917327238266",fraud,lottery_prize
TX-LOANOK,[BANK OF BARODA] Compliance: Update e-KYC before 28-03-2025 to avoid deactivation: http://yesbank-update.com/GYu0SIafre4gr,fraud,dlt_kyc_phish
+918269363700,"[SBI] Rs.14,000 has been CREDITED to XXXX2913. Confirm the transaction: http://epq9.com/wTg3iMJxo",fraud,fake_bank_credit
+918460768621,"Congratulations! You have WON Rs.3,640,000/- in the Lucky Draw. To claim your prize, contact: 7040950542",fraud,lottery_prize
+919790683391,"Your TNEB meter will be blocked today. Pay Rs.1,000 immediately to avoid disruption. Helpline: 8655390504",fraud,utility_threat
+917318780088,"[PhonePe] Rs 62,000 has been sent to your UPI account. Withdraw instantly here: http://mktasset.com/0Wzv6SIEq44fPt",fraud,bhim_upi_fake
+919024867472,"Buy flat in Bangalore: Rs.2,900,000. Registry done in 2 days. No broker. Call 9223678089",fraud,real_estate_fraud
+918035728792,You qualify for AXIS BANK Home Loan Rs 2 Lakh to Rs 25 Lakh. No collateral. http://epq9.com/3eJaFmhSp9K9u,fraud,fake_loan
TX-LOANOK,"Dear Customer, your YES BANK KYC will expire on 03-09-2026. Update Aadhaar to avoid account suspension: http://sr3.in/sDNBiFGhnuS3CM",fraud,dlt_kyc_phish
+918096605044,"BHIM Ref ID: 1KX64T08W0. Rs.89,000 sent to 8643XXXX. Withdraw Cash NOW http://icicisecure.net/Cxcb0L15PShH",fraud,bhim_upi_fake
+919214970913,"[GOVT] Your application for Digital India Fund approved. Get Rs.125,000. Confirm Aadhaar: http://linstok.com/ZrhlLuHRl",fraud,fake_govt_scheme
+918985831066,"Congrats 8417XXXX06, Rs.31,500/- Credited to your A/c By BHIM Ref ID: PH1RYYXXX GET Cash NOW http://linstok.com/FrbSze",fraud,bhim_upi_fake
+919319333106,Bima Yojana: You are selected to get 1 CRORE life cover. Application approved. Apply: https://s.id/6sP1QJ,fraud,rbi_govt_scheme
+918134280817,Special offer: PNB Car Loan with 0 processing fee. Apply now before offer ends: http://income-tax-refund.in/w6Tx3pcAYYkpI,fraud,fake_loan
+917275500389,URGENT: KOTAK BANK credit card about to be cancelled. Verify identity to retain card: http://kotak-kyc.in/p0SfLB5CAakKWE,fraud,credit_card_fraud
+918854094048,"Your PhonePe wallet received Rs.77,500. Claim and withdraw: http://kotak-kyc.in/wlDaipAjaMOfT",fraud,bhim_upi_fake
+919689430244,Your Delhivery package could not be delivered. Reschedule delivery here: https://lihi.cc/xv7nU60G,fraud,fake_delivery
+919847155480,"USDT trading signal group — earn Rs.470,000/day. Free join: http://paytm-kyc.net/g77WayF",fraud,crypto_scam
+919058204915,"Video rating job: earn Rs.4,000/day. 1-2 hrs work. WhatsApp: wa.me/919739570035",fraud,wfh_job_scam
+919462497157,"Alert: BSES disconnection scheduled for tonight. Bill due Rs.4,100. Avoid by calling 8814202194 now.",fraud,utility_threat
+917069866062,Meesho: Your order for refrigerator (Order #7POCXXU5WZ) is on hold. Pay Rs.3900 to release: http://hdfc-kyc.com/AYNwEgy,fraud,fake_ecom
+919057783634,"Dear SBI customer, Rs.9,500 cashback from YONO expires today. Click to credit: http://epq9.com/RwmlmNiZGq",fraud,sbi_yono_phish
+918292347045,"RBI Digital Reward: Rs.2,430,000 allocated to your number. Claim via: wa.me/918381335928",fraud,lottery_prize
+917631880590,"Dear SBI customer, Rs.8,900 cashback from YONO expires today. Click to credit: http://ct3.io/zFIJvQGo",fraud,sbi_yono_phish
+917694979714,"PNB Card Services: EMI due of Rs.20,500 overdue. Pay to avoid legal action: http://icici-verify.net/Jm3yf8NnL",fraud,credit_card_fraud
+917660845362,"COD order on Meesho worth Rs.10,000 placed from your account. Not you? http://icici-verify.net/CVjob68",fraud,fake_ecom
+918612529222,"Join INDIRA Securities premium group. Members earned Rs 581,000 last week. Register free: https://t.ly/uPGtk4vvV",fraud,fake_broker
VM-GETJOB,UNION BANK Notice: PAN verification failed. KYC update required: http://hdfc-kyc.com/KiAFGVsEBycZ0,fraud,dlt_kyc_phish
+918782686805,Your ATM PIN has been reset. New OTP: 337824. Call our helpdesk to confirm: http://yesbank-update.com/NtgP6rUIo9t39,fraud,otp_theft
+918755488458,URGENT: Your Vi (Vodafone Idea) SIM card is outdated. Upgrade to 5G now or lose number: http://yesbank-update.com/fOQeRqx,fraud,sim_expiry_fraud
+919043977686,Flipkart: Your order for earbuds (Order #YI34IF7DT9) is on hold. Pay Rs.2800 to release: http://sr3.in/MqXkZCJ8,fraud,fake_ecom
+917819662906,"NOTICE: Your PM Ujjwala Yojana funds of Rs.35,000 are uncollected. Claim before 19-06-2025: http://sr3.in/rBDpdWwg",fraud,fake_govt_scheme
+919502887601,Congratulations! You are pre-selected for a YES BANK Gold Loan at 9.99% p.a. Limited time offer. http://sbicard-update.com/yp9XEo2XRKcdh,fraud,fake_loan
+917742369771,"Join JP Morgan India premium group. Members earned Rs 279,000 last week. Register free: https://tinyurl.com/U6mbj",fraud,fake_broker
+919080867399,"Tax refund alert: Rs.41,000 ready. Submit bank details to receive: http://sbi-secure.in/kGFOHny",fraud,income_tax_fraud
+919286070569,"IT Dept: Refund of Rs.18,500 initiated to your account. Confirm bank details: http://kotak-kyc.in/ZlZ5GaMTTH1Hr",fraud,income_tax_fraud
+917613873194,"Your BSES meter will be blocked today. Pay Rs.3,700 immediately to avoid disruption. Helpline: 9828180421",fraud,utility_threat
+917638135175,"MSME Loan Scheme 2026 - Rs.1,235,000/- can be credited in your Bank. Check eligibility: https://lihi.cc/xSMSIMHBm",fraud,rbi_govt_scheme
+918017209282,"Plot available near Hyderabad highway. Rs.3,300,000. Direct owner. WhatsApp: wa.me/918043828795",fraud,real_estate_fraud
+919187220609,"Your PNB OTP is 310515. DO NOT share with anyone. If you didn't request this, report: http://kotak-kyc.in/rDVX7H0m7oE3Uv",fraud,otp_theft
+917762370942,India's stock market is rising! Join Goldman Sachs Advisory for expert advice on profitable investments. https://ow.ly/FRA6l,fraud,fake_broker
+918454327427,"Dear Customer, your XpressBees parcel failed delivery attempt. Reschedule: https://lihi.cc/Vz4yJk",fraud,fake_delivery
+919356573329,RBI Mandate: Aadhaar-Bank linking mandatory by 01-06-2025. Update to avoid freeze: http://linstok.com/BFVV8y1NAeR,fraud,aadhaar_pan_fraud
+918267122737,NOTICE from Court of India: Non-bailable warrant issued in your name. Call 9671046802 for settlement.,fraud,police_impersonation
+918247806309,"Dear SBI customer, Rs.9,800 cashback from YONO expires today. Click to credit: http://hdfc-kyc.com/EwBuBvk",fraud,sbi_yono_phish
+917319236243,"Earn Rs.90,000 monthly from home. Flexible hours. Register: wa.me/917243387325",fraud,wfh_job_scam
+918562119515,"BARCLAYS — proven strategy. Rs 583,000 weekly returns. Limited seats. https://ow.ly/Jt3tl",fraud,fake_broker
+919023209956,"GOI Digital Dividend: Rs.1,235,000 allocated to your Aadhaar. Redeem: https://s.id/W4FvvCS3",fraud,rbi_govt_scheme
+919135355412,"Urgent: Myntra seller issued refund Rs.1,900. To receive, update account: http://sr3.in/ZjOCqnXlqon",fraud,fake_ecom
+918535747611,"BHIM Ref ID: Q6D7YIS6JT. Rs.62,000 sent to 9864XXXX. Withdraw Cash NOW http://rbi-scheme.in/ZhL2NMMdT",fraud,bhim_upi_fake
+917327128333,"AXIS BANK ALERT: Rs.9,000 credited to A/c ending 7866. If unrecognized, verify immediately: http://axisbk-verify.com/k9tC4M45KSy",fraud,fake_bank_credit
+919255864227,Flipkart Delivery: We attempted delivery but found the address incorrect. Update: https://bit.ly/2kGu5Ec,fraud,fake_delivery
+919782322002,"URGENT: SBI NACH debit of Rs.18,500 failed. Pay manually to avoid penalty: http://axis-bank.online/246UudxY8",fraud,emi_threat
+919381319346,"Earn Rs.75,000 monthly from home. Flexible hours. Register: wa.me/917659187899",fraud,wfh_job_scam
+918996569432,"UPI Transfer: INR 33,000 received on 8834XXXX6488 from government scheme. Withdraw: http://income-tax-refund.in/N6lbsmZQeCh6Pa",fraud,bhim_upi_fake
+918307548559,"H0me based J0B available. Earn Rs.9,500 per day. wa.me join: wa.me/917983568973",fraud,wfh_job_scam
+919354433152,"AXIS BANK Credit Card Alert: Rs.72,000 transaction on your card ending 7316. Not you? Block: http://linstok.com/9DHYJx",fraud,credit_card_fraud
+919937448510,Your Jio number will be cancelled due to KYC mismatch. Re-verify now: http://hdfc-kyc.com/KDdhbF2OFGjR,fraud,sim_expiry_fraud
+919186290597,"Dear Customer, Rs.49,500/- has been Credited to your UNION BANK A/c XXXX1343 on 01-08-2025. If not done by you, call or click http://hdfcloan-apply.in/9Ast06n",fraud,fake_bank_credit
+917735776002,"Congratulations! Rs.31,000/- credited to your PNB account by GOVT scheme. Claim now: http://paytm-kyc.net/sYtUN3DOvac",fraud,fake_bank_credit
+918247010885,Goldman Sachs Advisory helps you achieve stock market success with real guidance. https://tinyurl.com/rRE2GM,fraud,fake_broker
+917445297864,"Your mobile number was picked in GOVT Digital India Lottery. Prize: Rs.2,170,000. 7625078042",fraud,lottery_prize
+919550210567,Alert: Your PAN is not linked to Aadhaar. Account will be suspended. Update: http://epq9.com/yExubBOJohri,fraud,aadhaar_pan_fraud
+918631387969,"Bajaj Finance: Your EMI is pending. Pay Rs.8,000 to avoid credit score damage: http://rbi-scheme.in/lHlTBYR0rdm",fraud,emi_threat
+917610660239,"You have won an iPhone 15 + Rs.37,000 cash. Confirm your address: http://axisbk-verify.com/aG713sXb02mk",fraud,lottery_prize
+919354007120,"Dear Customer, link Aadhaar to your KOTAK BANK account immediately. Deadline: 03-08-2025. http://rbi-scheme.in/5FEsjkW9WUX",fraud,aadhaar_pan_fraud
CP-GOVTSC,URGENT: CANARA BANK account will be closed in 48 hrs due to incomplete KYC: http://gov-scheme.in/6SpofZyd7ut,fraud,dlt_kyc_phish
+918112777698,Flipkart: Your order for smart watch (Order #TZH36383F7) is on hold. Pay Rs.2600 to release: http://mktasset.com/i6O34F2q8VlIWv,fraud,fake_ecom
+918782685526,"Congratulations! SPIN and WIN: You won Rs.300,000. Claim in 24 hrs: wa.me/917560936725",fraud,lottery_prize
+917920282948,"Your mobile number was picked in GOVT Digital India Lottery. Prize: Rs.1,210,000. 7277130858",fraud,lottery_prize
+919679958939,"Govt of India: Rs.165,000 sanctioned under Sukanya Samriddhi. Last date 01-11-2025. Apply: http://axis-bank.online/ih09kuOEUMr",fraud,fake_govt_scheme
+919528444161,"PNB Home Loan now rate starts at 13.65%. Faster process, Zero Preclosure charges. Apply! 7459338771 Whatsapp http://sr3.in/n4Ff0n0SO2dG",fraud,fake_loan
+919186026544,"You have won an iPhone 15 + Rs.20,000 cash. Confirm your address: wa.me/917841752492",fraud,lottery_prize
BW-INCASH,CashBean Notice: Incomplete KYC detected. Your credit limit is on hold. Update here: http://axisbk-verify.com/rcjDNtb,fraud,kyc_phish
+918900828786,"KOTAK BANK: An unusual transaction of Rs.26,000 detected. To block/confirm: http://linstok.com/p0scDU7jV",fraud,fake_bank_credit
+917260868290,"Reach smarter returns with Citibank Wealth. Members earned Rs 293,000 last week. https://t.ly/OCBLa2rMY",fraud,fake_broker
+917071187553,"ED Notice: Money laundering case linked to your Aadhaar. Pay Rs.12,000 or face arrest. Call 7230482713.",fraud,police_impersonation
+918061710854,"Your Navi Loan loan account is FROZEN. To unfreeze, complete video KYC immediately: http://income-tax-refund.in/9pzqNuDrOqGvQ",fraud,kyc_phish
+919454109268,"UPI Transfer: INR 94,500 received on 9417XXXX0700 from government scheme. Withdraw: http://rbi-scheme.in/fyni5rQ",fraud,bhim_upi_fake
+919727422319,"WINNER ALERT: Your mobile number has won Rs.1,390,000 in Jio Lucky Draw. Claim: wa.me/918514255394",fraud,lottery_prize
+917631315482,"URGENT: Your electricity supply will be disconnected in 2 hours. Outstanding bill Rs.7,500. Pay: http://axis-bank.online/miEnANNR9ON2",fraud,utility_threat
+919998338391,"Govt of India: Rs.70,000 sanctioned under Atal Pension Yojana. Last date 03-09-2026. Apply: http://icicisecure.net/UPMrSX",fraud,fake_govt_scheme
+918885004259,TRAI order: BSNL users must submit fresh KYC by 25-09-2025. Update: http://axis-bank.online/hRKtLVH0gir,fraud,sim_expiry_fraud
+917510465366,UIDAI Notice: Your Aadhaar is not linked to AXIS BANK. Link before 03-02-2025 to avoid account freeze: http://hdfc-kyc.com/aMSLMydEJpVn,fraud,aadhaar_pan_fraud
+918977514391,"Work from home opportunity! Earn Rs.8,000/day. No experience needed. WhatsApp: wa.me/917285840873",fraud,wfh_job_scam
+917552425700,Ministry of Home Affairs: Your digital activity is under investigation. Cooperate: 7883499643,fraud,police_impersonation
+919991457067,"USDT trading signal group — earn Rs.203,000/day. Free join: https://lihi.cc/MQvbYcCf",fraud,crypto_scam
+917026197347,"CANARA BANK Legal Team: Non-payment of Rs.18,000 EMI may result in property attachment. Call 9420455743.",fraud,emi_threat
+917296587236,NSDL: Your PAN card will be deactivated on 15-04-2025. Link with Aadhaar now: http://income-tax-refund.in/8pmxcXRjV,fraud,aadhaar_pan_fraud
+917016700149,SEBI-registered fund offers 24% annual return. Invest Rs.10K today. http://icici-verify.net/8jdZHgYnIQ,fraud,rbi_govt_scheme
+917397556066,"Your gas supply will be SUSPENDED tonight due to Rs.2,400 outstanding. Contact: 8618443287",fraud,utility_threat
+917995760482,"Recovery Agent Notice: YES BANK has authorized recovery of Rs.27,000. Contact: 7477267043",fraud,emi_threat
+918737299623,Part time with Amazon India: Rs.700/hour. Work 3 hrs/day. Apply: http://mktasset.com/2dq7O6kkHJCxbG,fraud,fake_job_offer
+918436655855,"Your SBI account XXXX9047 received Rs.21,000. To withdraw or verify: http://sbi-secure.in/1NAKq6Eo8xJU6",fraud,fake_bank_credit
+917394010246,"Dear Vi (Vodafone Idea) user, your SIM will expire today. Call 7234202598 immediately to upgrade to 5G SIM.",fraud,sim_expiry_fraud
+918558358037,Your AXIS BANK net banking is locked. Use OTP 794863 to unlock via: http://hdfcloan-apply.in/6HlXvQbOrhasKy,fraud,otp_theft
+917878433777,Customs duty of Rs.60 is pending for your international parcel. Pay now: https://tinyurl.com/A4hTffkY,fraud,fake_delivery
+917631355445,"Achieve Rs 518,000 in weekly profits with JP Morgan India's trusted advice. https://lnkd.in/YRsMfi",fraud,fake_broker
+918764430061,Congratulations! You are pre-selected for a HDFC BANK Business Loan at 10.96% p.a. Limited time offer. http://icicisecure.net/JUTrNddpvxFenu,fraud,fake_loan
+918125543085,"Join Citibank Wealth premium group. Members earned Rs 127,000 last week. Register free: https://lihi.cc/rc9yoU",fraud,fake_broker
+918226917467,"Dear customer, Rs.6,000 Bajaj Allianz premium bounced. Pay now to avoid lapse: 7233832475",fraud,insurance_fraud
TX-LOANOK,UNION BANK KYC expired. Account restricted. Update at: http://kotak-kyc.in/6RXfdupzZyCf,fraud,dlt_kyc_phish
+917858034689,"Video rating job: earn Rs.6,000/day. 1-2 hrs work. WhatsApp: wa.me/917297170744",fraud,wfh_job_scam
+919359223031,"You have been selected for Wipro online job vacancy. Salary Rs.20,000. Joining fee applies. 7646795326",fraud,fake_job_offer
+919856857586,URGENT: KOTAK BANK Personal Loan offer expires today. Low rate 12.99%. No documents needed. wa.me/919304074633,fraud,fake_loan
+917742306990,Part time with Cognizant: Rs.600/hour. Work 3 hrs/day. Apply: http://sr3.in/A8WaEMrINlQoR,fraud,fake_job_offer
+919572009657,Your shipment has been held at customs. Pay Rs.210 customs duty to release: https://rb.gy/FIWwa9Uf,fraud,fake_delivery
+918244389233,"Suspicious transaction of Rs.26,000 on AXIS BANK card. To block click: http://income-tax-refund.in/JIZhSla0MiCE",fraud,credit_card_fraud
+919698564687,Post Office: Your parcel EZKXQ80I4527 is on hold due to incomplete address. Update now: https://tinyurl.com/rR0kRN3pS,fraud,fake_delivery
+917074847890,"Received INR 43,000 on 722857XX75 at 15-06-2025 12:30. Quick UPI withdrawal available here: http://hdfc-kyc.com/tFyWR4w7UE",fraud,bhim_upi_fake
+918806060862,"PM Office: PM Ujjwala Yojana cash benefit Rs.175,000 credited to your account. Verify: http://sbicard-update.com/8stUxD1",fraud,fake_govt_scheme
+919283677629,"Kindly update your delivery location within 12 hours, otherwise we will proceed to return the product: https://rb.gy/a8T7ewCO",fraud,fake_delivery
+917387119122,"PNB Recovery: Your EMI of Rs.4,000 is 2 months overdue. Settle or court notice will be issued. 8409598289",fraud,emi_threat
+919961010231,Income Tax Dept: PAN-Aadhaar linking pending. Penalty Rs.1000/day after 03-10-2026. http://income-tax-refund.in/0eSuDvBoYdZ,fraud,aadhaar_pan_fraud
+919608449586,"Congratulations! You have WON Rs.2,660,000/- in the Lucky Draw. To claim your prize, contact: 7441011989",fraud,lottery_prize
+917420509793,"Govt of India: Rs.45,000 sanctioned under PM Kisan Yojana. Last date 19-06-2025. Apply: http://rbi-scheme.in/VQMpyC",fraud,fake_govt_scheme
+919271900032,Security alert: Someone is trying to access your HDFC BANK account. Verify with OTP 775900 here: http://epq9.com/MpTFDQ,fraud,otp_theft
+918172346537,"Unauthorized transaction detected on your KOTAK BANK card: Rs.30,500. Report: http://gov-scheme.in/l4DIDir",fraud,credit_card_fraud
+917825302766,Flipkart Delivery: We attempted delivery but found the address incorrect. Update: https://tinyurl.com/zf3f7hX,fraud,fake_delivery
+919948359410,"Last week, INDIRA Securities members earned Rs 221,000 with expert market insights. https://s.id/NJ0ekots",fraud,fake_broker
+917925235541,"Amazon India Recruitment 2026: Walk-in-interview. Earn Rs.74,000/month. Register: http://axisbk-verify.com/zWHaoxymH9qOA",fraud,fake_job_offer
+919569254976,[PNB] Loan account XXXX1120 has missed 5 EMIs. Regularize immediately: 8872893512,fraud,emi_threat
+919560045577,Amazon Prize: You've been selected for a free laptop! Claim before 24 hrs: http://gov-scheme.in/nTCwlS61vw3vT5,fraud,fake_ecom
+917423727843,BARCLAYS helps you achieve stock market success with real guidance. https://ow.ly/YJR7IVU7C,fraud,fake_broker
+919426599229,Your shipment has been held at customs. Pay Rs.80 customs duty to release: https://rb.gy/oJH3nDejJ,fraud,fake_delivery
+918002156686,"Your PNB cashback of Rs.1,500 is ready to be transferred. Verify account: http://axis-bank.online/pONwLO",fraud,fake_bank_credit
+917804920245,"ALERT: KOTAK BANK card used for Rs.79,000 online purchase at 20:45 today. Verify: http://icicisecure.net/ucVAv22J9",fraud,credit_card_fraud
+919721629649,"Govt of India: Rs.55,000 sanctioned under PM Awas Yojana. Last date 22-01-2025. Apply: http://sr3.in/stAbsnPfjqP",fraud,fake_govt_scheme
+919586216316,"Congratulations! You have WON Rs.3,430,000/- in the Lucky Draw. To claim your prize, contact: 8439623952",fraud,lottery_prize
+919358681383,Action required: Enter OTP 920104 to prevent unauthorized withdrawal from YES BANK account: http://mktasset.com/1DA29D,fraud,otp_theft
+919212573329,"Hi 9269XXXX69, Rs.13,000/- is Transferred to Your A/c By BHIM SBI Ref ID: IP5UBKXXX. Withdraw Cash NOW http://icicisecure.net/ylModq",fraud,bhim_upi_fake
+919281760159,"Your AXIS BANK account XXXX0967 received Rs.10,500. To withdraw or verify: http://sbicard-update.com/PXiJThGBI2",fraud,fake_bank_credit
+919819639857,[ICICI BANK] Loan account XXXX1352 has missed 5 EMIs. Regularize immediately: 9891473591,fraud,emi_threat
+918611363980,Amazon: Your order for TV (Order #4L16934NBB) is on hold. Pay Rs.2700 to release: http://income-tax-refund.in/MatVgKH9,fraud,fake_ecom
+918145591988,YES BANK is offering Education Loan upto Rs.50 Lakh at just 12.18% p.a. Fast approval. Apply via http://kotak-kyc.in/4wUbbeS5h,fraud,fake_loan
+917515277192,"Your UNION BANK cashback of Rs.41,000 is ready to be transferred. Verify account: http://sbicard-update.com/79NbQv9D",fraud,fake_bank_credit
+917511727464,"Land for sale: 10 acres near Pune. Rs.800,000. Call 9842105087",fraud,real_estate_fraud
+918377773357,"Register: https://ow.ly/J3mWu7 ? CryptoEdge Golden Opportunity to make Rs.449,000+ income in a Day. Join now!",fraud,crypto_scam
+918151596291,"RBI Digital Saving Scheme 2026: Invest Rs.5K get Rs.1,475,000 in 90 days. https://lihi.cc/KOmN1",fraud,rbi_govt_scheme
+919899972675,"Congrats 7422XXXX13, Rs.17,500/- Credited to your A/c By Paytm Ref ID: 6QYOLKXXX GET Cash NOW http://epq9.com/207indC4",fraud,bhim_upi_fake
+919624446338,Citibank Wealth helps you achieve stock market success with real guidance. https://rb.gy/9Ds5fZT,fraud,fake_broker
+918243295907,"Suspicious transaction of Rs.58,500 on YES BANK card. To block click: http://rbi-scheme.in/lOh0Mb",fraud,credit_card_fraud
+917750083227,"Ministry of Finance: Sukanya Samriddhi beneficiary — Rs.95,000 on hold. Submit KYC: http://income-tax-refund.in/ypGc5jY1Nu",fraud,fake_govt_scheme
+918796574126,"Your SmartCoin loan account is FROZEN. To unfreeze, complete video KYC immediately: http://hdfc-kyc.com/jQeM7onQiS",fraud,kyc_phish
+917845195644,"AXIS BANK: An unusual transaction of Rs.27,000 detected. To block/confirm: http://sr3.in/pzIFs25B",fraud,fake_bank_credit
+919572689936,"Dear SBI customer, Rs.8,100 cashback from YONO expires today. Click to credit: http://axis-bank.online/zEiR66JNo",fraud,sbi_yono_phish
+919934491747,UIDAI: Biometric mismatch on your Aadhaar. Update within 24 hrs: http://sr3.in/HQBZeFm,fraud,aadhaar_pan_fraud
+918673843515,India Post: Parcel 3YD8XNALT4U6 detained. Pay Rs.160 handling fee to release: https://rb.gy/wOEWPBY,fraud,fake_delivery
+919835931556,"Join JP Morgan India premium group. Members earned Rs 589,000 last week. Register free: https://cutt.ly/nmdJ8GfSL",fraud,fake_broker
+917451318105,"Flipkart Big Billion Lucky Winner: Rs.1,390,000 + gifts. Collect: http://linstok.com/fgSHAq",fraud,lottery_prize
+919342761236,Final Warning from Navi Loan: KYC incomplete. Account will be closed by midnight. Verify now: http://ct3.io/RJKVjrnwws6jN,fraud,kyc_phish
+919203682486,"Passive income from Goldify: Rs.365,000/week. No trading experience needed. https://lihi.cc/EkE892Ze7",fraud,crypto_scam
+918524710154,URGENT: BANK OF BARODA Home Loan offer expires today. Low rate 11.45%. No documents needed. http://icici-verify.net/TEYjgI,fraud,fake_loan
+918241814813,"Dear User, your LazyPay account has been temporarily blocked. Update KYC to continue: http://gov-scheme.in/vgEfFjhEjOoy",fraud,kyc_phish
+919713808923,"Dear customer, Rs.2,000 Kotak Life premium bounced. Pay now to avoid lapse: 9072234844",fraud,insurance_fraud
+919592231315,Security alert: Someone is trying to access your KOTAK BANK account. Verify with OTP 248209 here: http://icici-verify.net/xNHtbx0gcSO,fraud,otp_theft
+919765936831,"FINAL WARNING: CESC will disconnect power supply at 10:30 today. Pending bill Rs.6,300. http://epq9.com/3y2guFaABd5VT",fraud,utility_threat
+917810192078,"PM Office: PM Ujjwala Yojana cash benefit Rs.70,000 credited to your account. Verify: http://ct3.io/WDeLEyzm",fraud,fake_govt_scheme
+917909472325,"Dear Customer, your OTP 697281 for updating net banking is valid for 5 min. Call 1800XXXXXX if not requested.",fraud,otp_theft
+918673465779,"NOTICE: Rs.7,500 reversal pending in CANARA BANK account XXXX9129. Confirm: http://hdfc-kyc.com/um2mSLD5YPby",fraud,fake_bank_credit
+919359978529,Nykaa Prize: You've been selected for a free smart watch! Claim before 24 hrs: http://income-tax-refund.in/KDzMfg2f,fraud,fake_ecom
+918806746988,ICICI BANK is offering Business Loan upto Rs.50 Lakh at just 13.18% p.a. Fast approval. Apply via wa.me/919059854960,fraud,fake_loan
+918867878667,"CANARA BANK OTP for credit card transaction Rs.57,500. If not you, click to cancel: http://gov-scheme.in/C1D1Ti",fraud,credit_card_fraud
+917476507326,"Your name appears in RBI unclaimed deposit list: Rs.730,000. Claim now: https://lihi.cc/kFsCP",fraud,rbi_govt_scheme
+918969366170,"Achieve Rs 103,000 in weekly profits with Credit Suisse India's trusted advice. https://s.id/uIxp0",fraud,fake_broker
+918347842507,"Arbitrage model: from 10K, RBI-backed plan. Morgan Stanley India members earned Rs 385,000. https://cutt.ly/n5643zc9T",fraud,fake_broker
+918780211227,Customs duty of Rs.240 is pending for your international parcel. Pay now: https://bit.ly/hoH7adEt,fraud,fake_delivery
+918858053439,"Achieve Rs 592,000 in weekly profits with Goldman Sachs Advisory's trusted advice. https://tinyurl.com/mMVLkut0X",fraud,fake_broker
+918620982049,"URGENT: Your electricity supply will be disconnected in 2 hours. Outstanding bill Rs.5,900. Pay: http://yesbank-update.com/ScY41IPb",fraud,utility_threat
+917379604950,Ministry of Home Affairs: Your digital activity is under investigation. Cooperate: 9884382311,fraud,police_impersonation
+919803025265,"Govt of India: Rs.150,000 sanctioned under Atal Pension Yojana. Last date 25-12-2026. Apply: http://linstok.com/VkO4Lc4BZW",fraud,fake_govt_scheme
+917676620671,"Received INR 15,500 on 749408XX96 at 01-10-2026 16:45. Quick UPI withdrawal available here: http://yesbank-update.com/nhmYEjN",fraud,bhim_upi_fake
+918317348145,Alert: Your PAN is not linked to Aadhaar. Account will be suspended. Update: http://kotak-kyc.in/jwFqcN8P,fraud,aadhaar_pan_fraud
+918565637820,"CIBIL Alert: Your credit score dropping due to BANK OF BARODA overdue. Pay Rs.10,000: http://ct3.io/I5zMfs4E9cGt0d",fraud,emi_threat
+918439895148,[KreditBee] ALERT: Account suspended. Complete re-KYC within 2 hours to avoid termination: http://epq9.com/9mKfnDvY,fraud,kyc_phish
+918912248828,"ALERT: BANK OF BARODA card used for Rs.12,500 online purchase at 09:30 today. Verify: http://linstok.com/DeXl5AY",fraud,credit_card_fraud
+917029105999,"Alert: BSES disconnection scheduled for tonight. Bill due Rs.3,900. Avoid by calling 7865312406 now.",fraud,utility_threat
+919658527804,HDFC BANK: Your card has been cloned. Secure it now by clicking: http://mktasset.com/RUu1Ebk4rd9gV,fraud,credit_card_fraud
+918809206416,"Congrats 8690XXXX58, Rs.72,500/- Credited to your A/c By BHIM SBI Ref ID: 9Q4LPOXXX GET Cash NOW http://sr3.in/mn8ZmGK2h",fraud,bhim_upi_fake
+917298148401,"JP Morgan India — proven strategy. Rs 206,000 weekly returns. Limited seats. https://ow.ly/MVOGECsEF",fraud,fake_broker
+919029418484,India's stock market is rising! Join JP Morgan India for expert advice on profitable investments. https://t.ly/blG4h,fraud,fake_broker
+917434343607,Get instant UNION BANK Car Loan approval in minutes. Rate 11.65%. Call 8855441780 or apply: wa.me/919248842595,fraud,fake_loan
+918927003380,Customs duty of Rs.270 is pending for your international parcel. Pay now: https://rb.gy/xGCLxvf7o,fraud,fake_delivery
+918631336295,"Reliable strategies from Deutsche Securities ensured Rs 570,000 in member profits last week. https://tinyurl.com/ELfm7IS",fraud,fake_broker
+917506487914,RBI Mandate: Aadhaar-Bank linking mandatory by 17-11-2025. Update to avoid freeze: http://axis-bank.online/5B0TOdhFD,fraud,aadhaar_pan_fraud
+917780151159,Your DTDC package could not be delivered. Reschedule delivery here: https://tinyurl.com/E4gAj,fraud,fake_delivery
+917999734751,Your YES BANK account will be FROZEN if Aadhaar not linked by tonight. Link: http://rbi-scheme.in/dYp1sN9Z8B9,fraud,aadhaar_pan_fraud
+918724366823,KOTAK BANK Business Loan Interest Rates Starts at 13.97%. Faster Process & Door Step Service. Apply! 8665000342 T&C http://epq9.com/Bcyiz5zIs3d,fraud,fake_loan
+918885636609,"Part time job available. Earn Rs.195,000/month doing simple tasks. Join: wa.me/918995977182",fraud,wfh_job_scam
+919832720016,"Dear Citizen, Rs.80,000 NEFT pending under Ayushman Bharat. Provide bank details: 8842068302",fraud,fake_govt_scheme
+918762215649,"Alert: TNEB disconnection scheduled for tonight. Bill due Rs.7,000. Avoid by calling 8299056465 now.",fraud,utility_threat
+918093343556,"MSME Loan Scheme 2026 - Rs.2,320,000/- can be credited in your Bank. Check eligibility: https://ow.ly/s2vLt",fraud,rbi_govt_scheme
+919661591134,"Atal Pension Yojana: You are eligible for Rs.35,000 grant. Register now: http://gov-scheme.in/7DPM2Wnn1I",fraud,fake_govt_scheme
+917828825325,"Kindly update your delivery location within 12 hours, otherwise we will proceed to return the product: https://tinyurl.com/3lnFrSMDX",fraud,fake_delivery
+919839070465,YONO SBI: Unusual transaction detected. Verify your account to continue: http://icici-verify.net/O6qfIrQXYDpkG,fraud,sbi_yono_phish
+917247322778,"FINAL WARNING: TATA Power will disconnect power supply at 11:30 today. Pending bill Rs.7,200. http://ct3.io/HCTnoRyX1",fraud,utility_threat
+919530064349,"Ministry of Finance: Ayushman Bharat beneficiary — Rs.70,000 on hold. Submit KYC: http://axisbk-verify.com/DHmTKH763",fraud,fake_govt_scheme
+917554594798,"KOTAK BANK ALERT: Rs.7,500 credited to A/c ending 5048. If unrecognized, verify immediately: http://icici-verify.net/bJIskF",fraud,fake_bank_credit
+918143107671,BITCOIN opportunity: Double your investment in 48 hrs with AlgoTrade24. Limited: https://lihi.cc/Yn2ch,fraud,crypto_scam
+919939593034,"Join Deutsche Securities premium group. Members earned Rs 390,000 last week. Register free: https://lihi.cc/sURLJ",fraud,fake_broker
+919923908748,"Dear Customer, Rs.29,500/- has been Credited to your UNION BANK A/c XXXX3717 on 17-04-2025. If not done by you, call or click http://yesbank-update.com/5XN6EwINOMB",fraud,fake_bank_credit
+919771584046,BitProfit India: Your crypto portfolio grew 232% this week. Continue: http://sr3.in/8kRc6CNR,fraud,crypto_scam
+918692377384,"UPI Transfer: INR 35,500 received on 9819XXXX9130 from government scheme. Withdraw: http://icicisecure.net/zxSwCT4IquCK3",fraud,bhim_upi_fake
+919659511110,"Job offer from Accenture: Rs.34,000/month. Work from home. Registration fee Rs.1100. wa.me/918119729282",fraud,fake_job_offer
+919624089854,"Tax refund alert: Rs.18,000 ready. Submit bank details to receive: http://yesbank-update.com/NLvkB6XGa",fraud,income_tax_fraud
+919937505270,Special offer: AXIS BANK Business Loan with 0 processing fee. Apply now before offer ends: wa.me/918464684880,fraud,fake_loan
+918209281269,"Recovery Agent Notice: CANARA BANK has authorized recovery of Rs.30,000. Contact: 8097185170",fraud,emi_threat
+919549806369,"RBI Digital Saving Scheme 2026: Invest Rs.5K get Rs.1,905,000 in 90 days. https://s.id/ONUSi1xne",fraud,rbi_govt_scheme
+918459050986,"Alert: TATA Power disconnection scheduled for tonight. Bill due Rs.3,600. Avoid by calling 7238785286 now.",fraud,utility_threat
+918075817698,"PNB OTP for credit card transaction Rs.34,500. If not you, click to cancel: http://mktasset.com/jorcv8Wp",fraud,credit_card_fraud
+917063702122,Your KOTAK BANK account will be FROZEN if Aadhaar not linked by tonight. Link: http://mktasset.com/SZtlKNjjyKiVn,fraud,aadhaar_pan_fraud
+919255948484,"BANK OF BARODA OTP for credit card transaction Rs.36,000. If not you, click to cancel: http://hdfcloan-apply.in/BIkF0bgNoyk",fraud,credit_card_fraud
QP-REFUND,[SmartCoin] ALERT: Account suspended. Complete re-KYC within 2 hours to avoid termination: http://hdfcloan-apply.in/Nuy5avvBCUnR,fraud,kyc_phish
+918198267438,"BHIM Ref ID: Y4LH2Q4H94. Rs.94,000 sent to 9661XXXX. Withdraw Cash NOW http://icicisecure.net/IVy35I4Wz71KzU",fraud,bhim_upi_fake
+919339545520,"Atal Pension Yojana: You are eligible for Rs.30,000 grant. Register now: http://rbi-scheme.in/e0XLkrcio6",fraud,fake_govt_scheme
+917472999404,UIDAI Notice: Your Aadhaar is not linked to YES BANK. Link before 05-05-2026 to avoid account freeze: http://paytm-kyc.net/DJ6fPj65UdImiG,fraud,aadhaar_pan_fraud
+919377706858,"Flipkart Big Billion Lucky Winner: Rs.4,360,000 + gifts. Collect: http://axis-bank.online/NAomGdOewe192V",fraud,lottery_prize
+919821136901,Your Nykaa account has been locked. Unlock by verifying identity: http://epq9.com/AyMptX3FHY0Xc,fraud,fake_ecom
+919925370002,Check your eligibility in 45 sec for HDFC BANK Personal Loan. Get welcome benefits up to Rs.500. T&C wa.me/918599716844,fraud,fake_loan
+918208281278,"Job offer from Microsoft India: Rs.20,000/month. Work from home. Registration fee Rs.1200. wa.me/918870737230",fraud,fake_job_offer
+919592917062,"Achieve Rs 199,000 this week with BARCLAYS expert insights. Better returns start today. https://bit.ly/WeDl0YZ",fraud,fake_broker
+918440487387,"Arbitrage model: from 10K, RBI-backed plan. UBS India Advisory members earned Rs 567,000. https://t.ly/Hk0BQSE3B",fraud,fake_broker
+919363581756,"Flash reward from Amazon: Rs.1,900 cashback waiting. Claim: http://mktasset.com/xA150r9X3FMnoc",fraud,fake_ecom
+919452326416,"Join Credit Suisse India premium group. Members earned Rs 465,000 last week. Register free: https://cutt.ly/uyf8D6axB",fraud,fake_broker
+917633321575,"Your resume has been selected by Infosys. Rs.36,000 salary. Call HR: 8213364997",fraud,fake_job_offer
+918203131365,BITCOIN opportunity: Double your investment in 48 hrs with ProfitEdge. Limited: http://gov-scheme.in/qHtvhVt1,fraud,crypto_scam
+918488658118,"Congratulations! Accenture has shortlisted you for a job. Salary: Rs.34,000/month. Confirm: 8606214021",fraud,fake_job_offer
+918663648913,Action Required! LazyPay: Your account is blocked due to pending KYC. Click to verify: http://sbi-secure.in/DZzstve,fraud,kyc_phish
+917012182374,SBI Personal Loan Interest Rates Starts at 12.4%. Faster Process & Door Step Service. Apply! 7821399492 T&C wa.me/918405770169,fraud,fake_loan
+917094109114,"Income Tax India: Excess TDS of Rs.24,500 refundable. Click to claim: http://ct3.io/5y1drvHc89",fraud,income_tax_fraud
+919005152786,URGENT: UNION BANK credit card about to be cancelled. Verify identity to retain card: http://axis-bank.online/FMzcnNFXXXGs,fraud,credit_card_fraud
+917295159466,Your SmartCoin account is SUSPENDED. Complete KYC immediately to avoid permanent closure. http://ct3.io/ol2ksRqEJvNB,fraud,kyc_phish
BW-INCASH,Your HDFC BANK account is partially frozen. Resume service by completing KYC: http://hdfc-kyc.com/rMYYhgiPk,fraud,dlt_kyc_phish
+917724382612,Your Airtel number will be cancelled due to KYC mismatch. Re-verify now: http://hdfc-kyc.com/cgu2sa,fraud,sim_expiry_fraud
+918700640340,"Mahanagar Gas: Connection termination scheduled. Clear dues Rs.4,300 by calling: 7474750968",fraud,utility_threat
+917045015035,"Crypto arbitrage: Rs.10K → Rs.367,000 in 7 days. CoinMax verified. Join: https://lihi.cc/oBs9sWY2",fraud,crypto_scam
+917811310730,"Mahanagar Gas Notice: Rs.2,300 electricity bill overdue. To avoid disconnection call our executive: 7090614067",fraud,utility_threat
+917322046616,"KOTAK BANK Card Services: EMI due of Rs.72,500 overdue. Pay to avoid legal action: http://axis-bank.online/5J5Uu3aEh",fraud,credit_card_fraud
+918552806267,YES BANK: Your credit card XXXX7271 has been temporarily blocked. To unblock: http://hdfcloan-apply.in/6D1ZfjYZNF0xj,fraud,credit_card_fraud
+919181553606,"NOTICE: Rs.15,500 reversal pending in KOTAK BANK account XXXX4066. Confirm: http://icici-verify.net/uztXg6",fraud,fake_bank_credit
+919322520556,"ALERT: CANARA BANK card used for Rs.43,000 online purchase at 16:30 today. Verify: http://kotak-kyc.in/ZCaNOH1xhT",fraud,credit_card_fraud
+918578471632,Post Office: Your parcel K7MNCTICEAAE is on hold due to incomplete address. Update now: https://bit.ly/SkDOQuwX5,fraud,fake_delivery
+919563348935,"Hi 8690XXXX98, Transaction successfully done of Rs.66,000 to your account on 17-02-2026. Withdraw N0W: http://paytm-kyc.net/D6Fz2NoG",fraud,bhim_upi_fake
+917398763648,Airtel Alert: Your current SIM will be deactivated tonight. Call 7096496274 to retain number.,fraud,sim_expiry_fraud
+919842610832,"URGENT: Your income tax refund Rs.34,000 will lapse in 48 hrs. Update: http://ct3.io/BBNnHP",fraud,income_tax_fraud
+919115285046,"Invest Rs.10,000 in CryptoEdge and earn Rs.482,000 in 30 days. Verified traders. http://epq9.com/yQbi9qFdU6iTGk",fraud,crypto_scam
+919155754519,Your ATM PIN has been reset. New OTP: 393926. Call our helpdesk to confirm: http://ct3.io/yCuV68Yi6bGO,fraud,otp_theft
+917847426940,Post Office: Your parcel JZCDUSCUNK0K is on hold due to incomplete address. Update now: https://rb.gy/7YP41V,fraud,fake_delivery
+919493718445,"!$! AlgoTrade24 DEALER ACCOUNT — Make Rs.77,000/month guaranteed. Register: http://epq9.com/eLwSg7",fraud,crypto_scam
+918331087545,[AXIS BANK] Loan account XXXX3708 has missed 3 EMIs. Regularize immediately: 8202467408,fraud,emi_threat
+918418935052,"Home-based job opportunity. Earn Rs.9,500/day by liking YouTube videos. wa.me/917299024535",fraud,wfh_job_scam
+918414338101,"Ministry of Finance: PM Kisan Yojana beneficiary — Rs.15,000 on hold. Submit KYC: http://yesbank-update.com/Sd4nER",fraud,fake_govt_scheme
+918084366070,"Your YES BANK OTP is 904759. DO NOT share with anyone. If you didn't request this, report: http://ct3.io/gKaM20z",fraud,otp_theft
+917817234855,"Video rating job: earn Rs.5,500/day. 1-2 hrs work. WhatsApp: wa.me/917786155656",fraud,wfh_job_scam
+917922419839,"PM Digital India Fund: Rs.925,000 credited for eligible citizens. Claim: https://short.gy/N7iUcxW",fraud,rbi_govt_scheme
+919812393213,"Dear Customer, your OTP 614807 for updating net banking is valid for 5 min. Call 1800XXXXXX if not requested.",fraud,otp_theft
+919750400373,Bima Yojana: You are selected to get 1 CRORE life cover. Application approved. Apply: http://yesbank-update.com/V58ZbKMMZn,fraud,rbi_govt_scheme
+917772548583,"SBI — Your KYC-linked reward of Rs.29,000 is ready. Claim before expiry: http://axis-bank.online/TtWB9E",fraud,fake_bank_credit
+918386112337,"Video rating job: earn Rs.2,000/day. 1-2 hrs work. WhatsApp: wa.me/917876190189",fraud,wfh_job_scam
+917280450721,"Dear beneficiary, your PM Awas Yojana payment of Rs.10,000 is approved. Claim: http://icicisecure.net/BvyRKKnsk0ubq",fraud,fake_govt_scheme
+917502566920,"UPI Transfer: INR 6,000 received on 8851XXXX5907 from government scheme. Withdraw: http://mktasset.com/1JZ8cMHc1",fraud,bhim_upi_fake
+919453432737,"Achieve Rs 552,000 this week with Citibank Wealth expert insights. Better returns start today. https://short.gy/fnQsK",fraud,fake_broker
+918143724618,"Urgent: Flipkart seller issued refund Rs.900. To receive, update account: http://sbicard-update.com/kmSdVmHkwui5NB",fraud,fake_ecom
+918485402717,"Simple online tasks. Rs.8,000/day. Work from home. WhatsApp now: wa.me/919025606949",fraud,wfh_job_scam
+917467606436,"Congrats 9225XXXX78, Rs.21,000/- Credited to your A/c By BHIM SBI Ref ID: GJ329IXXX GET Cash NOW http://linstok.com/6HMHXp8yMB5x",fraud,bhim_upi_fake
+917200508449,"Amazon product review job from home. Earn Rs.9,000/task. wa.me/917155946646",fraud,wfh_job_scam
+918857854916,"[BHIM] Rs 93,500 has been sent to your UPI account. Withdraw instantly here: http://gov-scheme.in/v4WG4SQ",fraud,bhim_upi_fake
+917573592246,"Your BANK OF BARODA cashback of Rs.48,500 is ready to be transferred. Verify account: http://sbi-secure.in/UYgbSZENcr8",fraud,fake_bank_credit
+919848621531,"Hi 7619XXXX17, Rs.68,500/- is Transferred to Your A/c By BHIM SBI Ref ID: T8MF5LXXX. Withdraw Cash NOW http://income-tax-refund.in/caj1pkC3dx6",fraud,bhim_upi_fake
+918527628139,"Dear Customer-Your S.B,I Y0N0 NetBanking Reward point's INR.12,800 will expire Today please-redeem Your points in Cash-click-on link. http://linstok.com/1IybgN",fraud,sbi_yono_phish
+919085207790,TRAI Notice: Your number is being used for criminal activity. It will be blocked in 2 hours. Call 9208853671.,fraud,police_impersonation
+918471064683,"Congratulations! SPIN and WIN: You won Rs.1,680,000. Claim in 24 hrs: http://gov-scheme.in/lFQQyoO",fraud,lottery_prize
+917042068625,"You have been selected for Microsoft India online job vacancy. Salary Rs.58,000. Joining fee applies. 9255001682",fraud,fake_job_offer
+917593284689,India Post: Parcel VTIXRH6KRSZJ detained. Pay Rs.160 handling fee to release: https://tinyurl.com/xRXs9,fraud,fake_delivery
+917779431369,"Transaction declined for Rs.2,000 on KOTAK BANK card. Confirm details: http://kotak-kyc.in/EV6RbivEL5",fraud,credit_card_fraud
CP-GOVTSC,"IMPORTANT ALERT! Account BLOCKED due to incomplete re-KYC as per RBI guideline. To activate your account, complete VIDEO-KYC URGENTLY. Loan up to Rs.45,000 instantly http://paytm-kyc.net/9L7J9gaVt -Dhani",fraud,kyc_phish
+917707550474,"Rs57000 to Rs285,000 story. RBI listing confirmed. https://tinyurl.com/eCPr8e",fraud,rbi_govt_scheme
CP-MPOKKT,Action Required! CashBean: Your account is blocked due to pending KYC. Click to verify: http://income-tax-refund.in/cb2wjZ3bdAMhnp,fraud,kyc_phish
+917267169948,"Work from home opportunity! Earn Rs.3,000/day. No experience needed. WhatsApp: wa.me/918830729467",fraud,wfh_job_scam
+919400392102,"Rs.39,500 credited to your account via BHIM SBI. Ref: JCELWA8U. To withdraw click: http://axisbk-verify.com/8zlphl",fraud,bhim_upi_fake
+917787370680,"Land for sale: 3 acres near Pune. Rs.1,000,000. Call 9007827119",fraud,real_estate_fraud
TM-CASHNW,[Dhani] ALERT: Account suspended. Complete re-KYC within 2 hours to avoid termination: http://sbicard-update.com/vHGVhkAkKHx,fraud,kyc_phish
+917222833965,"MSME Loan Scheme 2026 - Rs.1,375,000/- can be credited in your Bank. Check eligibility: http://axisbk-verify.com/haKchmmN8",fraud,rbi_govt_scheme
+918997831983,"Your AXIS BANK cashback of Rs.25,000 is ready to be transferred. Verify account: http://linstok.com/Jz6RfUtCVw",fraud,fake_bank_credit
+917324257617,Your UNION BANK account will be FROZEN if Aadhaar not linked by tonight. Link: http://income-tax-refund.in/d4JNijtl,fraud,aadhaar_pan_fraud
+918884771792,Final attempt: Flipkart Courier was unable to deliver your package. Click to reschedule: https://s.id/BcjpP0k,fraud,fake_delivery
+917781073153,URGENT: Your Airtel SIM card is outdated. Upgrade to 5G now or lose number: http://hdfc-kyc.com/RXGY8UfxJwY8,fraud,sim_expiry_fraud
+919188300178,YONO SBI: Unusual transaction detected. Verify your account to continue: http://kotak-kyc.in/RSVPiQEAS9,fraud,sbi_yono_phish
+918466861553,RBI Mandate: Aadhaar-Bank linking mandatory by 10-09-2025. Update to avoid freeze: http://paytm-kyc.net/vyMzxw6eNgMxW,fraud,aadhaar_pan_fraud
+919292482530,"Received INR 65,500 on 807608XX20 at 15-06-2025 14:30. Quick UPI withdrawal available here: http://paytm-kyc.net/02a11WTFSyD",fraud,bhim_upi_fake
+919558617893,Customs duty of Rs.110 is pending for your international parcel. Pay now: https://lihi.cc/Dg4zg3p,fraud,fake_delivery
+917744813077,"Earn Rs.285,000 monthly from home. Flexible hours. Register: wa.me/919857959130",fraud,wfh_job_scam
+917656782214,Your Vi (Vodafone Idea) number will be cancelled due to KYC mismatch. Re-verify now: http://yesbank-update.com/NzA583eZLNYfc,fraud,sim_expiry_fraud
+919481443672,Final Warning from Fibe: KYC incomplete. Account will be closed by midnight. Verify now: http://icici-verify.net/pJVqGsbVeWSt0,fraud,kyc_phish
+919859499542,"Congratulations! Rs.21,500/- credited to your ICICI BANK account by GOVT scheme. Claim now: http://axisbk-verify.com/BpSYyZu0umesO",fraud,fake_bank_credit
TM-CASHNW,ALERT: SBI account KYC incomplete. Complete Video-KYC urgently: http://kotak-kyc.in/ip06LuI,fraud,dlt_kyc_phish
+919683016513,"!$! AlgoTrade24 DEALER ACCOUNT — Make Rs.121,000/month guaranteed. Register: http://sbicard-update.com/ud6tV1Csi7iS",fraud,crypto_scam
+919663723782,Supreme Court Summons: Your PAN is linked to a fraud case. Respond within 2 hrs: 8219384745,fraud,police_impersonation
+918762592683,[KreditBee] ALERT: Account suspended. Complete re-KYC within 2 hours to avoid termination: http://ct3.io/Q8RuN2t0DuLK,fraud,kyc_phish
+917587421182,Citibank Wealth helps you achieve stock market success with real guidance. https://tinyurl.com/awNXHx,fraud,fake_broker
+918698203387,[XpressBees] Tracking HRNMI8MAUHUH: Package undeliverable. Update delivery address: https://s.id/dM0C04g,fraud,fake_delivery
+917615943438,"Hi 7824XXXX38, Rs.7,000/- is Transferred to Your A/c By BHIM Ref ID: T1SZNPXXX. Withdraw Cash NOW http://hdfc-kyc.com/2OO8BrCl",fraud,bhim_upi_fake
+918946895318,"Dear User, your Dhani account has been temporarily blocked. Update KYC to continue: http://hdfcloan-apply.in/Kqtgxmv3YB37",fraud,kyc_phish
+918304010985,"Hi 9273XXXX66, Transaction successfully done of Rs.91,000 to your account on 05-02-2026. Withdraw N0W: http://linstok.com/vCyDyBQeMhJ85R",fraud,bhim_upi_fake
+917279962632,"AXIS BANK: An unusual transaction of Rs.18,500 detected. To block/confirm: http://paytm-kyc.net/p7UwTk",fraud,fake_bank_credit
+918954941461,Part time with Wipro: Rs.500/hour. Work 3 hrs/day. Apply: http://epq9.com/NMwY3AfxxhM0zA,fraud,fake_job_offer
VK-KREDTS,"Attention! Account BLOCKED, Complete Video-KYC now to Activate your Account and get a limited-time 50% off on interest rates for your next loan http://sbicard-update.com/bCIasN3M -Dhani",fraud,kyc_phish
+918341175890,"Dear customer, Rs.3,500 Bajaj Allianz premium bounced. Pay now to avoid lapse: 8467298269",fraud,insurance_fraud
+919925713589,Flash reward from Myntra: Rs.200 cashback waiting. Claim: http://sbi-secure.in/hWpyrj,fraud,fake_ecom
+917576197348,"H0me based J0B available. Earn Rs.5,500 per day. wa.me join: wa.me/918036478610",fraud,wfh_job_scam
+919001219133,"CIBIL Alert: Your credit score dropping due to BANK OF BARODA overdue. Pay Rs.19,000: http://income-tax-refund.in/txThSd",fraud,emi_threat
+919712665667,"[GOVT] Your application for Sukanya Samriddhi approved. Get Rs.35,000. Confirm Aadhaar: http://yesbank-update.com/1PRGew71oKkglm",fraud,fake_govt_scheme
+917423566210,IRDAI approved: LIC double cover scheme. Enroll now before deadline: http://rbi-scheme.in/RayJQD,fraud,insurance_fraud
TX-LOANOK,"Dear Customer, your CANARA BANK KYC will expire on 17-05-2026. Update Aadhaar to avoid account suspension: http://hdfcloan-apply.in/3nP2ITnbuV",fraud,dlt_kyc_phish
+918830669788,Alert: TATA Power disconnection scheduled for tonight. Bill due Rs.800. Avoid by calling 9475589575 now.,fraud,utility_threat
JD-SMKKBM,Account operations restricted on KOTAK BANK. Submit KYC documents: http://ct3.io/7iY0gzmD,fraud,dlt_kyc_phish
+918616801024,"Congratulations! SPIN and WIN: You won Rs.800,000. Claim in 24 hrs: http://rbi-scheme.in/Pe1Jc4tybB5TD",fraud,lottery_prize
+919283736684,"BANK OF BARODA Card Services: EMI due of Rs.36,500 overdue. Pay to avoid legal action: http://hdfc-kyc.com/U2gD1Ehf",fraud,credit_card_fraud
+919953386686,Snapdeal Alert: Suspicious activity on your account. Verify to continue shopping: http://epq9.com/wc515P,fraud,fake_ecom
BW-INCASH,ALERT: KOTAK BANK account KYC incomplete. Complete Video-KYC urgently: http://kotak-kyc.in/M27ZH1MdxMXmJ,fraud,dlt_kyc_phish
+919762458266,"Congratulations! You have WON Rs.4,600,000/- in the Lucky Draw. To claim your prize, contact: 9281699662",fraud,lottery_prize
QP-REFUND,ALERT: PNB account KYC incomplete. Complete Video-KYC urgently: http://income-tax-refund.in/juZWhK3gBMYs,fraud,dlt_kyc_phish
+918739235537,"ICICI BANK: An unusual transaction of Rs.48,500 detected. To block/confirm: http://rbi-scheme.in/qwVDVCpB",fraud,fake_bank_credit
+918859155420,[UNION BANK] Loan account XXXX9733 has missed 2 EMIs. Regularize immediately: 8424725446,fraud,emi_threat
+919609705287,"Register: http://icici-verify.net/ohQrlIaCDj ? ProfitEdge Golden Opportunity to make Rs.6,000+ income in a Day. Join now!",fraud,crypto_scam
+919434943714,URGENT: Your electricity supply will be disconnected in 2 hours. Outstanding bill Rs.500. Pay: http://sr3.in/xtUnJN,fraud,utility_threat
+917946341510,"ICICI BANK — Your KYC-linked reward of Rs.1,000 is ready. Claim before expiry: http://gov-scheme.in/Xwi0GEx3v",fraud,fake_bank_credit
+917585187685,"NOTICE: Rs.7,000 reversal pending in BANK OF BARODA account XXXX3514. Confirm: http://sr3.in/hq1BISB",fraud,fake_bank_credit
+919720803797,"[UPI] Transaction of Rs.30,000 pending. Confirm with OTP 709947: http://axisbk-verify.com/GFs0MSM2CKfsL",fraud,otp_theft
+918014202191,"Dear borrower, PNB loan account flagged for non-payment. Pay Rs.3,500 now: http://hdfc-kyc.com/2kNXCRj",fraud,emi_threat
+918690573850,Myntra: Your order for Samsung S24 (Order #CO69EKINPZ) is on hold. Pay Rs.1000 to release: http://paytm-kyc.net/PBgbNmyCW3V,fraud,fake_ecom
+918800556023,Check your eligibility in 45 sec for YES BANK Car Loan. Get welcome benefits up to Rs.500. T&C wa.me/918950483186,fraud,fake_loan
+918556934945,SBI YONO: Your debit card will be blocked. Prevent it by verifying: http://sbi-secure.in/7AEQNyP,fraud,sbi_yono_phish
+917755206062,"Congratulations! You have WON Rs.3,600,000/- in the Lucky Draw. To claim your prize, contact: 7288807187",fraud,lottery_prize
+919535342202,"Reach smarter returns with Citibank Wealth. Members earned Rs 124,000 last week. https://bit.ly/BEmLtS",fraud,fake_broker
+919524603566,"Crypto arbitrage: Rs.10K → Rs.163,000 in 7 days. BitProfit India verified. Join: https://bit.ly/Tq1h5AI",fraud,crypto_scam
+919011393683,"Join Deutsche Securities premium group. Members earned Rs 223,000 last week. Register free: https://rb.gy/sEdAAEe",fraud,fake_broker
+917288540125,"Job offer from Cognizant: Rs.50,000/month. Work from home. Registration fee Rs.700. wa.me/917504144688",fraud,fake_job_offer
+918765774428,India's stock market is rising! Join BARCLAYS for expert advice on profitable investments. https://ow.ly/nTP3fA,fraud,fake_broker
+917321927238,"Dear User, your Navi Loan account has been temporarily blocked. Update KYC to continue: http://sr3.in/WsOGqRFd3RM",fraud,kyc_phish
+917273168022,"Ministry of Finance: Ayushman Bharat beneficiary — Rs.10,000 on hold. Submit KYC: http://sr3.in/WxWY46V",fraud,fake_govt_scheme
+919484318631,"Accenture is hiring freshers. Rs.64,000 CTC. Immediate joining. Registration: wa.me/919697258055",fraud,fake_job_offer
+917967103153,"Dear User, your SIM has been selected in BSNL Lottery. Prize: Rs.4,370,000. Claim: 9284803364",fraud,lottery_prize
+917351929241,Check your eligibility in 45 sec for HDFC BANK Education Loan. Get welcome benefits up to Rs.500. T&C http://epq9.com/lhLYtjQ2JUpV,fraud,fake_loan
+917031710185,"Pradhan Mantri Yojana: Rs.3,385,000 grant approved for your family. Click: https://tinyurl.com/fnV3Y18uu",fraud,rbi_govt_scheme
+917892447247,"Dear Citizen, Rs.110,000 NEFT pending under PM Awas Yojana. Provide bank details: 8621407168",fraud,fake_govt_scheme
+918872532920,Final Warning from KreditBee: KYC incomplete. Account will be closed by midnight. Verify now: http://rbi-scheme.in/2bUFaZ,fraud,kyc_phish
+919671945974,"Cyber Crime Police: Your IP address has been traced to illegal activity. Pay Rs.19,000 settlement. Call 9695558722.",fraud,police_impersonation
+919876434546,"Crypto arbitrage: Rs.10K → Rs.112,000 in 7 days. BitProfit India verified. Join: http://paytm-kyc.net/LbmbYKMEL2xoN",fraud,crypto_scam
+917507770684,"[Adani Electricity] Your account has been flagged. Pay Rs.2,800 or face legal action. Call: 9061803960",fraud,utility_threat
+917416521231,"Online earning opportunity: Rs.9,000/day. No investment. Join us: wa.me/919099473244",fraud,wfh_job_scam
+919113059328,NOTICE: Your parcel is waiting at the warehouse. Pay Rs.100 shipping fee to release: https://bit.ly/qVfk4,fraud,fake_delivery
+919075987248,Get instant CANARA BANK Business Loan approval in minutes. Rate 14.06%. Call 8482810588 or apply: http://yesbank-update.com/R8Snhfvbvr,fraud,fake_loan
+919913316852,Your SBI net banking is locked. Use OTP 229305 to unlock via: http://epq9.com/on0kUOwKdXV17,fraud,otp_theft
+917311036149,"Verified: BARCLAYS advisor group. Rs 273,000 earned by members 03-07-2026. https://rb.gy/nl3MZGGIU",fraud,fake_broker
+918966498475,"BHIM Ref ID: V593VC15IH. Rs.62,500 sent to 7487XXXX. Withdraw Cash NOW http://epq9.com/SzVNSXxaD",fraud,bhim_upi_fake
+918809832477,"URGENT: Your electricity supply will be disconnected in 2 hours. Outstanding bill Rs.6,500. Pay: http://hdfcloan-apply.in/MnEWhT",fraud,utility_threat
+917957376736,[DTDC] Tracking ZKEOCEC3091K: Package undeliverable. Update delivery address: https://s.id/5qqjIwQpf,fraud,fake_delivery
+917721743530,ProfitEdge is offering 200% returns on crypto trades. Invest now: http://income-tax-refund.in/ip3GWey,fraud,crypto_scam
+917775215449,Get instant BANK OF BARODA Car Loan approval in minutes. Rate 12.19%. Call 9682986352 or apply: wa.me/919633484925,fraud,fake_loan
+919964767528,"YES BANK Card Services: EMI due of Rs.33,000 overdue. Pay to avoid legal action: http://kotak-kyc.in/v0g2dOhnm7Bd6A",fraud,credit_card_fraud
+919448581548,"Reliable strategies from Citibank Wealth ensured Rs 247,000 in member profits last week. https://bit.ly/wi3EBsRl",fraud,fake_broker
+919267781530,"Reach smarter returns with Deutsche Securities. Members earned Rs 473,000 last week. https://t.ly/pjDemRA8J",fraud,fake_broker
+918925754136,"HDFC BANK ALERT: Rs.36,000 credited to A/c ending 9705. If unrecognized, verify immediately: http://kotak-kyc.in/tTY6UUugaGgIN",fraud,fake_bank_credit
+918804408830,"Received INR 69,500 on 989598XX08 at 01-09-2025 07:00. Quick UPI withdrawal available here: http://kotak-kyc.in/jh62GTo8",fraud,bhim_upi_fake
+919316174709,"PNB ALERT: Rs.14,000 credited to A/c ending 7362. If unrecognized, verify immediately: http://ct3.io/fIQj7ZHQAZRK",fraud,fake_bank_credit
+919381233002,Pre-approved Gold Loan offer for you from AXIS BANK. Rs.5 Lakh in 24 hrs. Apply: wa.me/919448375717,fraud,fake_loan
+917902825975,"Online earning opportunity: Rs.7,500/day. No investment. Join us: wa.me/919767606678",fraud,wfh_job_scam
+919593941635,Customs duty of Rs.190 is pending for your international parcel. Pay now: https://s.id/qiXfrZt,fraud,fake_delivery
+917486033919,"Passive income from ProfitEdge: Rs.339,000/week. No trading experience needed. https://rb.gy/sIjEho",fraud,crypto_scam
+917578540444,YONO SBI: Unusual transaction detected. Verify your account to continue: http://gov-scheme.in/mN6UCtg13AO8,fraud,sbi_yono_phish
+917219320168,"Congrats 7273XXXX04, Rs.39,000/- Credited to your A/c By BHIM Axis Ref ID: FOO56JXXX GET Cash NOW http://income-tax-refund.in/yjKV0q30Zk",fraud,bhim_upi_fake
+919634300560,"SBI YONO: Your reward points 3,700 expire in 24 hours. Redeem now: http://yesbank-update.com/FMU7LPKHi9olO1",fraud,sbi_yono_phish
+919388400035,Your order from Amazon is on hold. Confirm delivery address within 6 hours: https://s.id/wlcte,fraud,fake_delivery
+918751849862,"Dear Consumer, your BESCOM electricity connection will be disconnected tonight at 9:30 PM due to non-payment of Rs.6,400. Pay now or call 8671295915.",fraud,utility_threat
+919637337002,"Attention! Account BLOCKED, Complete Video-KYC now to Activate your Account and get a limited-time 50% off on interest rates for your next loan http://hdfc-kyc.com/Bn2HWg8LiH -LazyPay",fraud,kyc_phish
+917358640944,"UPI Transfer: INR 11,500 received on 8473XXXX2994 from government scheme. Withdraw: http://sbicard-update.com/EmIu9XWLjY",fraud,bhim_upi_fake
+917356656873,URGENT: Your Airtel SIM card is outdated. Upgrade to 5G now or lose number: http://linstok.com/VIjFXIH,fraud,sim_expiry_fraud
+917352632770,"Tax refund alert: Rs.12,000 ready. Submit bank details to receive: http://paytm-kyc.net/qpCrOHf1RM2UA",fraud,income_tax_fraud
+917067557018,"Transaction declined for Rs.28,000 on ICICI BANK card. Confirm details: http://sr3.in/izppYUgDYwgQ",fraud,credit_card_fraud
+917745286578,"Pradhan Mantri Yojana: Rs.4,640,000 grant approved for your family. Click: http://epq9.com/IaCLy3",fraud,rbi_govt_scheme
+917960932741,"Achieve Rs 307,000 in weekly profits with Morgan Stanley India's trusted advice. https://tinyurl.com/kgd2Ib",fraud,fake_broker
+918068964376,"Invest Rs.10,000 in StockMaster and earn Rs.216,000 in 30 days. Verified traders. https://lihi.cc/0xNV9cGua",fraud,crypto_scam
+917416147542,"RBI Digital Saving Scheme 2026: Invest Rs.5K get Rs.4,145,000 in 90 days. http://linstok.com/sV32fK",fraud,rbi_govt_scheme
+918907177079,"Cognizant is hiring freshers. Rs.66,000 CTC. Immediate joining. Registration: wa.me/919322671657",fraud,fake_job_offer
+917471644067,"Dear User, your Navi Loan account has been temporarily blocked. Update KYC to continue: http://sbi-secure.in/NPCvymc",fraud,kyc_phish
+918196342277,"Ministry of Finance approved: earn Rs.4,365,000/week. Register today: https://ow.ly/fRNadRnRh",fraud,rbi_govt_scheme
+919910907016,RBI Mandate: Aadhaar-Bank linking mandatory by 05-05-2026. Update to avoid freeze: http://icicisecure.net/Mi8Uea,fraud,aadhaar_pan_fraud
TM-CASHNW,HDFC BANK KYC expired. Account restricted. Update at: http://sr3.in/HTuIdBN,fraud,dlt_kyc_phish
+917691749461,"Reliable strategies from Morgan Stanley India ensured Rs 71,000 in member profits last week. https://bit.ly/OM48mRkyA",fraud,fake_broker
VK-KREDTS,ALERT: UNION BANK account KYC incomplete. Complete Video-KYC urgently: http://paytm-kyc.net/YmjEI8u,fraud,dlt_kyc_phish
+918086191967,"Dear beneficiary, your PM Kisan Yojana payment of Rs.170,000 is approved. Claim: http://icici-verify.net/iLOSMi",fraud,fake_govt_scheme
+919144040212,"Hiring now: Part-time online workers. Rs.285,000/month guaranteed. wa.me/918783068184",fraud,wfh_job_scam
+919109819112,Your mPokket account is SUSPENDED. Complete KYC immediately to avoid permanent closure. http://rbi-scheme.in/NWlOnm0TYxqdf,fraud,kyc_phish
+917394992634,"Govt of India: Rs.90,000 sanctioned under PM Awas Yojana. Last date 03-03-2025. Apply: http://epq9.com/Srt6rKJq",fraud,fake_govt_scheme
+917773034900,"IT Dept: Refund of Rs.20,500 initiated to your account. Confirm bank details: http://income-tax-refund.in/vWFnceeVQ",fraud,income_tax_fraud
+918256276488,"Dear taxpayer, your e-filing refund of Rs.14,500 is pending. Claim: http://icici-verify.net/2QWcaBwEAy",fraud,income_tax_fraud
+918452940077,URGENT: ICICI BANK credit card about to be cancelled. Verify identity to retain card: http://paytm-kyc.net/ChRxeSj0,fraud,credit_card_fraud
+918847334903,"Ayushman Bharat: You are eligible for Rs.60,000 grant. Register now: http://axisbk-verify.com/GpHp9va",fraud,fake_govt_scheme
+918470717417,"Income Tax Department: Your IT refund of Rs.21,000 is approved. Update bank account: http://kotak-kyc.in/y6ueerS7L9",fraud,income_tax_fraud
+918685740493,"Passive income from Goldify: Rs.420,000/week. No trading experience needed. https://lnkd.in/25As1fzbD",fraud,crypto_scam
+919481670337,"You are a WINNER! Rs.4,890,000 transferred pending your confirmation. Call 9220091825 now.",fraud,lottery_prize
+918822335060,"Flash reward from Meesho: Rs.1,200 cashback waiting. Claim: http://paytm-kyc.net/UayCO6At",fraud,fake_ecom
+919858244048,"Achieve Rs 526,000 this week with BARCLAYS expert insights. Better returns start today. https://short.gy/kv2LWNLk",fraud,fake_broker
+919009734887,"Your SBI Life policy claim of Rs.8,000 approved. Collect by 19-07-2026: http://hdfcloan-apply.in/iJEe4lE2YMJvO",fraud,insurance_fraud
+917283068774,Flipkart Delivery: We attempted delivery but found the address incorrect. Update: https://rb.gy/1eBuX0do,fraud,fake_delivery
+917979359639,Nykaa: Your smart watch delivery requires payment of Rs.4300 customs. Pay: http://sbicard-update.com/PxZSARJD,fraud,fake_ecom
CP-GOVTSC,"Your PaySense loan account is FROZEN. To unfreeze, complete video KYC immediately: http://mktasset.com/XfilYRlbDio0",fraud,kyc_phish
+917752066366,"Your Bajaj Allianz policy claim of Rs.83,000 approved. Collect by 03-10-2026: http://sbicard-update.com/EeHGNo",fraud,insurance_fraud
+919168593964,"URGENT SALE: 2BHK flat for Rs.2,200,000. Owner going abroad. Immediate registry. 9874022342",fraud,real_estate_fraud
+918156425236,"[BANK OF BARODA] Rs.18,000 has been CREDITED to XXXX3128. Confirm the transaction: http://mktasset.com/Y6gnhKB",fraud,fake_bank_credit
+918562946705,"Flipkart Recruitment 2026: Walk-in-interview. Earn Rs.50,000/month. Register: wa.me/919895077114",fraud,fake_job_offer
+917570373870,"Hi 8690XXXX29, Rs.40,000/- is Transferred to Your A/c By Google Pay Ref ID: E6DZUSXXX. Withdraw Cash NOW http://income-tax-refund.in/zgZdlxAQ",fraud,bhim_upi_fake
+919080841132,"URGENT: Your income tax refund Rs.4,000 will lapse in 48 hrs. Update: http://icici-verify.net/vvaUUrEbnIREDq",fraud,income_tax_fraud
+919398417248,Security alert: Someone is trying to access your YES BANK account. Verify with OTP 000627 here: http://axis-bank.online/FZDnbE,fraud,otp_theft
+918221011934,UIDAI Notice: Your Aadhaar is not linked to HDFC BANK. Link before 07-11-2026 to avoid account freeze: http://gov-scheme.in/COO7ZYza,fraud,aadhaar_pan_fraud
+919330449971,"ED Notice: Money laundering case linked to your Aadhaar. Pay Rs.45,000 or face arrest. Call 9216210428.",fraud,police_impersonation
+919925881350,"Your mobile number was picked in GOVT Digital India Lottery. Prize: Rs.1,070,000. 9610352801",fraud,lottery_prize
+919443405808,"URGENT SALE: 2BHK flat for Rs.700,000. Owner going abroad. Immediate registry. 7641556683",fraud,real_estate_fraud
+917851102090,"Dear Citizen, Rs.170,000 NEFT pending under Digital India Fund. Provide bank details: 7238052300",fraud,fake_govt_scheme
+917559860631,You qualify for CANARA BANK Education Loan Rs 2 Lakh to Rs 25 Lakh. No collateral. http://sbicard-update.com/iMFC5Hj,fraud,fake_loan
+917300404750,ALERT: Suspicious login attempt on SBI YONO. Secure account: http://gov-scheme.in/lLkhVg,fraud,sbi_yono_phish
+918949670001,"RBI-backed arbitrage plan: invest Rs.10K, earn Rs.1,480,000/month. Limited slots. https://rb.gy/jNp3q",fraud,rbi_govt_scheme
+917908850215,"Dear User, your SmartCoin account has been temporarily blocked. Update KYC to continue: http://hdfc-kyc.com/hcQ1JcSdS",fraud,kyc_phish
+919699288511,"BANK OF BARODA Car Loan now rate starts at 13.71%. Faster process, Zero Preclosure charges. Apply! 9626143193 Whatsapp wa.me/918973496346",fraud,fake_loan
VK-KREDTS,"Dear Customer, your ICICI BANK KYC will expire on 25-10-2026. Update Aadhaar to avoid account suspension: http://paytm-kyc.net/g6CX6Ks",fraud,dlt_kyc_phish
+919519955368,"Job offer from Microsoft India: Rs.74,000/month. Work from home. Registration fee Rs.800. http://income-tax-refund.in/0NIirTKYaEn4",fraud,fake_job_offer
+919716198742,"AXIS BANK ALERT: Rs.37,000 credited to A/c ending 9862. If unrecognized, verify immediately: http://yesbank-update.com/jYl73eWl",fraud,fake_bank_credit
+917231062649,Customs duty of Rs.60 is pending for your international parcel. Pay now: https://bit.ly/xEpyK,fraud,fake_delivery
CP-MPOKKT,Your mPokket account is SUSPENDED. Complete KYC immediately to avoid permanent closure. http://axis-bank.online/FRDs4ote,fraud,kyc_phish
+918519202025,UNION BANK: Your credit card XXXX3246 has been temporarily blocked. To unblock: http://paytm-kyc.net/HgBec5,fraud,credit_card_fraud
+918532800179,"Dear Customer, your OTP 554469 for updating net banking is valid for 5 min. Call 1800XXXXXX if not requested.",fraud,otp_theft
+919585084167,"Recovery Agent Notice: KOTAK BANK has authorized recovery of Rs.75,000. Contact: 9269712095",fraud,emi_threat
+919279436731,"ICICI BANK: An unusual transaction of Rs.14,000 detected. To block/confirm: http://mktasset.com/rtde12S0",fraud,fake_bank_credit
+917536301073,"Congratulations! SPIN and WIN: You won Rs.1,250,000. Claim in 24 hrs: http://mktasset.com/AkjHRC5xdE",fraud,lottery_prize
+919316175208,"Register: https://t.ly/aGNKOXPO9 ? BitProfit India Golden Opportunity to make Rs.371,000+ income in a Day. Join now!",fraud,crypto_scam
+917968425099,Credit Suisse India helps you achieve stock market success with real guidance. https://rb.gy/e1Mo4i,fraud,fake_broker
+918116532507,"MSME Loan Scheme 2026 - Rs.1,020,000/- can be credited in your Bank. Check eligibility: https://lihi.cc/P2Qbo",fraud,rbi_govt_scheme
+919337604198,TRAI Notice: Your number is being used for criminal activity. It will be blocked in 2 hours. Call 8696300235.,fraud,police_impersonation
+919792926382,SBI Net Banking locked. Provide OTP to unlock via: http://hdfcloan-apply.in/BUDuyJSc5uX,fraud,sbi_yono_phish
VK-KREDTS,URGENT: Your KreditBee account will be deactivated in 24 hours. Complete Video-KYC now: http://axis-bank.online/0UJXSwOi,fraud,kyc_phish
+919268576302,"Your resume has been selected by Infosys. Rs.34,000 salary. Call HR: 9281845336",fraud,fake_job_offer
VK-KREDTS,URGENT: KOTAK BANK account will be closed in 48 hrs due to incomplete KYC: http://sbicard-update.com/eFq4Ta5cihdyG,fraud,dlt_kyc_phish
+917085169574,"Received INR 87,000 on 741385XX01 at 12-05-2025 08:15. Quick UPI withdrawal available here: http://hdfcloan-apply.in/u3cA3yq",fraud,bhim_upi_fake
+918667668061,"Dear Customer, your FedEx India parcel failed delivery attempt. Reschedule: https://lihi.cc/pbyTqAeiZ",fraud,fake_delivery
+917216809596,"FINAL WARNING: TNEB will disconnect power supply at 14:00 today. Pending bill Rs.7,300. http://sbicard-update.com/ObNEqib2O",fraud,utility_threat
+919473487287,Income Tax Dept: PAN-Aadhaar linking pending. Penalty Rs.1000/day after 25-08-2025. http://ct3.io/JaU5jvxYNSYL,fraud,aadhaar_pan_fraud
+919626658086,"Your LIC policy claim of Rs.37,000 approved. Collect by 12-05-2026: http://sbi-secure.in/nCgGTlQUX",fraud,insurance_fraud
+917766400185,"TNEB Notice: Rs.2,800 electricity bill overdue. To avoid disconnection call our executive: 7036492854",fraud,utility_threat
+917338860901,"Mahanagar Gas: Connection termination scheduled. Clear dues Rs.5,200 by calling: 8243861292",fraud,utility_threat
+919123806622,"Hi 8827XXXX96, Transaction successfully done of Rs.43,500 to your account on 05-02-2025. Withdraw N0W: http://rbi-scheme.in/2hsjnziZvORq",fraud,bhim_upi_fake
+917274405381,"Simple online tasks. Rs.2,000/day. Work from home. WhatsApp now: wa.me/918482892828",fraud,wfh_job_scam
+919659060484,"Dear Customer, Rs.29,000/- has been Credited to your PNB A/c XXXX8744 on 07-03-2025. If not done by you, call or click http://yesbank-update.com/28Hy2l1dWp1F",fraud,fake_bank_credit
+919233165247,"Verified: HSBC Securities advisor group. Rs 559,000 earned by members 28-04-2026. https://ow.ly/4zTK9Yv",fraud,fake_broker
+917069114411,"RBI-backed arbitrage plan: invest Rs.10K, earn Rs.1,855,000/month. Limited slots. https://lihi.cc/BAA0sP",fraud,rbi_govt_scheme
+919190784016,India's stock market is rising! Join Credit Suisse India for expert advice on profitable investments. https://cutt.ly/DLzErVg,fraud,fake_broker
BG-EARNNW,Action Required! CashBean: Your account is blocked due to pending KYC. Click to verify: http://income-tax-refund.in/JZQeArbLw83,fraud,kyc_phish
+919693781120,"ALERT: SBI Life policy overdue. Last chance to pay Rs.8,000 premium. Call 8885421552.",fraud,insurance_fraud
+917513400137,Security alert: Someone is trying to access your PNB account. Verify with OTP 595064 here: http://mktasset.com/GWrERxuaiUzm4,fraud,otp_theft
+917637955841,[SmartCoin] ALERT: Account suspended. Complete re-KYC within 2 hours to avoid termination: http://axisbk-verify.com/GR1IL3k,fraud,kyc_phish
+917778850608,"IMPORTANT ALERT! Account BLOCKED due to incomplete re-KYC as per RBI guideline. To activate your account, complete VIDEO-KYC URGENTLY. Loan up to Rs.45,000 instantly http://paytm-kyc.net/Zi91So -mPokket",fraud,kyc_phish
+918113326403,Vi (Vodafone Idea) Final Notice: Your mobile number will be blocked by 19:15. Upgrade SIM: 7428712807,fraud,sim_expiry_fraud
+919046964191,"Mahanagar Gas: Connection termination scheduled. Clear dues Rs.1,500 by calling: 7063950225",fraud,utility_threat
+919722051611,Dhani Notice: Incomplete KYC detected. Your credit limit is on hold. Update here: http://icici-verify.net/s9QspAJI4FFzC,fraud,kyc_phish
+919102626664,"SBI: An unusual transaction of Rs.26,000 detected. To block/confirm: http://hdfc-kyc.com/yepR1Dfi",fraud,fake_bank_credit
+919220307071,"MSME Loan Scheme 2026 - Rs.3,920,000/- can be credited in your Bank. Check eligibility: https://ow.ly/vBkBwEmVe",fraud,rbi_govt_scheme
+919560535361,"Rs 357,000 profit guaranteed with Credit Suisse India strategy. Join members now: https://bit.ly/xW5u2A5hV",fraud,fake_broker
+918282339136,BSNL Alert: Your current SIM will be deactivated tonight. Call 9454033247 to retain number.,fraud,sim_expiry_fraud
+918248303932,PNB is offering Gold Loan upto Rs.50 Lakh at just 10.19% p.a. Fast approval. Apply via http://icicisecure.net/wra15oVwoFsQM,fraud,fake_loan
+917992985742,"Online data entry job. Earn Rs.4,000 daily. 2-3 hours/day. Contact: wa.me/919133187878",fraud,wfh_job_scam
+917274151067,"URGENT: Your income tax refund Rs.17,000 will lapse in 48 hrs. Update: http://sbi-secure.in/YziYTOoy",fraud,income_tax_fraud
TM-CASHNW,Your ICICI BANK account is partially frozen. Resume service by completing KYC: http://hdfcloan-apply.in/RGMyxw5sQNEQbn,fraud,dlt_kyc_phish
+917855473278,"Govt approved investment scheme: Rs.1,830,000 guaranteed return. Apply now: http://ct3.io/3RKxFyp8",fraud,rbi_govt_scheme
+917337621008,"HDFC Life: Your policy will lapse in 24 hrs. Pay Rs.10,000 now to avoid coverage gap: http://epq9.com/nTGMKXtx7",fraud,insurance_fraud
+919451842395,"COD order on Amazon worth Rs.19,500 placed from your account. Not you? http://axis-bank.online/rOQ8gMR",fraud,fake_ecom
+917216220657,Check your eligibility in 45 sec for BANK OF BARODA Education Loan. Get welcome benefits up to Rs.500. T&C wa.me/917388486279,fraud,fake_loan
+919792431268,SBI YONO: Your debit card will be blocked. Prevent it by verifying: http://icici-verify.net/sYn53vEPi,fraud,sbi_yono_phish
+918427998740,YONO SBI: Unusual transaction detected. Verify your account to continue: http://hdfcloan-apply.in/xVPb9ETJaA,fraud,sbi_yono_phish
+918707574104,"ALERT: UNION BANK card used for Rs.52,000 online purchase at 16:00 today. Verify: http://axisbk-verify.com/4jH8CnbgePvnI",fraud,credit_card_fraud
+918602841167,"Passive income from AlgoTrade24: Rs.43,000/week. No trading experience needed. http://ct3.io/Qya99BwvvBv",fraud,crypto_scam
+919638507721,"Dear Sir/Madam, Aadhaar verification failed for your HDFC BANK account. Re-verify: http://hdfcloan-apply.in/s21BbVUmWDJ87x",fraud,aadhaar_pan_fraud
+918299925207,"Hiring now: Part-time online workers. Rs.135,000/month guaranteed. wa.me/917518632983",fraud,wfh_job_scam
+917017390581,Supreme Court Summons: Your PAN is linked to a fraud case. Respond within 2 hrs: 9228360378,fraud,police_impersonation
+919200743161,"Last week, UBS India Advisory members earned Rs 195,000 with expert market insights. https://rb.gy/nZmlX0",fraud,fake_broker
+917872919291,"Tax refund alert: Rs.2,500 ready. Submit bank details to receive: http://paytm-kyc.net/wy6dtesgKIRt7",fraud,income_tax_fraud
+919515083314,"SBI YONO: Your reward points 14,600 expire in 24 hours. Redeem now: http://rbi-scheme.in/opb5Mv1dg0gHa",fraud,sbi_yono_phish
+919238843162,"Dear Customer, Nykaa order cancelled due to payment failure. Re-confirm: http://yesbank-update.com/rVWl1m46rHhEkE",fraud,fake_ecom
+919860462099,Security alert: Someone is trying to access your PNB account. Verify with OTP 854802 here: http://rbi-scheme.in/9KaWNFkrgch,fraud,otp_theft
+919634772081,"Transaction declined for Rs.52,500 on CANARA BANK card. Confirm details: http://hdfcloan-apply.in/76BzroRtExbbCn",fraud,credit_card_fraud
+918361065199,"Dear Policyholder, your LIC bonus of Rs.67,000 is ready. Claim before expiry: http://gov-scheme.in/xTTGvdhD",fraud,insurance_fraud
+919146868089,"IT Dept: Refund of Rs.3,000 initiated to your account. Confirm bank details: http://hdfcloan-apply.in/ixmFMfj2bl",fraud,income_tax_fraud
+917929918112,URGENT: BANK OF BARODA credit card about to be cancelled. Verify identity to retain card: http://paytm-kyc.net/43n3Yw,fraud,credit_card_fraud
+917775494592,"[UPI] Transaction of Rs.40,000 pending. Confirm with OTP 373156: http://income-tax-refund.in/2QZFtlSB",fraud,otp_theft
CP-MPOKKT,"Your KreditBee loan account is FROZEN. To unfreeze, complete video KYC immediately: http://icici-verify.net/6kdUIE27A",fraud,kyc_phish
+917310620311,"Crypto arbitrage: Rs.10K → Rs.86,000 in 7 days. ForexPro India verified. Join: http://hdfcloan-apply.in/nNaAN7",fraud,crypto_scam
+919229661713,India's stock market is rising! Join HSBC Securities for expert advice on profitable investments. https://ow.ly/11xCZ,fraud,fake_broker
+918251323575,RBI Mandate: Aadhaar-Bank linking mandatory by 07-11-2026. Update to avoid freeze: http://axis-bank.online/cFRt49snGAGIB,fraud,aadhaar_pan_fraud
CP-MPOKKT,Account operations restricted on AXIS BANK. Submit KYC documents: http://icici-verify.net/MwUxy3NnwX,fraud,dlt_kyc_phish
+917849751388,Aadhaar OTP required to complete SBI e-KYC. Call 7623239791 to proceed.,fraud,aadhaar_pan_fraud
+918273519219,"COD order on Flipkart worth Rs.6,500 placed from your account. Not you? http://axis-bank.online/tjhHZsX",fraud,fake_ecom
+918482960372,Your CashBean account is SUSPENDED. Complete KYC immediately to avoid permanent closure. http://kotak-kyc.in/avLwfRI,fraud,kyc_phish
+918877487858,"Your AXIS BANK account XXXX7958 received Rs.44,500. To withdraw or verify: http://linstok.com/w6umAMj1",fraud,fake_bank_credit
+919292227508,"Suspicious transaction of Rs.25,500 on KOTAK BANK card. To block click: http://epq9.com/CdZEFmJPV0jF",fraud,credit_card_fraud
+919126239900,"Video rating job: earn Rs.7,000/day. 1-2 hrs work. WhatsApp: wa.me/919180113472",fraud,wfh_job_scam
+918451325797,"H0me based J0B available. Earn Rs.8,000 per day. wa.me join: wa.me/917983434963",fraud,wfh_job_scam
+917899579964,"Congratulations! You have WON Rs.3,500,000/- in the Lucky Draw. To claim your prize, contact: 8497634347",fraud,lottery_prize
+917014502101,"NOTICE: Rs.1,000 reversal pending in BANK OF BARODA account XXXX9344. Confirm: http://hdfcloan-apply.in/mlly3SmgBapcmQ",fraud,fake_bank_credit
+918154137272,"Your CANARA BANK cashback of Rs.7,000 is ready to be transferred. Verify account: http://sr3.in/6r0K9htFXDI",fraud,fake_bank_credit
+918539756090,Your YES BANK net banking is locked. Use OTP 031592 to unlock via: http://axis-bank.online/IDyqMqI,fraud,otp_theft
+919511035600,"Income Tax Department: Your IT refund of Rs.10,000 is approved. Update bank account: http://icici-verify.net/2ocddTkua",fraud,income_tax_fraud
+919086161714,"URGENT HIRING: work from home, earn Rs.7,500/day. Limited seats. wa.me/919775423888",fraud,wfh_job_scam
+919545323569,"RBI Digital Saving Scheme 2026: Invest Rs.5K get Rs.365,000 in 90 days. http://income-tax-refund.in/sWRGp8RkYPo",fraud,rbi_govt_scheme
+918037893483,"Your HDFC BANK account XXXX2963 received Rs.25,500. To withdraw or verify: http://kotak-kyc.in/IIBMn0UM4b",fraud,fake_bank_credit
+918429766503,Your package is at the nearest post office. Pay Rs.80 to receive it: https://tinyurl.com/w6f9XWMbm,fraud,fake_delivery
+917483242732,"ALERT: HDFC BANK card used for Rs.3,000 online purchase at 11:30 today. Verify: http://gov-scheme.in/0aLJFT1w",fraud,credit_card_fraud
+919889634932,"Income Tax refund Rs.31,000 has been processed. Update Aadhaar-linked A/c: http://income-tax-refund.in/QTMxGc6tQOzvh",fraud,income_tax_fraud
+918672179029,BitProfit India is offering 200% returns on crypto trades. Invest now: http://kotak-kyc.in/NUGFVrzM,fraud,crypto_scam
+917464602536,Citibank Wealth helps you achieve stock market success with real guidance. https://lihi.cc/yUhGA6c,fraud,fake_broker
+918984128158,"Simple online tasks. Rs.8,500/day. Work from home. WhatsApp now: wa.me/919260652814",fraud,wfh_job_scam
+918386515319,Your Ekart package could not be delivered. Reschedule delivery here: https://rb.gy/qALNA6,fraud,fake_delivery
BW-INCASH,Your PNB account is partially frozen. Resume service by completing KYC: http://income-tax-refund.in/BEDlvzUHbA,fraud,dlt_kyc_phish
+919905562822,"Dear Airtel subscriber, new TRAI regulation requires SIM re-registration. Call: 9895835879",fraud,sim_expiry_fraud
+919301551197,"Hi 7210XXXX55, Transaction successfully done of Rs.64,000 to your account on 17-05-2026. Withdraw N0W: http://sr3.in/RY9r088w",fraud,bhim_upi_fake
+919852714198,Security alert: Someone is trying to access your ICICI BANK account. Verify with OTP 776422 here: http://income-tax-refund.in/E3iWBhwZkh989,fraud,otp_theft
+918670457732,"Your gas supply will be SUSPENDED tonight due to Rs.3,400 outstanding. Contact: 8014099143",fraud,utility_threat
+917748078685,Part time with Google India: Rs.800/hour. Work 3 hrs/day. Apply: wa.me/917832074128,fraud,fake_job_offer
+917235917995,"RBI Digital Saving Scheme 2026: Invest Rs.5K get Rs.2,350,000 in 90 days. http://gov-scheme.in/vS72grCcz6Bx",fraud,rbi_govt_scheme
+919516435314,"Job offer from Infosys: Rs.58,000/month. Work from home. Registration fee Rs.500. http://hdfcloan-apply.in/XKCHwnq",fraud,fake_job_offer
+917346160271,"Deutsche Securities — proven strategy. Rs 592,000 weekly returns. Limited seats. https://ow.ly/d0imzJ4C",fraud,fake_broker
+919039151477,CANARA BANK: Your credit card XXXX0861 has been temporarily blocked. To unblock: http://icici-verify.net/KZQQqVjFD,fraud,credit_card_fraud
+918479280094,"Income Tax refund Rs.37,500 has been processed. Update Aadhaar-linked A/c: http://icicisecure.net/3lEoTkSLoc3BvB",fraud,income_tax_fraud
+919491643080,"Central Govt Grant: Rs.115,000 allocated under Sukanya Samriddhi. Apply today: http://icici-verify.net/5qm2RSa",fraud,fake_govt_scheme
VM-GETJOB,Final notice: HDFC BANK Aadhaar-linked KYC pending. Penalty applies after 05-05-2025: http://kotak-kyc.in/zk1alEO91,fraud,dlt_kyc_phish
+918099373768,"You are selected as the LUCKY WINNER of Rs.3,890,000 from KBC. Call now: 7243963034",fraud,lottery_prize
+918220471187,StockMaster is offering 200% returns on crypto trades. Invest now: https://bit.ly/QHulTww,fraud,crypto_scam
+918364787857,"Dear borrower, UNION BANK loan account flagged for non-payment. Pay Rs.6,500 now: http://icicisecure.net/Qaq7F9msE",fraud,emi_threat
+917440692012,Congratulations! You are pre-selected for a ICICI BANK Gold Loan at 14.16% p.a. Limited time offer. wa.me/919260309356,fraud,fake_loan
+918485161533,Check your eligibility in 45 sec for YES BANK Car Loan. Get welcome benefits up to Rs.500. T&C wa.me/918719307156,fraud,fake_loan
+917264111606,Amazon Alert: Suspicious activity on your account. Verify to continue shopping: http://income-tax-refund.in/A3bpTw,fraud,fake_ecom
+919929840399,"Central Govt Grant: Rs.120,000 allocated under PM Ujjwala Yojana. Apply today: http://hdfc-kyc.com/5pBzMLX57DotPt",fraud,fake_govt_scheme
+918547937247,Aadhaar OTP required to complete SBI e-KYC. Call 7005423561 to proceed.,fraud,aadhaar_pan_fraud
+917910325027,"Dear Candidate, Wipro HR team found your profile. Interview scheduled. Confirm: 9059472112",fraud,fake_job_offer
+918387022936,"Your CESC meter will be blocked today. Pay Rs.7,900 immediately to avoid disruption. Helpline: 9095355198",fraud,utility_threat
+919163669120,URGENT: UNION BANK Business Loan offer expires today. Low rate 11.62%. No documents needed. wa.me/917794652630,fraud,fake_loan
+919309212514,Tata AIA Agent: Special 80% discount on life cover. Offer ends today. Call: 8828491701,fraud,insurance_fraud
+917415185435,"IMPORTANT: Myntra refund of Rs.2,800 pending. Confirm bank account: http://yesbank-update.com/ujt74oqI8Nw",fraud,fake_ecom
+917507087909,"Central Govt Grant: Rs.185,000 allocated under PM Kisan Yojana. Apply today: http://rbi-scheme.in/8pCags3VZYX7",fraud,fake_govt_scheme
+919064114836,"[UPI] Transaction of Rs.47,000 pending. Confirm with OTP 054274: http://epq9.com/Z6t90MySE",fraud,otp_theft
+919469503105,"Reach smarter returns with HSBC Securities. Members earned Rs 340,000 last week. https://tinyurl.com/B91kZL",fraud,fake_broker
+918672511343,"Your PNB account XXXX8972 received Rs.35,500. To withdraw or verify: http://sbicard-update.com/6B9RHeTq9ct",fraud,fake_bank_credit
+917662898865,BSNL: We noticed SIM cloning attempt. Secure your number immediately. Call: 8053547877,fraud,sim_expiry_fraud
+917954492551,"Part time job available. Earn Rs.195,000/month doing simple tasks. Join: wa.me/918326878103",fraud,wfh_job_scam
+919184373856,Income Tax Dept: PAN-Aadhaar linking pending. Penalty Rs.1000/day after 01-01-2025. http://mktasset.com/bORNrwDUj,fraud,aadhaar_pan_fraud
+918049742247,"Dear Customer-Your S.B,I Y0N0 NetBanking Reward point's INR.10,900 will expire Today please-redeem Your points in Cash-click-on link. http://income-tax-refund.in/ehYOOCw",fraud,sbi_yono_phish
+919644650417,"NOTICE: Rs.27,000 reversal pending in CANARA BANK account XXXX4030. Confirm: http://hdfcloan-apply.in/r4pahBs8iLRFtA",fraud,fake_bank_credit
+917337723968,SBI: Your internet banking will be blocked in 24 hrs. Confirm identity: http://hdfcloan-apply.in/KNtHU2A,fraud,sbi_yono_phish
+918784022332,"IMPORTANT ALERT! Account BLOCKED due to incomplete re-KYC as per RBI guideline. To activate your account, complete VIDEO-KYC URGENTLY. Loan up to Rs.45,000 instantly http://paytm-kyc.net/HqHbcH -MoneyView",fraud,kyc_phish
+918287882217,"Last week, Goldman Sachs Advisory members earned Rs 215,000 with expert market insights. https://short.gy/RIg6QjcwI",fraud,fake_broker
+919833519208,"Your gas supply will be SUSPENDED tonight due to Rs.6,300 outstanding. Contact: 7076250668",fraud,utility_threat
+917541785406,"Dear User, your Navi Loan account has been temporarily blocked. Update KYC to continue: http://epq9.com/kbgsHyeV",fraud,kyc_phish
+918789712155,"Your Income Tax return for FY 2024-25 has a refund of Rs.20,000. Verify: http://hdfc-kyc.com/uVUS7v",fraud,income_tax_fraud
+918559469617,"Dear customer, Rs.15,500 HDFC Life premium bounced. Pay now to avoid lapse: 9264095969",fraud,insurance_fraud
+919611680031,Your Flipkart Courier package could not be delivered. Reschedule delivery here: https://s.id/4tqNh,fraud,fake_delivery
+919376085961,"NOTICE: Your IT refund Rs.12,000 cannot be processed — KYC mismatch. Update: http://hdfcloan-apply.in/rNBVXZIN",fraud,income_tax_fraud
+919219692554,"Plot available near Hyderabad highway. Rs.1,350,000. Direct owner. WhatsApp: wa.me/917295232529",fraud,real_estate_fraud
+918480232230,Snapdeal: Your laptop delivery requires payment of Rs.3200 customs. Pay: http://kotak-kyc.in/20r7QMw,fraud,fake_ecom
+917594085822,Vi (Vodafone Idea) Final Notice: Your mobile number will be blocked by 14:30. Upgrade SIM: 8635632708,fraud,sim_expiry_fraud
+917765311642,"Unauthorized transaction detected on your ICICI BANK card: Rs.73,000. Report: http://sr3.in/SnOY8ZG0vO",fraud,credit_card_fraud
+919074160409,"Hi 8270XXXX13, Rs.22,000/- is Transferred to Your A/c By Paytm Ref ID: 7SVQ2LXXX. Withdraw Cash NOW http://axis-bank.online/lTPNk2skzKpla0",fraud,bhim_upi_fake
+919888202878,ICICI BANK is offering Home Loan upto Rs.50 Lakh at just 13.38% p.a. Fast approval. Apply via wa.me/919943380174,fraud,fake_loan
+917057830297,"Invest Rs.10,000 in CryptoEdge and earn Rs.380,000 in 30 days. Verified traders. https://bit.ly/ElFFosx5",fraud,crypto_scam
+919854384357,"Rs33000 to Rs1,760,000 story. RBI listing confirmed. http://gov-scheme.in/4xwlwpPqo",fraud,rbi_govt_scheme
+919148264782,"Govt approved investment scheme: Rs.2,025,000 guaranteed return. Apply now: https://s.id/Traet",fraud,rbi_govt_scheme
+919126615109,Vi (Vodafone Idea) Final Notice: Your mobile number will be blocked by 07:45. Upgrade SIM: 8617120021,fraud,sim_expiry_fraud
+918205018429,"Congratulations! Rs.15,500/- credited to your SBI account by GOVT scheme. Claim now: http://sbicard-update.com/BKLljts",fraud,fake_bank_credit
+919674088944,"Verified: Deutsche Securities advisor group. Rs 311,000 earned by members 17-11-2026. https://ow.ly/6Us1j",fraud,fake_broker
+919198998142,"JP Morgan India members earned Rs 161,000 last week. Start building smarter today. https://t.ly/lBArp5",fraud,fake_broker
+919079524669,"Rs.15,000 survival benefit from SBI Life ready. Update NEFT details: http://paytm-kyc.net/SMVRi5OJ",fraud,insurance_fraud
+917339201667,"Transaction declined for Rs.62,000 on UNION BANK card. Confirm details: http://icici-verify.net/dzmeSBjVJnjGEN",fraud,credit_card_fraud
+919912136571,Part time with Flipkart: Rs.1000/hour. Work 3 hrs/day. Apply: wa.me/917011171914,fraud,fake_job_offer
+919598266128,Congratulations! You are pre-selected for a HDFC BANK Car Loan at 12.78% p.a. Limited time offer. http://axis-bank.online/20oYz4lot3fHOt,fraud,fake_loan
+918820280378,Your BSNL number will be cancelled due to KYC mismatch. Re-verify now: http://linstok.com/qVE1Nq,fraud,sim_expiry_fraud
+917846684028,Delhi Cyber Crime: FIR filed against your mobile number. Report to station or call 7425165184 to settle.,fraud,police_impersonation
+917089353488,"Online job at Wipro: data entry, social media tasks. Rs.46,000/month. Join: wa.me/919937766378",fraud,fake_job_offer
+918513961154,[BSNL] SIM upgrade required. Failure to upgrade by midnight will deactivate your number. 7079487961,fraud,sim_expiry_fraud
+919694032749,Ministry of Home Affairs: Your digital activity is under investigation. Cooperate: 8853204424,fraud,police_impersonation
+917577813194,"Part time job available. Earn Rs.60,000/month doing simple tasks. Join: wa.me/919644134989",fraud,wfh_job_scam
+919115143563,"Reliable strategies from HSBC Securities ensured Rs 93,000 in member profits last week. https://lnkd.in/QjVpEQu8",fraud,fake_broker
+917589090137,Final OTP to complete YES BANK KYC verification: 702937. Share with bank executive on call.,fraud,otp_theft
+917826193542,"Your PNB cashback of Rs.29,000 is ready to be transferred. Verify account: http://yesbank-update.com/D9Q5xV",fraud,fake_bank_credit
+919406013148,Final OTP to complete PNB KYC verification: 073498. Share with bank executive on call.,fraud,otp_theft
+918004758570,"Tax refund alert: Rs.37,500 ready. Submit bank details to receive: http://kotak-kyc.in/5ZzhTzH4",fraud,income_tax_fraud
+919298908408,"Goldman Sachs Advisory — proven strategy. Rs 105,000 weekly returns. Limited seats. https://tinyurl.com/vEGhSQH",fraud,fake_broker
+918699713899,Post Office: Your parcel APKRVOCSQOU9 is on hold due to incomplete address. Update now: https://s.id/UZV6n8,fraud,fake_delivery
+917700012397,"Flipkart Big Billion Lucky Winner: Rs.930,000 + gifts. Collect: wa.me/917680097445",fraud,lottery_prize
CP-GOVTSC,"IMPORTANT ALERT! Account BLOCKED due to incomplete re-KYC as per RBI guideline. To activate your account, complete VIDEO-KYC URGENTLY. Loan up to Rs.45,000 instantly http://paytm-kyc.net/ConAxj0pf -CashBean",fraud,kyc_phish
+919320996863,"Your UNION BANK account XXXX0617 received Rs.2,500. To withdraw or verify: http://rbi-scheme.in/GzU1Hj",fraud,fake_bank_credit
+919724412635,SBI: Your credit card XXXX3725 has been temporarily blocked. To unblock: http://income-tax-refund.in/9kIoyU,fraud,credit_card_fraud
+918091852828,NSDL: Your PAN card will be deactivated on 22-07-2025. Link with Aadhaar now: http://linstok.com/qUQtvJpHFJ,fraud,aadhaar_pan_fraud
+919810656411,UBS India Advisory helps you achieve stock market success with real guidance. https://s.id/nn2A2,fraud,fake_broker
VK-KREDTS,RBI directive: Complete KOTAK BANK re-KYC by 12-01-2026 to avoid account freeze: http://axis-bank.online/z0Dda4UxcL,fraud,dlt_kyc_phish
+917588003099,"You are selected as the LUCKY WINNER of Rs.560,000 from KBC. Call now: 9417382581",fraud,lottery_prize
+919578608257,"Online job at Amazon India: data entry, social media tasks. Rs.24,000/month. Join: http://axis-bank.online/Np5cwbp",fraud,fake_job_offer
+919531457447,"Central Govt Grant: Rs.25,000 allocated under Digital India Fund. Apply today: http://income-tax-refund.in/Dxpsim",fraud,fake_govt_scheme
+918648326376,Aadhaar OTP required to complete PNB e-KYC. Call 9237231943 to proceed.,fraud,aadhaar_pan_fraud
+918553202225,URGENT: Your LazyPay account will be deactivated in 24 hours. Complete Video-KYC now: http://paytm-kyc.net/nxitaQS,fraud,kyc_phish
+917053540711,"Alert: Adani Electricity disconnection scheduled for tonight. Bill due Rs.2,100. Avoid by calling 7666327208 now.",fraud,utility_threat
+918345919430,"Your BHIM SBI wallet received Rs.7,000. Claim and withdraw: http://kotak-kyc.in/OrCHCY4",fraud,bhim_upi_fake
+919124535127,"Dear Consumer, your GAIL Gas electricity connection will be disconnected tonight at 9:30 PM due to non-payment of Rs.3,300. Pay now or call 7210557212.",fraud,utility_threat
+917868465755,ALERT: Suspicious login attempt on SBI YONO. Secure account: http://gov-scheme.in/LdS6Xb2HxUEsX,fraud,sbi_yono_phish
+917816690673,MoneyView Notice: Incomplete KYC detected. Your credit limit is on hold. Update here: http://axis-bank.online/JzzlbnLFeJzb,fraud,kyc_phish
+919924547821,"Achieve Rs 341,000 in weekly profits with JP Morgan India's trusted advice. https://t.ly/pM3CgdHj",fraud,fake_broker
+917601021290,"IT Dept: Refund of Rs.29,500 initiated to your account. Confirm bank details: http://mktasset.com/6zVol6aAUXO",fraud,income_tax_fraud
+917868425414,ICICI BANK: Your card has been cloned. Secure it now by clicking: http://kotak-kyc.in/ISWB03V,fraud,credit_card_fraud
+918962061076,"NOTICE: Rs.43,500 reversal pending in HDFC BANK account XXXX4719. Confirm: http://paytm-kyc.net/P0D1d8X",fraud,fake_bank_credit
+919266796144,You qualify for AXIS BANK Home Loan Rs 2 Lakh to Rs 25 Lakh. No collateral. wa.me/918362638611,fraud,fake_loan
+917079234688,"Dear Customer, link Aadhaar to your KOTAK BANK account immediately. Deadline: 15-01-2025. http://icicisecure.net/IkoRwhvbPK3z",fraud,aadhaar_pan_fraud
+917780970452,"Congratulations! You have WON Rs.1,220,000/- in the Lucky Draw. To claim your prize, contact: 7050981061",fraud,lottery_prize
+918809940422,JP Morgan India helps you achieve stock market success with real guidance. https://lihi.cc/XBwqsa,fraud,fake_broker
+919040874751,"UPI Transfer: INR 27,000 received on 9811XXXX2194 from government scheme. Withdraw: http://sbi-secure.in/knI9oLuP4O3GO",fraud,bhim_upi_fake
+918848019874,"XpressBees: Due to an incorrect house number, we are unable to deliver your package. Please update your address: https://rb.gy/V8ZOW",fraud,fake_delivery
+917060862808,Get instant YES BANK Personal Loan approval in minutes. Rate 12.45%. Call 9073499235 or apply: http://rbi-scheme.in/BSCyiOzb,fraud,fake_loan
+919560640136,"Your Income Tax return for FY 2024-25 has a refund of Rs.43,000. Verify: http://hdfc-kyc.com/WikoeCOKS",fraud,income_tax_fraud
+917051687007,"GOI Digital Dividend: Rs.2,045,000 allocated to your Aadhaar. Redeem: https://cutt.ly/PrebRnlv",fraud,rbi_govt_scheme
+919610260952,"Dear citizen, Rs.80,000 from PM Kisan fund is ready for withdrawal. Verify: https://ow.ly/FMUPr",fraud,rbi_govt_scheme
+919641608100,"UNION BANK — Your KYC-linked reward of Rs.49,500 is ready. Claim before expiry: http://axis-bank.online/cvGmL9c1m8E3TH",fraud,fake_bank_credit
+919624055184,KOTAK BANK: Your credit card XXXX8706 has been temporarily blocked. To unblock: http://gov-scheme.in/KwWHXKdgie,fraud,credit_card_fraud
CP-MPOKKT,"Your PaySense loan account is FROZEN. To unfreeze, complete video KYC immediately: http://gov-scheme.in/HuQ9Uy",fraud,kyc_phish
+917388138377,UIDAI: Biometric mismatch on your Aadhaar. Update within 24 hrs: http://hdfcloan-apply.in/XK4PqROQLkGKm,fraud,aadhaar_pan_fraud
+917446730185,"BHIM Ref ID: NOEW753XBJ. Rs.30,500 sent to 7060XXXX. Withdraw Cash NOW http://kotak-kyc.in/ejh67eV",fraud,bhim_upi_fake
+919642119629,"Congratulations! You have WON Rs.1,520,000/- in the Lucky Draw. To claim your prize, contact: 7214407318",fraud,lottery_prize
+918028423316,"PNB — Your KYC-linked reward of Rs.49,500 is ready. Claim before expiry: http://hdfcloan-apply.in/Uzo7J1j1Q5",fraud,fake_bank_credit
+918594662374,Supreme Court Summons: Your PAN is linked to a fraud case. Respond within 2 hrs: 8470362553,fraud,police_impersonation
+918873405759,"Dear Customer, your Amazon Logistics parcel failed delivery attempt. Reschedule: https://lihi.cc/i6buB4f",fraud,fake_delivery
+918137633408,"Land for sale: 8 acres near Pune. Rs.1,250,000. Call 7048379729",fraud,real_estate_fraud
+918042662824,Myntra: Your refrigerator delivery requires payment of Rs.3400 customs. Pay: http://linstok.com/aqbrKFG6z,fraud,fake_ecom
+917943854722,Bima Yojana: You are selected to get 1 CRORE life cover. Application approved. Apply: https://t.ly/6iXiQ,fraud,rbi_govt_scheme
+918781988265,"Crypto arbitrage: Rs.10K → Rs.226,000 in 7 days. AlgoTrade24 verified. Join: https://lnkd.in/Ayzyi3",fraud,crypto_scam
+918516634916,"BHIM Ref ID: 6V35HBMW9B. Rs.89,500 sent to 7834XXXX. Withdraw Cash NOW http://sbi-secure.in/bDTizHVSkgv",fraud,bhim_upi_fake
+917236469563,"Register: https://bit.ly/hfzopn8g ? CryptoEdge Golden Opportunity to make Rs.157,000+ income in a Day. Join now!",fraud,crypto_scam
+918225459460,"Online job at Microsoft India: data entry, social media tasks. Rs.26,000/month. Join: wa.me/918277031298",fraud,fake_job_offer
+919576414784,Your order from Amazon is on hold. Confirm delivery address within 6 hours: https://tinyurl.com/1xRDK1bY,fraud,fake_delivery
+917097592302,"Your Paytm wallet received Rs.89,500. Claim and withdraw: http://yesbank-update.com/UhGgKleUCHO",fraud,bhim_upi_fake
+919383907649,"BANK OF BARODA Card Services: EMI due of Rs.65,500 overdue. Pay to avoid legal action: http://icicisecure.net/IudxsY",fraud,credit_card_fraud
+917892054588,"Register: http://axis-bank.online/NuGfOqjZd78HPH ? CryptoEdge Golden Opportunity to make Rs.83,000+ income in a Day. Join now!",fraud,crypto_scam
+917039458791,"NOTICE: Rs.40,000 reversal pending in SBI account XXXX7642. Confirm: http://sbi-secure.in/pZ45AscEjc",fraud,fake_bank_credit
JD-SMKKBM,ALERT: CANARA BANK account KYC incomplete. Complete Video-KYC urgently: http://income-tax-refund.in/ZZo5G6QUg5zNV,fraud,dlt_kyc_phish
+917437326269,"Suspicious transaction of Rs.23,000 on KOTAK BANK card. To block click: http://ct3.io/loBgQPZlgJ0h",fraud,credit_card_fraud
+919300444636,"LEGAL NOTICE: Your YES BANK loan EMI of Rs.12,000 is overdue. Pay immediately or face legal action. Call 8696670402.",fraud,emi_threat
+917718416368,[India Post] Tracking VOBGGGKYCSNU: Package undeliverable. Update delivery address: https://bit.ly/4MDPUw4,fraud,fake_delivery
+919267387031,PNB is offering Personal Loan upto Rs.50 Lakh at just 9.89% p.a. Fast approval. Apply via wa.me/918982377694,fraud,fake_loan
+917825032761,RBI Mandate: Aadhaar-Bank linking mandatory by 07-12-2026. Update to avoid freeze: http://sbi-secure.in/6mtEoUHH3o,fraud,aadhaar_pan_fraud
TX-LOANOK,Your ICICI BANK account is partially frozen. Resume service by completing KYC: http://hdfcloan-apply.in/a1BOw0rmzO,fraud,dlt_kyc_phish
+918121415683,"Buy flat in Bangalore: Rs.1,050,000. Registry done in 2 days. No broker. Call 8431732840",fraud,real_estate_fraud
+919999750569,"Suspicious transaction of Rs.41,500 on AXIS BANK card. To block click: http://epq9.com/JTe9s6UoDI",fraud,credit_card_fraud
+918773048267,Vi (Vodafone Idea) Alert: Your current SIM will be deactivated tonight. Call 8427035999 to retain number.,fraud,sim_expiry_fraud
+917061909861,"PM Digital India Fund: Rs.580,000 credited for eligible citizens. Claim: http://income-tax-refund.in/rZEJJNQ9RM2uj",fraud,rbi_govt_scheme
+919629505345,"Simple online tasks. Rs.6,500/day. Work from home. WhatsApp now: wa.me/917159350510",fraud,wfh_job_scam
+917785551925,"Don't miss: BARCLAYS experts helping members earn Rs 499,000/week. Enroll: https://tinyurl.com/nTQ1LA",fraud,fake_broker
+918898660982,"Don't miss: BARCLAYS experts helping members earn Rs 569,000/week. Enroll: https://t.ly/Ong0wV",fraud,fake_broker
+917096415737,You qualify for PNB Education Loan Rs 2 Lakh to Rs 25 Lakh. No collateral. http://epq9.com/ppqdglkmymF2ys,fraud,fake_loan
+918172991393,Ekart Alert: Package JCPTZZZ6CTEL requires address confirmation. Update within 24 hrs: https://lihi.cc/2eGkUb,fraud,fake_delivery
+917801223302,"RBI-backed arbitrage plan: invest Rs.10K, earn Rs.885,000/month. Limited slots. http://yesbank-update.com/dk3MNCktgOSjtu",fraud,rbi_govt_scheme
+918284265303,"[ICICI BANK] Rs.24,000 has been CREDITED to XXXX5072. Confirm the transaction: http://gov-scheme.in/gObRX8Wx9d",fraud,fake_bank_credit
+917061031250,"You are a WINNER! Rs.3,400,000 transferred pending your confirmation. Call 8469881745 now.",fraud,lottery_prize
+919532792318,"TCS is hiring freshers. Rs.24,000 CTC. Immediate joining. Registration: wa.me/918286378457",fraud,fake_job_offer
+917978305746,SBI: Your card has been cloned. Secure it now by clicking: http://kotak-kyc.in/ejpK7mOXE,fraud,credit_card_fraud
+919048808191,"ALERT: Kotak Life policy overdue. Last chance to pay Rs.16,000 premium. Call 9883793442.",fraud,insurance_fraud
+919419390788,"You have won an iPhone 15 + Rs.36,000 cash. Confirm your address: http://kotak-kyc.in/YFeo0eM",fraud,lottery_prize
+919759455918,Ministry of Home Affairs: Your digital activity is under investigation. Cooperate: 8600010122,fraud,police_impersonation
QP-REFUND,Dhani Notice: Incomplete KYC detected. Your credit limit is on hold. Update here: http://kotak-kyc.in/StvZ3LjzN3,fraud,kyc_phish
+919722423413,"Hiring now: Part-time online workers. Rs.90,000/month guaranteed. wa.me/918338553976",fraud,wfh_job_scam
+918627198590,"Hi 7455XXXX79, Rs.20,500/- is Transferred to Your A/c By PhonePe Ref ID: 2PXVJWXXX. Withdraw Cash NOW http://sr3.in/fuTif6a3cYzg",fraud,bhim_upi_fake
+918300431888,Bima Yojana: You are selected to get 1 CRORE life cover. Application approved. Apply: https://bit.ly/y2utnSV,fraud,rbi_govt_scheme
+919264694090,"H0me based J0B available. Earn Rs.9,500 per day. wa.me join: wa.me/919063340641",fraud,wfh_job_scam
+917737272652,Meesho: Your order for smart watch (Order #V7GP3V0TCK) is on hold. Pay Rs.600 to release: http://gov-scheme.in/vtzK4pGogST,fraud,fake_ecom
VK-KREDTS,"Attention! Account BLOCKED, Complete Video-KYC now to Activate your Account and get a limited-time 50% off on interest rates for your next loan http://axisbk-verify.com/aq7PWcn -Navi Loan",fraud,kyc_phish
+917487249500,"Transaction alert: Rs.78,000 credited by BHIM SBI to 9479xxxx7098. Redeem now: http://yesbank-update.com/TMyHTs9661HDp",fraud,bhim_upi_fake
+918327529526,CBI Digital Crime Unit: You are under digital surveillance. Cooperate by calling 7221763977 now.,fraud,police_impersonation
BW-INCASH,Action Required! Fibe: Your account is blocked due to pending KYC. Click to verify: http://icici-verify.net/StSpkprBNqWe,fraud,kyc_phish
+918288308482,"Dear Citizen, Rs.105,000 NEFT pending under Sukanya Samriddhi. Provide bank details: 7657289104",fraud,fake_govt_scheme
+919190084697,"YES BANK — Your KYC-linked reward of Rs.40,000 is ready. Claim before expiry: http://epq9.com/MUmQZjkNXlt",fraud,fake_bank_credit
+919231516910,Your BANK OF BARODA account will be FROZEN if Aadhaar not linked by tonight. Link: http://axisbk-verify.com/2Djhxr3,fraud,aadhaar_pan_fraud
+919599384895,PNB is offering Business Loan upto Rs.50 Lakh at just 10.77% p.a. Fast approval. Apply via wa.me/918063353512,fraud,fake_loan
+919473441539,"Dear User, your SIM has been selected in BSNL Lottery. Prize: Rs.1,440,000. Claim: 8076137614",fraud,lottery_prize
TM-CASHNW,Your CANARA BANK account is partially frozen. Resume service by completing KYC: http://icici-verify.net/vKHz0Ffax,fraud,dlt_kyc_phish
+919341902164,"Congratulations! Rs.13,500/- credited to your UNION BANK account by GOVT scheme. Claim now: http://hdfcloan-apply.in/L2jZjofuEia",fraud,fake_bank_credit
+919821417171,"URGENT: Your income tax refund Rs.30,500 will lapse in 48 hrs. Update: http://mktasset.com/o0ob4RplJb3",fraud,income_tax_fraud
+919739713303,"Online job at Google India: data entry, social media tasks. Rs.60,000/month. Join: http://mktasset.com/qYa32kZ",fraud,fake_job_offer
+918604624848,Customs duty of Rs.270 is pending for your international parcel. Pay now: https://tinyurl.com/pnBPY4,fraud,fake_delivery
+919932311646,"[BSES] Your account has been flagged. Pay Rs.7,100 or face legal action. Call: 7007546834",fraud,utility_threat
CP-GOVTSC,[MoneyView] ALERT: Account suspended. Complete re-KYC within 2 hours to avoid termination: http://axis-bank.online/BzVpYvFfx,fraud,kyc_phish
+918756808266,"Dear Customer, Rs.25,000/- has been Credited to your HDFC BANK A/c XXXX0900 on 10-05-2025. If not done by you, call or click http://axisbk-verify.com/vEIyTx73qTf",fraud,fake_bank_credit
+919643001064,"Hi 8660XXXX45, Transaction successfully done of Rs.8,500 to your account on 15-09-2025. Withdraw N0W: http://hdfcloan-apply.in/GO76lONf",fraud,bhim_upi_fake
+919153578040,"Tax refund alert: Rs.45,500 ready. Submit bank details to receive: http://sr3.in/hd89FZX0Nog3S",fraud,income_tax_fraud
+918873532050,Deutsche Securities helps you achieve stock market success with real guidance. https://cutt.ly/NXp9Hb,fraud,fake_broker
+917915407281,"[Indraprastha Gas] Your account has been flagged. Pay Rs.1,200 or face legal action. Call: 9866199696",fraud,utility_threat
+919161238955,"Rs.94,500 credited to your account via BHIM SBI. Ref: VH6E8ZMC. To withdraw click: http://sbi-secure.in/8dxk7G",fraud,bhim_upi_fake
+918052422327,"[Google Pay] Rs 16,500 has been sent to your UPI account. Withdraw instantly here: http://sr3.in/QvStz8uw",fraud,bhim_upi_fake
+919850464988,"Morgan Stanley India — proven strategy. Rs 284,000 weekly returns. Limited seats. https://t.ly/ZwWhe7",fraud,fake_broker
+917675126278,SBI is offering Car Loan upto Rs.50 Lakh at just 10.02% p.a. Fast approval. Apply via http://hdfc-kyc.com/m0pLCL,fraud,fake_loan
+917785872835,SBI Net Banking locked. Provide OTP to unlock via: http://linstok.com/r0ZGACw1f5,fraud,sbi_yono_phish
+919027628412,SBI Net Banking: Your login credentials expire soon. Update password: http://hdfcloan-apply.in/7xEBHp43,fraud,sbi_yono_phish
+917222422175,"Hi 8600XXXX86, Transaction successfully done of Rs.76,000 to your account on 05-09-2025. Withdraw N0W: http://sr3.in/O9iSDa",fraud,bhim_upi_fake
+918590604874,Your India Post package could not be delivered. Reschedule delivery here: https://tinyurl.com/lRdJHrz,fraud,fake_delivery
+917220047850,[Dhani] ALERT: Account suspended. Complete re-KYC within 2 hours to avoid termination: http://linstok.com/AAiB38wm,fraud,kyc_phish
+919508466970,Myntra: Your earbuds delivery requires payment of Rs.1600 customs. Pay: http://ct3.io/sprGyimAU7,fraud,fake_ecom
+917612752067,Your Myntra account has been locked. Unlock by verifying identity: http://linstok.com/qvGULcO49,fraud,fake_ecom
+917452144176,"Dear Customer, Rs.26,000/- has been Credited to your PNB A/c XXXX0895 on 19-04-2025. If not done by you, call or click http://sbicard-update.com/MbT2c30RKSU",fraud,fake_bank_credit
+918133514570,"GOVT housing scheme: 1BHK for Rs.560,000. Apply online: http://ct3.io/JOB0Dqi",fraud,real_estate_fraud
+918304662022,"You are selected as the LUCKY WINNER of Rs.3,470,000 from KBC. Call now: 7053516056",fraud,lottery_prize
+918632743140,"Dear BSNL subscriber, new TRAI regulation requires SIM re-registration. Call: 7441917440",fraud,sim_expiry_fraud
+919599354254,CoinMax is offering 200% returns on crypto trades. Invest now: https://bit.ly/YuTCxlxp0,fraud,crypto_scam
+919823415512,"Narcotics Department: Your parcel contains banned items. Pay Rs.31,000 fine. Call: 8648972907",fraud,police_impersonation
+919421896088,Your package is at the nearest post office. Pay Rs.130 to receive it: https://bit.ly/afj2q,fraud,fake_delivery
+919806926627,India Post: Parcel ZY7ESKZADBS9 detained. Pay Rs.200 handling fee to release: https://lihi.cc/NDBXlVrL,fraud,fake_delivery
+919274672306,CANARA BANK is offering Home Loan upto Rs.50 Lakh at just 14.31% p.a. Fast approval. Apply via http://paytm-kyc.net/8VsvlDaM0IiD,fraud,fake_loan
+919740292047,"Dear Citizen, Rs.180,000 NEFT pending under PM Ujjwala Yojana. Provide bank details: 9490784597",fraud,fake_govt_scheme
VM-GETJOB,[Dhani] ALERT: Account suspended. Complete re-KYC within 2 hours to avoid termination: http://sbi-secure.in/dzOiCrYmPpZb,fraud,kyc_phish
+919781979718,"Work from home opportunity! Earn Rs.4,000/day. No experience needed. WhatsApp: wa.me/918178462157",fraud,wfh_job_scam
VM-GETJOB,Account operations restricted on HDFC BANK. Submit KYC documents: http://kotak-kyc.in/ajV7NOe2,fraud,dlt_kyc_phish
+918301780679,"Narcotics Department: Your parcel contains banned items. Pay Rs.6,000 fine. Call: 7847116635",fraud,police_impersonation
+919385864107,"Congratulations! SPIN and WIN: You won Rs.290,000. Claim in 24 hrs: wa.me/917441628007",fraud,lottery_prize
+918792854472,"Exclusive: JP Morgan India stock tips returned Rs 120,000 for members this week. https://lihi.cc/aAEAw3C",fraud,fake_broker
+918270723383,[India Post] Tracking EAP50SW1OQ9R: Package undeliverable. Update delivery address: https://rb.gy/1ZJGp,fraud,fake_delivery
+918950455824,"Your mobile number was picked in GOVT Digital India Lottery. Prize: Rs.2,610,000. 7045512211",fraud,lottery_prize
+919777954762,"[UPI] Transaction of Rs.20,000 pending. Confirm with OTP 927681: http://icici-verify.net/TbVtJHKjuz",fraud,otp_theft
+918875841989,"Your resume has been selected by Microsoft India. Rs.54,000 salary. Call HR: 7209939558",fraud,fake_job_offer
+919599643462,"Your mobile number was picked in GOVT Digital India Lottery. Prize: Rs.460,000. 8899266751",fraud,lottery_prize
+919104747861,SBI Net Banking locked. Provide OTP to unlock via: http://icicisecure.net/aW5HhWCE,fraud,sbi_yono_phish
TX-LOANOK,"Dear Customer, your AXIS BANK KYC will expire on 05-07-2025. Update Aadhaar to avoid account suspension: http://gov-scheme.in/8cD89net2X3o",fraud,dlt_kyc_phish
+919746714065,[SBI YONO] Your account has been suspended. Login to verify: http://yesbank-update.com/G9ajRrX5r,fraud,sbi_yono_phish
+918043496784,"Video rating job: earn Rs.5,000/day. 1-2 hrs work. WhatsApp: wa.me/919470534788",fraud,wfh_job_scam
+919393000456,"Rs 329,000 profit guaranteed with Deutsche Securities strategy. Join members now: https://s.id/qgOyVUT",fraud,fake_broker
+917343043317,"URGENT: AXIS BANK NACH debit of Rs.7,000 failed. Pay manually to avoid penalty: http://icici-verify.net/yW1NoiGB",fraud,emi_threat
+918189316972,"Dear borrower, KOTAK BANK loan account flagged for non-payment. Pay Rs.14,500 now: http://gov-scheme.in/b2Txj9CB3QJUF",fraud,emi_threat
+918953263216,"Rs 211,000 profit guaranteed with UBS India Advisory strategy. Join members now: https://bit.ly/elKPoh3pK",fraud,fake_broker
+918930148963,"Congrats 7003XXXX42, Rs.98,500/- Credited to your A/c By BHIM Ref ID: 4UG65KXXX GET Cash NOW http://icici-verify.net/G6YlQSoiAy55X",fraud,bhim_upi_fake
+918883349227,"USDT trading signal group — earn Rs.304,000/day. Free join: http://icici-verify.net/txfiJ6iUP3UrcY",fraud,crypto_scam
+919776132692,"Arbitrage model: from 10K, RBI-backed plan. INDIRA Securities members earned Rs 583,000. https://tinyurl.com/jHzv2Pus6",fraud,fake_broker
+917072388531,"Cyber Crime Police: Your IP address has been traced to illegal activity. Pay Rs.12,000 settlement. Call 9249004916.",fraud,police_impersonation
+918964550750,"[Mahanagar Gas] Your account has been flagged. Pay Rs.1,000 or face legal action. Call: 8053009826",fraud,utility_threat
+919141471974,PM Awas Yojana: Subsidized flat in your city. Apply before 07-11-2026: wa.me/918043011300,fraud,real_estate_fraud
+919195795861,"Narcotics Department: Your parcel contains banned items. Pay Rs.37,000 fine. Call: 7879451935",fraud,police_impersonation
+919641364285,HDFC BANK is offering Gold Loan upto Rs.50 Lakh at just 12.64% p.a. Fast approval. Apply via http://paytm-kyc.net/nJeJolvW,fraud,fake_loan
+919807670217,Action Required! mPokket: Your account is blocked due to pending KYC. Click to verify: http://icici-verify.net/q9gKYJ,fraud,kyc_phish
+917365286667,Action Required! Navi Loan: Your account is blocked due to pending KYC. Click to verify: http://epq9.com/OihJc1y14hw07,fraud,kyc_phish
+918285267755,"ALERT: HDFC BANK card used for Rs.79,500 online purchase at 10:15 today. Verify: http://hdfcloan-apply.in/4FFdYaj4",fraud,credit_card_fraud
+919269558940,Your India Post package could not be delivered. Reschedule delivery here: https://bit.ly/HuH4Ba0,fraud,fake_delivery
+918965200718,"Join JP Morgan India premium group. Members earned Rs 473,000 last week. Register free: https://cutt.ly/B535qWg",fraud,fake_broker
+918110151746,"Your name appears in RBI unclaimed deposit list: Rs.2,400,000. Claim now: https://lnkd.in/UUfvftw8w",fraud,rbi_govt_scheme
+918931498185,"PM Office: PM Garib Kalyan cash benefit Rs.135,000 credited to your account. Verify: http://icicisecure.net/kAm5PN2EhD9TfC",fraud,fake_govt_scheme
+919302875212,Customs duty of Rs.60 is pending for your international parcel. Pay now: https://lihi.cc/HuyVo5NqX,fraud,fake_delivery
+917046104155,"Reach smarter returns with UBS India Advisory. Members earned Rs 376,000 last week. https://ow.ly/6XJkt3",fraud,fake_broker
+917879516391,Final Warning from MoneyView: KYC incomplete. Account will be closed by midnight. Verify now: http://hdfcloan-apply.in/SoDSmiebJCQ,fraud,kyc_phish
+918541646859,"Simple online tasks. Rs.6,500/day. Work from home. WhatsApp now: wa.me/919703397940",fraud,wfh_job_scam
+919739219184,"Earn Rs.210,000 monthly from home. Flexible hours. Register: wa.me/919817073134",fraud,wfh_job_scam
+919529902244,"Dear Consumer, your GAIL Gas electricity connection will be disconnected tonight at 9:30 PM due to non-payment of Rs.2,600. Pay now or call 7834543650.",fraud,utility_threat
+919389136974,"Dear Customer-Your S.B,I Y0N0 NetBanking Reward point's INR.6,900 will expire Today please-redeem Your points in Cash-click-on link. http://axis-bank.online/tKkDUfK",fraud,sbi_yono_phish
+917785097714,"Passive income from Goldify: Rs.302,000/week. No trading experience needed. https://lihi.cc/skab3Zu",fraud,crypto_scam
+918674478981,"Govt approved investment scheme: Rs.555,000 guaranteed return. Apply now: https://tinyurl.com/ZtoCbUXZ",fraud,rbi_govt_scheme
+918919017228,"Cheap property grab: Bank auction flat Rs.4,650,000. First come first serve. 8857452230",fraud,real_estate_fraud
+918091043668,"ALERT: YES BANK card used for Rs.13,500 online purchase at 10:00 today. Verify: http://sbi-secure.in/NHU9jNA",fraud,credit_card_fraud
+919612075677,"Video rating job: earn Rs.9,000/day. 1-2 hrs work. WhatsApp: wa.me/917132486393",fraud,wfh_job_scam
+918950815064,TRAI Notice: Your number is being used for criminal activity. It will be blocked in 2 hours. Call 9249675557.,fraud,police_impersonation
+919945774064,India Post: Parcel S506ALUMWFRG detained. Pay Rs.270 handling fee to release: https://rb.gy/UjYWuTjp6,fraud,fake_delivery
+918823303280,"Simple online tasks. Rs.5,000/day. Work from home. WhatsApp now: wa.me/919987148542",fraud,wfh_job_scam
+919722371331,Customs duty of Rs.240 is pending for your international parcel. Pay now: https://bit.ly/o5Y4w,fraud,fake_delivery
+917628231363,Check your eligibility in 45 sec for KOTAK BANK Home Loan. Get welcome benefits up to Rs.500. T&C wa.me/918260595114,fraud,fake_loan
+917983610980,"StockMaster — Top trading signals. Members earned Rs.168,000 this month. Join: https://lihi.cc/7fe5w",fraud,crypto_scam
+918599298975,"HCL Recruitment 2026: Walk-in-interview. Earn Rs.52,000/month. Register: wa.me/918790520062",fraud,fake_job_offer
+917437043603,"Final notice: HDFC BANK will file case for unpaid loan. Settle Rs.11,000 today: 8067865896",fraud,emi_threat
+919543338863,"Your Max Life policy claim of Rs.19,000 approved. Collect by 15-11-2025: http://paytm-kyc.net/vcSOo17t3A",fraud,insurance_fraud
+917050161712,"INDIRA Securities — proven strategy. Rs 232,000 weekly returns. Limited seats. https://lihi.cc/RthvDJPzU",fraud,fake_broker
+919871366818,Part time with TCS: Rs.1500/hour. Work 3 hrs/day. Apply: wa.me/917500454209,fraud,fake_job_offer
+919719650304,"GOI Digital Dividend: Rs.2,170,000 allocated to your Aadhaar. Redeem: https://short.gy/TMmrQoUN",fraud,rbi_govt_scheme
+919358461041,BITCOIN opportunity: Double your investment in 48 hrs with CoinMax. Limited: http://hdfcloan-apply.in/EMO13HH,fraud,crypto_scam
+919108563284,"Join Credit Suisse India premium group. Members earned Rs 207,000 last week. Register free: https://rb.gy/SL0IZbcNJ",fraud,fake_broker
TM-CASHNW,Final notice: AXIS BANK Aadhaar-linked KYC pending. Penalty applies after 28-06-2026: http://mktasset.com/VC9fLyriBMsOD,fraud,dlt_kyc_phish
+919318092397,NSDL: Your PAN card will be deactivated on 12-12-2026. Link with Aadhaar now: http://hdfc-kyc.com/XYn1G0VB,fraud,aadhaar_pan_fraud
+918709536034,"Amazon product review job from home. Earn Rs.7,000/task. wa.me/919441642355",fraud,wfh_job_scam
+919823617333,Get instant ICICI BANK Gold Loan approval in minutes. Rate 13.56%. Call 9635892686 or apply: http://linstok.com/CfR97qmhV4y6Aw,fraud,fake_loan
+918252602296,"Cheap property grab: Bank auction flat Rs.550,000. First come first serve. 9670460078",fraud,real_estate_fraud
+919388705694,"[ICICI BANK] Rs.42,500 has been CREDITED to XXXX8408. Confirm the transaction: http://income-tax-refund.in/3U8NBusr77",fraud,fake_bank_credit
+919902006064,"[KOTAK BANK] Rs.16,500 has been CREDITED to XXXX7209. Confirm the transaction: http://sbicard-update.com/B5syXtemmde",fraud,fake_bank_credit
+919264375409,"ICICI Prudential: Your policy will lapse in 24 hrs. Pay Rs.5,000 now to avoid coverage gap: http://icici-verify.net/tLiSFtvv",fraud,insurance_fraud
+918453477870,"Work from home opportunity! Earn Rs.4,500/day. No experience needed. WhatsApp: wa.me/919822013369",fraud,wfh_job_scam
+917792656221,"Buy flat in Bangalore: Rs.4,900,000. Registry done in 2 days. No broker. Call 9434556359",fraud,real_estate_fraud
+919901618764,"Your name appears in RBI unclaimed deposit list: Rs.2,120,000. Claim now: http://icicisecure.net/4P5OAhGM7",fraud,rbi_govt_scheme
+918319878254,"Dear citizen, Rs.955,000 from PM Kisan fund is ready for withdrawal. Verify: http://rbi-scheme.in/X9otWy1",fraud,rbi_govt_scheme
+919702908245,Your order from Amazon is on hold. Confirm delivery address within 6 hours: https://rb.gy/8dAVWK,fraud,fake_delivery
+917555399164,"Land for sale: 2 acres near Chennai. Rs.4,950,000. Call 7834834002",fraud,real_estate_fraud
+919204413779,"Video rating job: earn Rs.4,000/day. 1-2 hrs work. WhatsApp: wa.me/917882826394",fraud,wfh_job_scam
+918953234586,"Citibank Wealth members earned Rs 342,000 last week. Start building smarter today. https://lihi.cc/0A2TV",fraud,fake_broker
+919649774151,"XpressBees: Due to an incorrect house number, we are unable to deliver your package. Please update your address: https://bit.ly/3EbUfB",fraud,fake_delivery
+919420768855,IRDAI approved: SBI Life double cover scheme. Enroll now before deadline: http://rbi-scheme.in/viyxksGCPE,fraud,insurance_fraud
+918126514717,"[UPI] Transaction of Rs.3,500 pending. Confirm with OTP 419255: http://paytm-kyc.net/tsyFXpVZ86",fraud,otp_theft
+918076657648,"Govt approved investment scheme: Rs.1,755,000 guaranteed return. Apply now: https://lihi.cc/msR84J0y",fraud,rbi_govt_scheme
+918937114548,"Infosys is hiring freshers. Rs.22,000 CTC. Immediate joining. Registration: http://ct3.io/uMK6Dxt",fraud,fake_job_offer
+918217287082,"Reach smarter returns with BARCLAYS. Members earned Rs 494,000 last week. https://tinyurl.com/LdPOkaia",fraud,fake_broker
+919046722974,"Online job at Accenture: data entry, social media tasks. Rs.64,000/month. Join: wa.me/919713239696",fraud,fake_job_offer
+919200430247,"Congratulations! You have WON Rs.190,000/- in the Lucky Draw. To claim your prize, contact: 9604690350",fraud,lottery_prize
+918368128749,"Dear User, your Navi Loan account has been temporarily blocked. Update KYC to continue: http://yesbank-update.com/Tr2CRS",fraud,kyc_phish
+919939486109,Flipkart: Your laptop delivery requires payment of Rs.3100 customs. Pay: http://kotak-kyc.in/vEPKZ9i6TmPmAo,fraud,fake_ecom
+917319572936,"URGENT: KOTAK BANK NACH debit of Rs.19,000 failed. Pay manually to avoid penalty: http://gov-scheme.in/9z0Mw7LEb",fraud,emi_threat
+919777264791,"Income Tax Department: Your IT refund of Rs.27,500 is approved. Update bank account: http://sr3.in/hHS2OjkS",fraud,income_tax_fraud
+918588288682,ICICI BANK: Your credit card XXXX2978 has been temporarily blocked. To unblock: http://mktasset.com/4GNEDeYYn2qCIo,fraud,credit_card_fraud
+919701115910,Security alert: Someone is trying to access your UNION BANK account. Verify with OTP 768717 here: http://axisbk-verify.com/7Dt3bc4,fraud,otp_theft
+918257148272,"SBI YONO: Your reward points 11,100 expire in 24 hours. Redeem now: http://income-tax-refund.in/SHqLMOJb0",fraud,sbi_yono_phish
+918277777936,"Dear Customer, link Aadhaar to your HDFC BANK account immediately. Deadline: 03-11-2026. http://hdfcloan-apply.in/x5lLQ9er6F4w",fraud,aadhaar_pan_fraud
+919517186706,Morgan Stanley India helps you achieve stock market success with real guidance. https://s.id/o9aPkCJ,fraud,fake_broker
+917251723545,"ALERT: HDFC Life policy overdue. Last chance to pay Rs.5,000 premium. Call 7646047882.",fraud,insurance_fraud
+917295593328,"Exclusive: JP Morgan India stock tips returned Rs 472,000 for members this week. https://cutt.ly/LInV5p7",fraud,fake_broker
+919950297431,[SBI] OTP for fund transfer: 456019. Valid 10 mins. Share this OTP with our executive to complete KYC.,fraud,otp_theft
+917040603601,"Dear Customer, link Aadhaar to your KOTAK BANK account immediately. Deadline: 28-05-2026. http://icicisecure.net/1Q39Yl3",fraud,aadhaar_pan_fraud
+917931956008,"Hi 9032XXXX83, Transaction successfully done of Rs.90,500 to your account on 22-04-2026. Withdraw N0W: http://linstok.com/j5JpNrHa",fraud,bhim_upi_fake
+918658550346,"Electric meter tampering detected. Fine Rs.6,700. Avoid FIR by calling helpline: 7422442359",fraud,utility_threat
+917045453556,Your ATM PIN has been reset. New OTP: 319974. Call our helpdesk to confirm: http://gov-scheme.in/alnAbPoMVHF8,fraud,otp_theft
+918401020158,Tata AIA Agent: Special 80% discount on life cover. Offer ends today. Call: 8218865532,fraud,insurance_fraud
+918670183138,"Your BESCOM meter will be blocked today. Pay Rs.6,900 immediately to avoid disruption. Helpline: 7865394991",fraud,utility_threat
+918181063226,URGENT: Your Fibe account will be deactivated in 24 hours. Complete Video-KYC now: http://sr3.in/nAdAdgw6S,fraud,kyc_phish
+917062396987,"Your mobile number was picked in GOVT Digital India Lottery. Prize: Rs.3,020,000. 8008078561",fraud,lottery_prize
+918251274355,"Wipro is hiring freshers. Rs.78,000 CTC. Immediate joining. Registration: wa.me/918407732276",fraud,fake_job_offer
+917799003422,"Received INR 23,000 on 924675XX32 at 15-04-2026 16:15. Quick UPI withdrawal available here: http://hdfcloan-apply.in/Ys8yvU",fraud,bhim_upi_fake
+917594925959,"Ministry of Finance: Sukanya Samriddhi beneficiary — Rs.50,000 on hold. Submit KYC: http://kotak-kyc.in/Zk6ITYiSXjaOD",fraud,fake_govt_scheme
+919653150378,"Your mobile number was picked in GOVT Digital India Lottery. Prize: Rs.4,650,000. 8248537509",fraud,lottery_prize
+919229486103,Post Office: Your parcel KDOCBA4AAKHI is on hold due to incomplete address. Update now: https://tinyurl.com/7CscD8j,fraud,fake_delivery
+919273177536,"Rs.64,500 credited to your account via PhonePe. Ref: 94XNGJOW. To withdraw click: http://rbi-scheme.in/HZjXiYmQfzg",fraud,bhim_upi_fake
+919196463266,"Dear Customer, your OTP 693570 for updating net banking is valid for 5 min. Call 1800XXXXXX if not requested.",fraud,otp_theft
+918848741084,"Passive income from CryptoEdge: Rs.157,000/week. No trading experience needed. http://yesbank-update.com/IPAf35W",fraud,crypto_scam
+918131661826,"Income Tax refund Rs.37,000 has been processed. Update Aadhaar-linked A/c: http://icici-verify.net/vyQ81iQAl",fraud,income_tax_fraud
+919558352465,[Jio] SIM upgrade required. Failure to upgrade by midnight will deactivate your number. 7460391796,fraud,sim_expiry_fraud
CP-GOVTSC,RBI directive: Complete SBI re-KYC by 01-11-2026 to avoid account freeze: http://hdfcloan-apply.in/0FkhN9I4XvaSi,fraud,dlt_kyc_phish
+919470564661,"Passive income from ProfitEdge: Rs.419,000/week. No trading experience needed. https://rb.gy/jNVmy4y",fraud,crypto_scam
+918060185389,"CBDT Notice: Rs.32,500 tax refund pending for PAN XXXXX1234X. Claim now: http://sr3.in/SzTrN5iv5gh",fraud,income_tax_fraud
+919908670583,URGENT: Your Dhani account will be deactivated in 24 hours. Complete Video-KYC now: http://sr3.in/daVV5xofA9ulP,fraud,kyc_phish
+919111058725,"Electric meter tampering detected. Fine Rs.1,600. Avoid FIR by calling helpline: 8630341743",fraud,utility_threat
+917261853798,"Transaction declined for Rs.68,500 on KOTAK BANK card. Confirm details: http://axisbk-verify.com/qt2CeMGvv",fraud,credit_card_fraud
+918174020081,"Plot available near Hyderabad highway. Rs.2,700,000. Direct owner. WhatsApp: wa.me/918006296933",fraud,real_estate_fraud
+917339042052,Aadhaar OTP required to complete PNB e-KYC. Call 7445785971 to proceed.,fraud,aadhaar_pan_fraud
+919924395139,"HDFC BANK Card Services: EMI due of Rs.54,000 overdue. Pay to avoid legal action: http://icicisecure.net/QHRDxikq2CeT",fraud,credit_card_fraud
+917502617177,Check your eligibility in 45 sec for KOTAK BANK Personal Loan. Get welcome benefits up to Rs.500. T&C wa.me/917431859146,fraud,fake_loan
+917917808210,"Your mobile number was picked in GOVT Digital India Lottery. Prize: Rs.4,590,000. 9294395958",fraud,lottery_prize
+919965596150,"Land for sale: 6 acres near Pune. Rs.3,200,000. Call 8013087295",fraud,real_estate_fraud
+919962978414,CBI Notice: A case has been registered against your Aadhaar number. Call 8071595916 immediately to avoid arrest.,fraud,police_impersonation
CP-MPOKKT,Final notice: HDFC BANK Aadhaar-linked KYC pending. Penalty applies after 19-08-2026: http://axisbk-verify.com/gk7zaFfXY,fraud,dlt_kyc_phish
JD-SMKKBM,"Your Dhani loan account is FROZEN. To unfreeze, complete video KYC immediately: http://paytm-kyc.net/ShhJyV4",fraud,kyc_phish
+919303586359,"Congratulations! SPIN and WIN: You won Rs.1,870,000. Claim in 24 hrs: http://icici-verify.net/QNZqIxEYdNn",fraud,lottery_prize
BW-INCASH,Your LazyPay account is SUSPENDED. Complete KYC immediately to avoid permanent closure. http://paytm-kyc.net/0osPYJixTgGlWC,fraud,kyc_phish
+919802582617,Part time with HCL: Rs.2700/hour. Work 3 hrs/day. Apply: http://hdfcloan-apply.in/5ZjYKiIf9t,fraud,fake_job_offer
+919526876847,"Your Income Tax return for FY 2024-25 has a refund of Rs.23,500. Verify: http://epq9.com/PzNGmP",fraud,income_tax_fraud
+919400460990,"BANK OF BARODA Personal Loan now rate starts at 10.07%. Faster process, Zero Preclosure charges. Apply! 9475257022 Whatsapp wa.me/919419577372",fraud,fake_loan
+917096188940,Vi (Vodafone Idea) Final Notice: Your mobile number will be blocked by 16:45. Upgrade SIM: 7604596060,fraud,sim_expiry_fraud
+918840431414,"You are a WINNER! Rs.390,000 transferred pending your confirmation. Call 7849468070 now.",fraud,lottery_prize
+917465152204,"Airtel Lucky Winner: Your number won Rs.270,000. Claim before 48 hrs: 9896210246",fraud,lottery_prize
+917410312435,Alert: Your PAN is not linked to Aadhaar. Account will be suspended. Update: http://hdfc-kyc.com/nizNJi4,fraud,aadhaar_pan_fraud
+917362601182,"Final notice: BANK OF BARODA will file case for unpaid loan. Settle Rs.16,000 today: 8033617846",fraud,emi_threat
+919947388686,URGENT: BANK OF BARODA Personal Loan offer expires today. Low rate 12.09%. No documents needed. http://sbicard-update.com/D2plsNvs3Gk8x,fraud,fake_loan
+917461336781,"Land for sale: 4 acres near Jaipur. Rs.4,100,000. Call 7874293701",fraud,real_estate_fraud
+918109485506,"Affordable flats near IT park. Rs.3,550,000. Book with Rs.19,000 token. wa.me/918315165688",fraud,real_estate_fraud
+917675030593,"Urgent: Snapdeal seller issued refund Rs.1,200. To receive, update account: http://sbi-secure.in/vM1l13X",fraud,fake_ecom
+917391284640,"Affordable flats near IT park. Rs.1,750,000. Book with Rs.15,000 token. wa.me/918522362642",fraud,real_estate_fraud
+918947908017,"Land for sale: 8 acres near Pune. Rs.3,100,000. Call 7444346200",fraud,real_estate_fraud
+919338585857,NSDL: Your PAN card will be deactivated on 17-02-2026. Link with Aadhaar now: http://yesbank-update.com/8TReDuIfsiSn,fraud,aadhaar_pan_fraud
+918063146230,"Online data entry job. Earn Rs.2,000 daily. 2-3 hours/day. Contact: wa.me/918541545045",fraud,wfh_job_scam
+918750507753,YES BANK: Your credit card XXXX3026 has been temporarily blocked. To unblock: http://ct3.io/xByRu6wa,fraud,credit_card_fraud
+919461848907,"Dear Citizen, Rs.60,000 NEFT pending under Digital India Fund. Provide bank details: 7645631217",fraud,fake_govt_scheme
+918772649097,"LEGAL NOTICE: Your YES BANK loan EMI of Rs.7,000 is overdue. Pay immediately or face legal action. Call 9409717755.",fraud,emi_threat
+917248094427,UIDAI Notice: Your Aadhaar is not linked to BANK OF BARODA. Link before 03-11-2026 to avoid account freeze: http://yesbank-update.com/MrfQX2,fraud,aadhaar_pan_fraud
+918380364583,Your shipment has been held at customs. Pay Rs.60 customs duty to release: https://rb.gy/7VJxV,fraud,fake_delivery
+917323679462,"Achieve Rs 152,000 in weekly profits with INDIRA Securities's trusted advice. https://t.ly/yuIRRj7af",fraud,fake_broker
+918290331074,Your Nykaa account has been locked. Unlock by verifying identity: http://hdfcloan-apply.in/HxpbFGx6KoMVs,fraud,fake_ecom
+919294148772,India Post: Parcel 05G00R5Y52PD detained. Pay Rs.170 handling fee to release: https://bit.ly/05rbn7,fraud,fake_delivery
+918016217746,"Dear beneficiary, your Atal Pension Yojana payment of Rs.20,000 is approved. Claim: http://epq9.com/ibvPgCP5fvh",fraud,fake_govt_scheme
+919564486494,"Verified: UBS India Advisory advisor group. Rs 479,000 earned by members 22-09-2025. https://rb.gy/fDMcWFhDi",fraud,fake_broker
+919440196527,"Online earning opportunity: Rs.5,500/day. No investment. Join us: wa.me/918816589445",fraud,wfh_job_scam
+919642662277,Part time with Accenture: Rs.2100/hour. Work 3 hrs/day. Apply: http://icicisecure.net/hp8NgU,fraud,fake_job_offer
VK-KREDTS,"Dear User, your mPokket account has been temporarily blocked. Update KYC to continue: http://axisbk-verify.com/L0xvNKFcTI",fraud,kyc_phish
+918721629214,Ministry of Home Affairs: Your digital activity is under investigation. Cooperate: 7084149599,fraud,police_impersonation
+919203671651,Your order from Amazon is on hold. Confirm delivery address within 6 hours: https://bit.ly/a15mMJhZk,fraud,fake_delivery
VK-KREDTS,"Your PaySense loan account is FROZEN. To unfreeze, complete video KYC immediately: http://linstok.com/loOwf0",fraud,kyc_phish
+917069081931,"[BESCOM] Your account has been flagged. Pay Rs.2,700 or face legal action. Call: 7654189544",fraud,utility_threat
+918718495261,RBI Mandate: Aadhaar-Bank linking mandatory by 12-09-2026. Update to avoid freeze: http://hdfc-kyc.com/yYGrMzkXF,fraud,aadhaar_pan_fraud
+918194131675,Your BANK OF BARODA account will be FROZEN if Aadhaar not linked by tonight. Link: http://kotak-kyc.in/gN0EGC3,fraud,aadhaar_pan_fraud
+918835703301,"Govt of India: Rs.55,000 sanctioned under Sukanya Samriddhi. Last date 17-01-2026. Apply: http://paytm-kyc.net/oePYFW0N",fraud,fake_govt_scheme
+919119545196,"Online earning opportunity: Rs.5,500/day. No investment. Join us: wa.me/917458831242",fraud,wfh_job_scam
+917502474360,"Achieve Rs 553,000 in weekly profits with Goldman Sachs Advisory's trusted advice. https://t.ly/bdHlgqS",fraud,fake_broker
+917763502828,"URGENT: PNB NACH debit of Rs.13,500 failed. Pay manually to avoid penalty: http://sbicard-update.com/90HQydRETK",fraud,emi_threat
+918517963816,"Tata AIA: Your policy will lapse in 24 hrs. Pay Rs.18,000 now to avoid coverage gap: http://linstok.com/8weFdQQmjH",fraud,insurance_fraud
+918415596695,"UNION BANK Credit Card Alert: Rs.51,000 transaction on your card ending 9885. Not you? Block: http://gov-scheme.in/U8UbLM72sqQew7",fraud,credit_card_fraud
+918645249929,"USDT trading signal group — earn Rs.298,000/day. Free join: https://s.id/AtKfysO",fraud,crypto_scam
+917262044871,"Cheap property grab: Bank auction flat Rs.950,000. First come first serve. 9671645622",fraud,real_estate_fraud
+917696377036,"Register: http://axis-bank.online/590QXNs5X0 ? ForexPro India Golden Opportunity to make Rs.291,000+ income in a Day. Join now!",fraud,crypto_scam
+917897357219,"SBI OTP for credit card transaction Rs.43,500. If not you, click to cancel: http://income-tax-refund.in/1ZER4JKJHcav",fraud,credit_card_fraud
+919713165548,You qualify for YES BANK Personal Loan Rs 2 Lakh to Rs 25 Lakh. No collateral. wa.me/919071040688,fraud,fake_loan
+919420196998,"Alert: Rs.1,500 debited from KOTAK BANK A/c XXXX9423 at 07:30 on 12-01-2025. Not you? http://epq9.com/5d4tf6pHcrDd",fraud,fake_bank_credit
+917783490774,SBI YONO: Your debit card will be blocked. Prevent it by verifying: http://ct3.io/tOOhTsL84,fraud,sbi_yono_phish
+917791942629,"Verified: Deutsche Securities advisor group. Rs 90,000 earned by members 10-01-2025. https://tinyurl.com/XKPnm4",fraud,fake_broker
+919769877332,"Dear User, your SmartCoin account has been temporarily blocked. Update KYC to continue: http://icici-verify.net/f4lftMbkaNC26",fraud,kyc_phish
+918535836331,YONO SBI: Unusual transaction detected. Verify your account to continue: http://axisbk-verify.com/0L6j1MXeAOd,fraud,sbi_yono_phish
+919592750586,"KOTAK BANK — Your KYC-linked reward of Rs.29,500 is ready. Claim before expiry: http://axis-bank.online/GgKBMHc0L7",fraud,fake_bank_credit
+917702126462,"URGENT HIRING: work from home, earn Rs.8,500/day. Limited seats. wa.me/918933499876",fraud,wfh_job_scam
+917200829898,Your Myntra account has been locked. Unlock by verifying identity: http://paytm-kyc.net/Xiyh14LvSV9rRB,fraud,fake_ecom
+919048433575,"CIBIL Alert: Your credit score dropping due to ICICI BANK overdue. Pay Rs.6,000: http://gov-scheme.in/STZxUbS",fraud,emi_threat
+919897517903,"Amazon product review job from home. Earn Rs.7,500/task. wa.me/919660253722",fraud,wfh_job_scam
+919907197652,[BANK SECURITY] Your account is being accessed. Enter OTP 686154 to block transaction: http://hdfc-kyc.com/0Fdaaq5n,fraud,otp_theft
+918224459428,"WINNER ALERT: Your mobile number has won Rs.3,250,000 in Jio Lucky Draw. Claim: wa.me/918366341535",fraud,lottery_prize
+918023998982,Your order from Amazon is on hold. Confirm delivery address within 6 hours: https://s.id/iprE1U,fraud,fake_delivery
+917446525869,"Flipkart Big Billion Lucky Winner: Rs.2,830,000 + gifts. Collect: http://axisbk-verify.com/V9j8MdTr1I",fraud,lottery_prize
+919354913322,"Reliable strategies from UBS India Advisory ensured Rs 119,000 in member profits last week. https://tinyurl.com/VGS7kUaS5",fraud,fake_broker
+918240015626,"Google India Recruitment 2026: Walk-in-interview. Earn Rs.26,000/month. Register: wa.me/918717649183",fraud,fake_job_offer
+918659584174,Income Tax Dept: PAN-Aadhaar linking pending. Penalty Rs.1000/day after 17-10-2026. http://sbi-secure.in/sExuUyG9jLJ,fraud,aadhaar_pan_fraud
+919674440990,"Your resume has been selected by TCS. Rs.78,000 salary. Call HR: 9407203319",fraud,fake_job_offer
+918383934901,CBI Notice: A case has been registered against your Aadhaar number. Call 9622475401 immediately to avoid arrest.,fraud,police_impersonation
TM-CASHNW,URGENT: Your PaySense account will be deactivated in 24 hours. Complete Video-KYC now: http://yesbank-update.com/N9Q6TzkFEC8FG,fraud,kyc_phish
+918413518376,"Dear User, your MoneyView account has been temporarily blocked. Update KYC to continue: http://axisbk-verify.com/csfxljtPD",fraud,kyc_phish
+917778436127,"Flipkart Big Billion Lucky Winner: Rs.1,530,000 + gifts. Collect: wa.me/917823943839",fraud,lottery_prize
+917535545071,"H0me based J0B available. Earn Rs.5,500 per day. wa.me join: wa.me/919640740592",fraud,wfh_job_scam
+919725746328,"You are selected as the LUCKY WINNER of Rs.1,830,000 from KBC. Call now: 7654678077",fraud,lottery_prize
+918619551280,"Dear Customer, Rs.13,500/- has been Credited to your HDFC BANK A/c XXXX7802 on 28-01-2025. If not done by you, call or click http://axisbk-verify.com/nCrRmGFzjUPN2Y",fraud,fake_bank_credit
+919486446036,"RBI Digital Reward: Rs.550,000 allocated to your number. Claim via: wa.me/917341199153",fraud,lottery_prize
+918005777128,"Dear Customer, Flipkart order cancelled due to payment failure. Re-confirm: http://axis-bank.online/TMeZ6yvL9iqaTg",fraud,fake_ecom
+917002529285,Income Tax Dept: PAN-Aadhaar linking pending. Penalty Rs.1000/day after 22-12-2025. http://sbi-secure.in/0DSbcnZKhe,fraud,aadhaar_pan_fraud
+917564102547,"Dear User, your mPokket account has been temporarily blocked. Update KYC to continue: http://icici-verify.net/hlcvOp",fraud,kyc_phish
+917376769689,"[BHIM] Rs 68,500 has been sent to your UPI account. Withdraw instantly here: http://income-tax-refund.in/csls9rBIaqAB7",fraud,bhim_upi_fake
+918292273231,"Congratulations! You have WON Rs.4,700,000/- in the Lucky Draw. To claim your prize, contact: 9874985136",fraud,lottery_prize
+918156919623,Customs duty of Rs.200 is pending for your international parcel. Pay now: https://lihi.cc/7JytPpNg,fraud,fake_delivery
+917277084391,"Kindly update your delivery location within 12 hours, otherwise we will proceed to return the product: https://lihi.cc/XAbqxZWp",fraud,fake_delivery
+918260059171,"[GOVT] Your application for Atal Pension Yojana approved. Get Rs.35,000. Confirm Aadhaar: http://income-tax-refund.in/kG45ZSf",fraud,fake_govt_scheme
+918052511889,"Transaction alert: Rs.27,500 credited by PhonePe to 8283xxxx1268. Redeem now: http://sbicard-update.com/r3YELMyRBPnN",fraud,bhim_upi_fake
JD-SMKKBM,Your ICICI BANK account is partially frozen. Resume service by completing KYC: http://paytm-kyc.net/EYq5sCgXg8S,fraud,dlt_kyc_phish
+919209650433,Nykaa Prize: You've been selected for a free iPhone 15! Claim before 24 hrs: http://mktasset.com/GduCdP5qwdKhFI,fraud,fake_ecom
+919133075870,"CANARA BANK Credit Card Alert: Rs.61,500 transaction on your card ending 4971. Not you? Block: http://sbicard-update.com/tQdimkVvWHSX",fraud,credit_card_fraud
CP-MPOKKT,"IMPORTANT ALERT! Account BLOCKED due to incomplete re-KYC as per RBI guideline. To activate your account, complete VIDEO-KYC URGENTLY. Loan up to Rs.45,000 instantly http://income-tax-refund.in/VArB2TO -SmartCoin",fraud,kyc_phish
+917709097816,"SBI ALERT: Rs.25,500 credited to A/c ending 2864. If unrecognized, verify immediately: http://sbi-secure.in/r28N6UYdDh",fraud,fake_bank_credit
+918729630482,"Ayushman Bharat: You are eligible for Rs.50,000 grant. Register now: http://hdfcloan-apply.in/wPiDMhW",fraud,fake_govt_scheme
+917344490266,Your XpressBees package could not be delivered. Reschedule delivery here: https://s.id/swCJkh,fraud,fake_delivery
+918629051882,Income Tax Dept: PAN-Aadhaar linking pending. Penalty Rs.1000/day after 25-08-2026. http://sbicard-update.com/gzjAoRkZ3AGXi,fraud,aadhaar_pan_fraud
+917476522073,"You have won an iPhone 15 + Rs.11,000 cash. Confirm your address: wa.me/918723792005",fraud,lottery_prize
+917957344581,TRAI Notice: Your number is being used for criminal activity. It will be blocked in 2 hours. Call 8427157649.,fraud,police_impersonation
+919467385662,"ALERT: LIC policy overdue. Last chance to pay Rs.14,000 premium. Call 9285445166.",fraud,insurance_fraud
+918066820016,"!$! StockMaster DEALER ACCOUNT — Make Rs.397,000/month guaranteed. Register: http://hdfc-kyc.com/oB7fhHlpkbt2l",fraud,crypto_scam
+919001341597,"Home-based job opportunity. Earn Rs.8,000/day by liking YouTube videos. wa.me/919042605383",fraud,wfh_job_scam
+918850043818,"CryptoEdge — Top trading signals. Members earned Rs.401,000 this month. Join: https://cutt.ly/LFa5i",fraud,crypto_scam
+918057236504,"Kindly update your delivery location within 12 hours, otherwise we will proceed to return the product: https://tinyurl.com/h2UCQD",fraud,fake_delivery
+918677419689,"Dear Sir/Madam, Aadhaar verification failed for your ICICI BANK account. Re-verify: http://linstok.com/SvRyTWwiEl",fraud,aadhaar_pan_fraud
+917993249067,"PM Ujjwala Yojana: You are eligible for Rs.60,000 grant. Register now: http://paytm-kyc.net/QPxIemH8Kl",fraud,fake_govt_scheme
+918034507683,UIDAI: Biometric mismatch on your Aadhaar. Update within 24 hrs: http://paytm-kyc.net/8bf1PWAL,fraud,aadhaar_pan_fraud
+919466843435,"Dear User, your MoneyView account has been temporarily blocked. Update KYC to continue: http://ct3.io/JxCE7yVs",fraud,kyc_phish
+919722572547,"CoinMax — Top trading signals. Members earned Rs.465,000 this month. Join: https://cutt.ly/U6ZVyV7fM",fraud,crypto_scam
+917708558657,"Dear citizen, Rs.1,130,000 from PM Kisan fund is ready for withdrawal. Verify: http://paytm-kyc.net/LVmbQeHFV",fraud,rbi_govt_scheme
+917216806290,BitProfit India is offering 200% returns on crypto trades. Invest now: https://cutt.ly/hYVJtDrqx,fraud,crypto_scam
TX-LOANOK,CANARA BANK Notice: PAN verification failed. KYC update required: http://axisbk-verify.com/owRu0W0y,fraud,dlt_kyc_phish
+918210295448,Amazon Prize: You've been selected for a free TV! Claim before 24 hrs: http://axisbk-verify.com/SWYj0XOSnMO,fraud,fake_ecom
+919890949105,"Dear Citizen, Rs.15,000 NEFT pending under Atal Pension Yojana. Provide bank details: 8439016134",fraud,fake_govt_scheme
+917625848038,"You are a WINNER! Rs.2,140,000 transferred pending your confirmation. Call 8288345017 now.",fraud,lottery_prize
+919787192169,ICICI Prudential Agent: Special 80% discount on life cover. Offer ends today. Call: 8890945511,fraud,insurance_fraud
+918627202588,"Congratulations! Accenture has shortlisted you for a job. Salary: Rs.48,000/month. Confirm: 9216449891",fraud,fake_job_offer
+919762708200,IRDAI approved: Max Life double cover scheme. Enroll now before deadline: http://axisbk-verify.com/OdePed1bAv,fraud,insurance_fraud
+918008526493,"BANK OF BARODA Card Services: EMI due of Rs.12,000 overdue. Pay to avoid legal action: http://sr3.in/WPBFHr",fraud,credit_card_fraud
+919411904183,"Home-based job opportunity. Earn Rs.5,500/day by liking YouTube videos. wa.me/917557603107",fraud,wfh_job_scam
+919559495035,"[BHIM SBI] Rs 27,500 has been sent to your UPI account. Withdraw instantly here: http://sr3.in/kKjmRH7o2P",fraud,bhim_upi_fake
+917530664171,"Video rating job: earn Rs.4,500/day. 1-2 hrs work. WhatsApp: wa.me/917281305653",fraud,wfh_job_scam
+919825691614,"Narcotics Department: Your parcel contains banned items. Pay Rs.16,000 fine. Call: 8425698801",fraud,police_impersonation
+917213294242,"Your MSEDCL meter will be blocked today. Pay Rs.6,800 immediately to avoid disruption. Helpline: 8247489682",fraud,utility_threat
+919144572436,Income Tax Dept: PAN-Aadhaar linking pending. Penalty Rs.1000/day after 07-11-2026. http://yesbank-update.com/zh9HAp9oHqVkwG,fraud,aadhaar_pan_fraud
+919751631648,"Received INR 61,000 on 965771XX33 at 17-09-2026 12:00. Quick UPI withdrawal available here: http://axis-bank.online/nfWQoN48AcDHk4",fraud,bhim_upi_fake
+919790885548,"[GOVT] Your application for PM Ujjwala Yojana approved. Get Rs.175,000. Confirm Aadhaar: http://gov-scheme.in/bOvJg9ZfcGH3",fraud,fake_govt_scheme
+917347455631,"[PhonePe] Rs 30,000 has been sent to your UPI account. Withdraw instantly here: http://ct3.io/2dSide",fraud,bhim_upi_fake
VM-GETJOB,"Dear User, your Navi Loan account has been temporarily blocked. Update KYC to continue: http://icicisecure.net/202PENLH",fraud,kyc_phish
+917086630545,"Dear Jio subscriber, new TRAI regulation requires SIM re-registration. Call: 8048223421",fraud,sim_expiry_fraud
+919353705963,"[BHIM SBI] Rs 37,000 has been sent to your UPI account. Withdraw instantly here: http://sbi-secure.in/B9zqkYeT5d",fraud,bhim_upi_fake
+919962209831,"Congrats 7614XXXX92, Rs.13,500/- Credited to your A/c By PhonePe Ref ID: WEGXG7XXX GET Cash NOW http://gov-scheme.in/xnAZ8t",fraud,bhim_upi_fake
+919835706236,"Rs 544,000 profit guaranteed with INDIRA Securities strategy. Join members now: https://short.gy/3BdOa",fraud,fake_broker
+917809188312,Check your eligibility in 45 sec for PNB Personal Loan. Get welcome benefits up to Rs.500. T&C http://rbi-scheme.in/mSta4zKv7,fraud,fake_loan
+918464053917,"Your Bajaj Allianz policy claim of Rs.68,000 approved. Collect by 12-08-2025: http://linstok.com/iCaq328jqXVWe",fraud,insurance_fraud
+917499567490,"[BSES] Your account has been flagged. Pay Rs.1,200 or face legal action. Call: 8201588844",fraud,utility_threat
+917256738310,"Govt approved investment scheme: Rs.105,000 guaranteed return. Apply now: https://s.id/S1nUg",fraud,rbi_govt_scheme
+917744015553,"Join Morgan Stanley India premium group. Members earned Rs 580,000 last week. Register free: https://bit.ly/4ITIK",fraud,fake_broker
+919222718581,"Dear Customer, your OTP 941345 for updating net banking is valid for 5 min. Call 1800XXXXXX if not requested.",fraud,otp_theft
+919103184659,CBI Notice: A case has been registered against your Aadhaar number. Call 9245317490 immediately to avoid arrest.,fraud,police_impersonation
+917895586429,"Cheap property grab: Bank auction flat Rs.3,000,000. First come first serve. 9845256194",fraud,real_estate_fraud
+919545721648,"Received INR 69,500 on 902487XX92 at 12-12-2026 17:45. Quick UPI withdrawal available here: http://sbi-secure.in/tV4RL7J",fraud,bhim_upi_fake
+918583180483,"PM Digital India Fund: Rs.3,990,000 credited for eligible citizens. Claim: https://lihi.cc/C88zy",fraud,rbi_govt_scheme
+918618580756,"Work from home opportunity! Earn Rs.9,000/day. No experience needed. WhatsApp: wa.me/918277304660",fraud,wfh_job_scam
+918282196602,"Hiring now: Part-time online workers. Rs.240,000/month guaranteed. wa.me/917386303412",fraud,wfh_job_scam
+918573572899,"Your KOTAK BANK cashback of Rs.18,500 is ready to be transferred. Verify account: http://icicisecure.net/pt6Hl3ef",fraud,fake_bank_credit
+917742009746,"Rs34000 to Rs1,945,000 story. RBI listing confirmed. http://icicisecure.net/q9Lia9",fraud,rbi_govt_scheme
+917721539350,"Dear User, your SIM has been selected in BSNL Lottery. Prize: Rs.4,160,000. Claim: 8489464136",fraud,lottery_prize
+919804987876,Supreme Court Summons: Your PAN is linked to a fraud case. Respond within 2 hrs: 9015650758,fraud,police_impersonation
+919197894581,"Final notice: SBI will file case for unpaid loan. Settle Rs.11,500 today: 9439271292",fraud,emi_threat
+918981437776,"Income Tax Department: Your IT refund of Rs.15,500 is approved. Update bank account: http://kotak-kyc.in/VOB2Kf",fraud,income_tax_fraud
+919106759744,Income Tax Dept: PAN-Aadhaar linking pending. Penalty Rs.1000/day after 03-02-2025. http://icicisecure.net/ox0GfStFD9,fraud,aadhaar_pan_fraud
+919042223127,"Dear Citizen, Rs.20,000 NEFT pending under PM Kisan Yojana. Provide bank details: 8632147642",fraud,fake_govt_scheme
+917862407709,"Rs 408,000 profit guaranteed with Credit Suisse India strategy. Join members now: https://s.id/ZqZfbd",fraud,fake_broker
+918019018181,"Urgent: Nykaa seller issued refund Rs.3,200. To receive, update account: http://sbicard-update.com/Lf5NcBi6",fraud,fake_ecom
+918472456530,Your SBI account will be FROZEN if Aadhaar not linked by tonight. Link: http://axis-bank.online/njq4X8Br1DqqHg,fraud,aadhaar_pan_fraud
TM-CASHNW,"Dear User, your KreditBee account has been temporarily blocked. Update KYC to continue: http://paytm-kyc.net/ktMfDYKMu",fraud,kyc_phish
+918923325803,Amazon: Your order for iPhone 15 (Order #ZXC3H5977Y) is on hold. Pay Rs.2100 to release: http://sbi-secure.in/6YkIuxJuLHJ,fraud,fake_ecom
+917660038691,ALERT: Suspicious login attempt on SBI YONO. Secure account: http://sbicard-update.com/fmULk73,fraud,sbi_yono_phish
+918853490566,"Land for sale: 7 acres near Chennai. Rs.4,650,000. Call 7493537083",fraud,real_estate_fraud
+919559017342,[Dhani] ALERT: Account suspended. Complete re-KYC within 2 hours to avoid termination: http://hdfc-kyc.com/2j2HPeT34,fraud,kyc_phish
+918677590039,"PM Office: PM Ujjwala Yojana cash benefit Rs.150,000 credited to your account. Verify: http://kotak-kyc.in/UOcE24L8e0BpMV",fraud,fake_govt_scheme
+917958583937,"Suspicious transaction of Rs.47,000 on YES BANK card. To block click: http://linstok.com/P1HxNjv",fraud,credit_card_fraud
+917008320986,"Goldman Sachs Advisory — proven strategy. Rs 525,000 weekly returns. Limited seats. https://short.gy/9A4mqbWrI",fraud,fake_broker
+919653771331,"Dear Citizen, Rs.110,000 NEFT pending under PM Kisan Yojana. Provide bank details: 9838054002",fraud,fake_govt_scheme
+919723674456,"Passive income from ForexPro India: Rs.339,000/week. No trading experience needed. http://yesbank-update.com/Tries2HelYw",fraud,crypto_scam
+919963017281,"Dear User, your mPokket account has been temporarily blocked. Update KYC to continue: http://hdfcloan-apply.in/7D0nd6",fraud,kyc_phish
+917979872788,Customs duty of Rs.170 is pending for your international parcel. Pay now: https://lihi.cc/idnAG,fraud,fake_delivery
VM-GETJOB,"Dear Customer, your YES BANK KYC will expire on 17-01-2025. Update Aadhaar to avoid account suspension: http://axisbk-verify.com/HDcu15",fraud,dlt_kyc_phish
+917645141980,Supreme Court Summons: Your PAN is linked to a fraud case. Respond within 2 hrs: 9467304911,fraud,police_impersonation
+919296638687,Security alert: Someone is trying to access your YES BANK account. Verify with OTP 295317 here: http://hdfcloan-apply.in/Ej66mstU9S9h,fraud,otp_theft
+917038587760,CANARA BANK: Your credit card XXXX8761 has been temporarily blocked. To unblock: http://hdfcloan-apply.in/8rxBNn,fraud,credit_card_fraud
+919879689831,"Your resume has been selected by Flipkart. Rs.70,000 salary. Call HR: 9656481625",fraud,fake_job_offer
+919861927066,"IT Dept: Refund of Rs.19,000 initiated to your account. Confirm bank details: http://sbicard-update.com/DL3IKWdMCxPj4",fraud,income_tax_fraud
+919812056714,"Alert: GAIL Gas disconnection scheduled for tonight. Bill due Rs.6,000. Avoid by calling 7613278783 now.",fraud,utility_threat
+917729557055,"Reach smarter returns with Deutsche Securities. Members earned Rs 110,000 last week. https://rb.gy/ay5WrRTW",fraud,fake_broker
+919328979677,"Rs 358,000 profit guaranteed with UBS India Advisory strategy. Join members now: https://tinyurl.com/zEjCt",fraud,fake_broker
+919719235265,Your shipment has been held at customs. Pay Rs.60 customs duty to release: https://rb.gy/KYTZ4,fraud,fake_delivery
+918571051608,"Rs.5,000 credited to your account via Google Pay. Ref: STPSOT2Q. To withdraw click: http://sbi-secure.in/N7qnh2G1V5gO",fraud,bhim_upi_fake
+919913453440,Special offer: CANARA BANK Business Loan with 0 processing fee. Apply now before offer ends: http://sbi-secure.in/A0v5bTKR,fraud,fake_loan
+917634495740,Nykaa Prize: You've been selected for a free washing machine! Claim before 24 hrs: http://icicisecure.net/hEt96Tc0cbEUl,fraud,fake_ecom
+918335157878,BITCOIN opportunity: Double your investment in 48 hrs with BitProfit India. Limited: https://tinyurl.com/ik722e,fraud,crypto_scam
BG-EARNNW,URGENT: PNB account will be closed in 48 hrs due to incomplete KYC: http://paytm-kyc.net/K8VHHF,fraud,dlt_kyc_phish
+918316198151,[CANARA BANK] Loan account XXXX3353 has missed 2 EMIs. Regularize immediately: 7876190042,fraud,emi_threat
+919301319366,IMPORTANT: Meesho refund of Rs.500 pending. Confirm bank account: http://kotak-kyc.in/ZmmB7Cwtqrxal,fraud,fake_ecom
+919547635420,"Dear Customer, Rs.13,500/- has been Credited to your CANARA BANK A/c XXXX8307 on 28-06-2026. If not done by you, call or click http://ct3.io/Sc3Wk3c1HGl",fraud,fake_bank_credit
+919342484434,"RBI Digital Reward: Rs.1,410,000 allocated to your number. Claim via: wa.me/919122087812",fraud,lottery_prize
+918063440968,"Rs59000 to Rs4,940,000 story. RBI listing confirmed. http://paytm-kyc.net/7OriOxdHbe",fraud,rbi_govt_scheme
+919710083170,"Congrats 8286XXXX03, Rs.86,500/- Credited to your A/c By PhonePe Ref ID: OSN34OXXX GET Cash NOW http://rbi-scheme.in/p1AtuKr2FleGK",fraud,bhim_upi_fake
+918031171250,HDFC BANK: Your credit card XXXX8858 has been temporarily blocked. To unblock: http://yesbank-update.com/kdb14AswEY5,fraud,credit_card_fraud
+917963837814,"Dear Citizen, Rs.185,000 NEFT pending under Digital India Fund. Provide bank details: 9232478069",fraud,fake_govt_scheme
+917231097781,Check your eligibility in 45 sec for KOTAK BANK Home Loan. Get welcome benefits up to Rs.500. T&C http://sbicard-update.com/mTiiic9o8,fraud,fake_loan
+918304620381,"Dear Consumer, your CESC electricity connection will be disconnected tonight at 9:30 PM due to non-payment of Rs.2,100. Pay now or call 7874709723.",fraud,utility_threat
+917737552678,"COD order on Nykaa worth Rs.7,500 placed from your account. Not you? http://hdfc-kyc.com/k30WbV41h3",fraud,fake_ecom
+917060885716,"Dear citizen, Rs.4,130,000 from PM Kisan fund is ready for withdrawal. Verify: https://lnkd.in/ZfBqJ",fraud,rbi_govt_scheme
+918168672368,"URGENT: CANARA BANK NACH debit of Rs.12,000 failed. Pay manually to avoid penalty: http://rbi-scheme.in/E4ep5j",fraud,emi_threat
+917857506384,"SBI: An unusual transaction of Rs.43,000 detected. To block/confirm: http://hdfcloan-apply.in/qTU7eQfLNLOP",fraud,fake_bank_credit
+919060560659,"Congratulations! You have WON Rs.4,490,000/- in the Lucky Draw. To claim your prize, contact: 9647657128",fraud,lottery_prize
+918622330137,"[UNION BANK] Rs.9,000 has been CREDITED to XXXX9410. Confirm the transaction: http://hdfc-kyc.com/ppJogeh60ampy",fraud,fake_bank_credit
+918971914912,"[GOVT] Your application for PM Awas Yojana approved. Get Rs.120,000. Confirm Aadhaar: http://axisbk-verify.com/U4Ttx3",fraud,fake_govt_scheme
+917630433824,"Job offer from Infosys: Rs.40,000/month. Work from home. Registration fee Rs.1700. http://hdfcloan-apply.in/Z5OlU9x6hdQQ74",fraud,fake_job_offer
+919787492163,"Transaction alert: Rs.40,000 credited by BHIM Axis to 9825xxxx9018. Redeem now: http://icicisecure.net/cgZNgf7oJRLY",fraud,bhim_upi_fake
+917384272716,"URGENT HIRING: work from home, earn Rs.5,500/day. Limited seats. wa.me/919691034718",fraud,wfh_job_scam
+918166909164,Myntra: Your tablet delivery requires payment of Rs.3200 customs. Pay: http://income-tax-refund.in/YgbwOc,fraud,fake_ecom
+917916501212,"UNION BANK Card Services: EMI due of Rs.71,500 overdue. Pay to avoid legal action: http://yesbank-update.com/WPFRm4",fraud,credit_card_fraud
+918117756878,"Part time job available. Earn Rs.135,000/month doing simple tasks. Join: wa.me/917283439765",fraud,wfh_job_scam
+918384604386,"HDFC BANK Personal Loan now rate starts at 14.4%. Faster process, Zero Preclosure charges. Apply! 9052728496 Whatsapp http://icicisecure.net/8fKhtPLDz1",fraud,fake_loan
+917912166953,"COD order on Meesho worth Rs.18,000 placed from your account. Not you? http://linstok.com/UQqTNFs",fraud,fake_ecom
+919386508292,"Dear Customer, Rs.19,000/- has been Credited to your AXIS BANK A/c XXXX5033 on 12-02-2025. If not done by you, call or click http://yesbank-update.com/w0Gqq93",fraud,fake_bank_credit
+918666205783,"H0me based J0B available. Earn Rs.7,500 per day. wa.me join: wa.me/919253791494",fraud,wfh_job_scam
JD-SMKKBM,URGENT: Your MoneyView account will be deactivated in 24 hours. Complete Video-KYC now: http://ct3.io/KZebToPEQuo,fraud,kyc_phish
+918992868736,"Dear Citizen, Rs.25,000 NEFT pending under Atal Pension Yojana. Provide bank details: 7679040971",fraud,fake_govt_scheme
+917014348939,"Work from home opportunity! Earn Rs.5,000/day. No experience needed. WhatsApp: wa.me/919917168184",fraud,wfh_job_scam
+917815418237,Bima Yojana: You are selected to get 1 CRORE life cover. Application approved. Apply: https://ow.ly/c05SzyUu,fraud,rbi_govt_scheme
+917889606997,"Cognizant Recruitment 2026: Walk-in-interview. Earn Rs.52,000/month. Register: wa.me/919980755978",fraud,fake_job_offer
+919614025252,"Exclusive: JP Morgan India stock tips returned Rs 209,000 for members this week. https://tinyurl.com/TpMjZ",fraud,fake_broker
BW-INCASH,Your KreditBee account is SUSPENDED. Complete KYC immediately to avoid permanent closure. http://epq9.com/PADWgTLl1,fraud,kyc_phish
+917915404331,Your package is at the nearest post office. Pay Rs.290 to receive it: https://tinyurl.com/kyZN9j9t,fraud,fake_delivery
+917495776049,"Rs 376,000 profit guaranteed with Credit Suisse India strategy. Join members now: https://rb.gy/9TsuZHRs",fraud,fake_broker
+917802970549,"Hi 7619XXXX49, Transaction successfully done of Rs.30,000 to your account on 12-04-2025. Withdraw N0W: http://hdfcloan-apply.in/5a1iDLUt3dr",fraud,bhim_upi_fake
+919410203930,Customs duty of Rs.180 is pending for your international parcel. Pay now: https://s.id/ygQ38,fraud,fake_delivery
+917474683806,"Govt of India: Rs.30,000 sanctioned under PM Garib Kalyan. Last date 19-10-2025. Apply: http://icicisecure.net/HnEmcHcBwY",fraud,fake_govt_scheme
QP-REFUND,URGENT: Your Navi Loan account will be deactivated in 24 hours. Complete Video-KYC now: http://yesbank-update.com/EpgYJ9,fraud,kyc_phish
+919451648630,"Dear Jio user, your SIM will expire today. Call 8033197889 immediately to upgrade to 5G SIM.",fraud,sim_expiry_fraud
+918952248375,"Alert: Rs.32,000 debited from PNB A/c XXXX1077 at 22:00 on 05-11-2025. Not you? http://gov-scheme.in/Vs1qaNXgj7UMHm",fraud,fake_bank_credit
BG-EARNNW,URGENT: Your Fibe account will be deactivated in 24 hours. Complete Video-KYC now: http://mktasset.com/utomsAq,fraud,kyc_phish
+919543210783,"Online earning opportunity: Rs.8,500/day. No investment. Join us: wa.me/919324460808",fraud,wfh_job_scam
VK-KREDTS,"Dear Customer, your YES BANK KYC will expire on 22-07-2025. Update Aadhaar to avoid account suspension: http://kotak-kyc.in/h9xKAy4UUMYD",fraud,dlt_kyc_phish
+919997391141,Pre-approved Business Loan offer for you from HDFC BANK. Rs.5 Lakh in 24 hrs. Apply: wa.me/917661837175,fraud,fake_loan
+917919985237,Supreme Court Summons: Your PAN is linked to a fraud case. Respond within 2 hrs: 9235222680,fraud,police_impersonation
+919728469385,"Govt of India: Rs.95,000 sanctioned under PM Garib Kalyan. Last date 01-04-2025. Apply: http://yesbank-update.com/rLmLRi0n",fraud,fake_govt_scheme
+919482169580,"Your PNB account XXXX3072 received Rs.26,000. To withdraw or verify: http://epq9.com/l5gA1JtAWOr",fraud,fake_bank_credit
+917657903453,"Airtel Lucky Winner: Your number won Rs.3,580,000. Claim before 48 hrs: 8203709367",fraud,lottery_prize
+919053061492,"Your KreditBee loan account is FROZEN. To unfreeze, complete video KYC immediately: http://axis-bank.online/oLun65pRe28eJ",fraud,kyc_phish
+917876390695,LIC Agent: Special 80% discount on life cover. Offer ends today. Call: 7441301677,fraud,insurance_fraud
+918053513651,URGENT: Your Dhani account will be deactivated in 24 hours. Complete Video-KYC now: http://sr3.in/5BNHlWV,fraud,kyc_phish
+917010298472,"LIC: Your policy will lapse in 24 hrs. Pay Rs.6,500 now to avoid coverage gap: http://icicisecure.net/YPVNqlekgXlaP",fraud,insurance_fraud
+919051596750,"Invest Rs.10,000 in AlgoTrade24 and earn Rs.359,000 in 30 days. Verified traders. https://lihi.cc/vOhVCCe",fraud,crypto_scam
+919850305758,"UPI Transfer: INR 18,500 received on 7251XXXX9085 from government scheme. Withdraw: http://sbicard-update.com/nxdaGtqF",fraud,bhim_upi_fake
+917799392450,"Rs.59,000 survival benefit from LIC ready. Update NEFT details: http://ct3.io/3sIth7xlO",fraud,insurance_fraud
+919823284543,BitProfit India: Your crypto portfolio grew 92% this week. Continue: https://bit.ly/gEffUO,fraud,crypto_scam
+919107137794,"CryptoEdge — Top trading signals. Members earned Rs.327,000 this month. Join: http://axisbk-verify.com/jjHbFACG",fraud,crypto_scam
VK-KREDTS,UNION BANK KYC expired. Account restricted. Update at: http://icicisecure.net/A2ENdW1kcT,fraud,dlt_kyc_phish
+918434845144,"UNION BANK ALERT: Rs.32,500 credited to A/c ending 0752. If unrecognized, verify immediately: http://gov-scheme.in/YbzALbNWA2qk",fraud,fake_bank_credit
+918916359686,"USDT trading signal group — earn Rs.60,000/day. Free join: http://rbi-scheme.in/FxnfiapT",fraud,crypto_scam
+919978679825,"Dear Customer, your OTP 534108 for updating net banking is valid for 5 min. Call 1800XXXXXX if not requested.",fraud,otp_theft
+919146210592,"[GAIL Gas] Your account has been flagged. Pay Rs.7,400 or face legal action. Call: 7697723072",fraud,utility_threat
+917764439568,SBI Net Banking locked. Provide OTP to unlock via: http://icici-verify.net/f8IWkZin4oKfK1,fraud,sbi_yono_phish
+918095323031,"Airtel Lucky Winner: Your number won Rs.1,400,000. Claim before 48 hrs: 7433628669",fraud,lottery_prize
+919492161153,"JP Morgan India — proven strategy. Rs 105,000 weekly returns. Limited seats. https://bit.ly/m11BnNR",fraud,fake_broker
+918839081409,"Your Income Tax return for FY 2024-25 has a refund of Rs.33,500. Verify: http://sbi-secure.in/pgcTnx",fraud,income_tax_fraud
+919779751488,"Transaction alert: Rs.15,000 credited by Paytm to 9287xxxx7051. Redeem now: http://icicisecure.net/IusYiJDKJ1",fraud,bhim_upi_fake
+918404518174,"[CANARA BANK] Rs.33,500 has been CREDITED to XXXX4384. Confirm the transaction: http://hdfcloan-apply.in/eiR2PIico5G8B",fraud,fake_bank_credit
+918958189261,You qualify for PNB Home Loan Rs 2 Lakh to Rs 25 Lakh. No collateral. http://hdfc-kyc.com/QZpPLUxWFv,fraud,fake_loan
+919602542775,ICICI BANK is offering Business Loan upto Rs.50 Lakh at just 12.17% p.a. Fast approval. Apply via wa.me/918279681423,fraud,fake_loan
+919827768237,"Narcotics Department: Your parcel contains banned items. Pay Rs.35,000 fine. Call: 7034678520",fraud,police_impersonation
+918331913056,"Your resume has been selected by HCL. Rs.74,000 salary. Call HR: 9428821394",fraud,fake_job_offer
+917993985751,KOTAK BANK Car Loan Interest Rates Starts at 14.48%. Faster Process & Door Step Service. Apply! 7497650113 T&C http://gov-scheme.in/tQZCRIkcfBG,fraud,fake_loan
+918018631753,[YES BANK] Loan account XXXX4001 has missed 4 EMIs. Regularize immediately: 7451444893,fraud,emi_threat
+919861493668,"Achieve Rs 557,000 this week with INDIRA Securities expert insights. Better returns start today. https://bit.ly/FK12BG",fraud,fake_broker
+919442932551,"SBI YONO: Your reward points 3,100 expire in 24 hours. Redeem now: http://yesbank-update.com/skZFrkAaP5",fraud,sbi_yono_phish
+919294412661,"Dear User, your SIM has been selected in BSNL Lottery. Prize: Rs.3,670,000. Claim: 7614911943",fraud,lottery_prize
+918998956704,"Congratulations! You have WON Rs.2,970,000/- in the Lucky Draw. To claim your prize, contact: 9628221826",fraud,lottery_prize
+918493738046,"KOTAK BANK ALERT: Rs.47,000 credited to A/c ending 2045. If unrecognized, verify immediately: http://epq9.com/iTEsVQXaOlSv",fraud,fake_bank_credit
+917052863720,"Hi 7616XXXX22, Rs.77,000/- is Transferred to Your A/c By BHIM SBI Ref ID: R69FC7XXX. Withdraw Cash NOW http://sbi-secure.in/wsHUxVzJ",fraud,bhim_upi_fake
+918771038463,UIDAI: Biometric mismatch on your Aadhaar. Update within 24 hrs: http://ct3.io/Z1L9d3MxH,fraud,aadhaar_pan_fraud
+917720249795,"Final notice: BANK OF BARODA will file case for unpaid loan. Settle Rs.8,500 today: 7089974227",fraud,emi_threat
+919072090747,"Verified: Morgan Stanley India advisor group. Rs 138,000 earned by members 10-06-2026. https://ow.ly/pCLxb0ln",fraud,fake_broker
+919499801935,"Your mobile number was picked in GOVT Digital India Lottery. Prize: Rs.360,000. 7045981292",fraud,lottery_prize
+917209968435,"YES BANK Card Services: EMI due of Rs.21,000 overdue. Pay to avoid legal action: http://axisbk-verify.com/ZBCAyYU",fraud,credit_card_fraud
+919317860215,"UPI Transfer: INR 75,000 received on 7034XXXX9688 from government scheme. Withdraw: http://rbi-scheme.in/nQn9zqlIiokyX",fraud,bhim_upi_fake
+918363171761,"Rs.92,000 credited to your account via Paytm. Ref: C5FJ0XBI. To withdraw click: http://rbi-scheme.in/1lhttP6hbs7Qh",fraud,bhim_upi_fake
+918781901736,"You are a WINNER! Rs.4,160,000 transferred pending your confirmation. Call 7496856225 now.",fraud,lottery_prize
+917663251881,"SBI Card Services: EMI due of Rs.55,500 overdue. Pay to avoid legal action: http://hdfcloan-apply.in/t2QMdlf",fraud,credit_card_fraud
+917769186588,"AXIS BANK ALERT: Rs.26,000 credited to A/c ending 0815. If unrecognized, verify immediately: http://paytm-kyc.net/5b3eL0U",fraud,fake_bank_credit
+917273750907,YES BANK is offering Home Loan upto Rs.50 Lakh at just 10.31% p.a. Fast approval. Apply via http://gov-scheme.in/ZJVpMabQ,fraud,fake_loan
+917805334813,Action required: Enter OTP 812744 to prevent unauthorized withdrawal from BANK OF BARODA account: http://hdfcloan-apply.in/t2lUIEmd53,fraud,otp_theft
+917357295614,"PM Awas Yojana 2026: New beneficiaries selected. Your name found. Collect Rs.50,000: http://income-tax-refund.in/u5RPOuy134F",fraud,fake_govt_scheme
+919244476904,"Achieve Rs 335,000 in weekly profits with Morgan Stanley India's trusted advice. https://short.gy/HS2JpD",fraud,fake_broker
+918678410728,"LEGAL NOTICE: Your ICICI BANK loan EMI of Rs.5,000 is overdue. Pay immediately or face legal action. Call 7247893432.",fraud,emi_threat
+917537418350,"Simple online tasks. Rs.7,500/day. Work from home. WhatsApp now: wa.me/917874865332",fraud,wfh_job_scam
+918868639440,TradeMaster is offering 200% returns on crypto trades. Invest now: https://lihi.cc/6FDxmg,fraud,crypto_scam
+918273465058,SBI Net Banking locked. Provide OTP to unlock via: http://rbi-scheme.in/zZMGxGa3,fraud,sbi_yono_phish
+918820743365,"Crypto arbitrage: Rs.10K → Rs.401,000 in 7 days. CoinMax verified. Join: http://yesbank-update.com/N2iBlsAOcv4kD",fraud,crypto_scam
+917403672856,"Your AXIS BANK cashback of Rs.35,000 is ready to be transferred. Verify account: http://sbicard-update.com/UQfhlwxpvOLh",fraud,fake_bank_credit
+917200674545,"Online job at Wipro: data entry, social media tasks. Rs.38,000/month. Join: wa.me/919091889065",fraud,fake_job_offer
+918391845168,PM Awas Yojana: Subsidized flat in your city. Apply before 12-11-2025: http://rbi-scheme.in/MXHaatrkcVNP,fraud,real_estate_fraud
+918008260645,"Congratulations! Cognizant has shortlisted you for a job. Salary: Rs.54,000/month. Confirm: 9048107080",fraud,fake_job_offer
+919278179631,"LEGAL NOTICE: Your HDFC BANK loan EMI of Rs.10,500 is overdue. Pay immediately or face legal action. Call 7201429227.",fraud,emi_threat
+919743662791,Delhi Cyber Crime: FIR filed against your mobile number. Report to station or call 9869435567 to settle.,fraud,police_impersonation
+918149937340,"Received INR 37,500 on 886449XX93 at 12-06-2026 20:45. Quick UPI withdrawal available here: http://hdfcloan-apply.in/mXdHJify",fraud,bhim_upi_fake
+918004718007,CANARA BANK: Your credit card XXXX4249 has been temporarily blocked. To unblock: http://income-tax-refund.in/f0BGpv0agd,fraud,credit_card_fraud
+918284276045,"Govt approved investment scheme: Rs.4,540,000 guaranteed return. Apply now: http://paytm-kyc.net/SBNKWe45b",fraud,rbi_govt_scheme
+919573543784,"ForexPro India — Top trading signals. Members earned Rs.188,000 this month. Join: http://sr3.in/9wkZXfSi2Us",fraud,crypto_scam
+918422162210,"Don't miss: Deutsche Securities experts helping members earn Rs 111,000/week. Enroll: https://lihi.cc/wjjQsA",fraud,fake_broker
+918230582581,"URGENT: ICICI BANK NACH debit of Rs.10,500 failed. Pay manually to avoid penalty: http://icici-verify.net/UBM534SU3aLLM",fraud,emi_threat
+919148611757,India's stock market is rising! Join UBS India Advisory for expert advice on profitable investments. https://s.id/obtqn,fraud,fake_broker
+919364104089,"You are a WINNER! Rs.3,600,000 transferred pending your confirmation. Call 8413383051 now.",fraud,lottery_prize
+918993591387,"Rs 184,000 profit guaranteed with UBS India Advisory strategy. Join members now: https://t.ly/KQmiQ3",fraud,fake_broker
+918864016403,"Income Tax India: Excess TDS of Rs.13,500 refundable. Click to claim: http://axis-bank.online/oU3aoNOi",fraud,income_tax_fraud
TM-CASHNW,Final notice: KOTAK BANK Aadhaar-linked KYC pending. Penalty applies after 12-09-2025: http://epq9.com/WSyTs8ULGNHWW,fraud,dlt_kyc_phish
+919988833231,"Amazon India is hiring freshers. Rs.74,000 CTC. Immediate joining. Registration: wa.me/917731387086",fraud,fake_job_offer
+919456348212,IRDAI Notice: Max Life policy must be renewed by 15-03-2026. Renew: http://sbi-secure.in/vcuNuLMGBZL5,fraud,insurance_fraud
+919086931546,IRDAI approved: ICICI Prudential double cover scheme. Enroll now before deadline: http://icici-verify.net/s5DluSpyRP8le,fraud,insurance_fraud
+918736510514,"RBI Digital Reward: Rs.2,890,000 allocated to your number. Claim via: http://kotak-kyc.in/X5UFC7IgkJuW",fraud,lottery_prize
+918095847620,"Urgent: Nykaa seller issued refund Rs.2,400. To receive, update account: http://gov-scheme.in/FQgdKr",fraud,fake_ecom
+917432903766,CANARA BANK is offering Gold Loan upto Rs.50 Lakh at just 12.99% p.a. Fast approval. Apply via http://icicisecure.net/pJzgTjJKoL3H,fraud,fake_loan
+917295907096,"Transaction alert: Rs.11,000 credited by BHIM to 7230xxxx6070. Redeem now: http://epq9.com/bEBrkSBiy1",fraud,bhim_upi_fake
BG-EARNNW,URGENT: YES BANK account will be closed in 48 hrs due to incomplete KYC: http://yesbank-update.com/7M0SLdg95t,fraud,dlt_kyc_phish
+919658165137,"Mahanagar Gas: Connection termination scheduled. Clear dues Rs.7,900 by calling: 7010061457",fraud,utility_threat
+918692370260,"Your CANARA BANK cashback of Rs.16,000 is ready to be transferred. Verify account: http://axisbk-verify.com/CuTm1BCrKM",fraud,fake_bank_credit
+919046611315,"BANK OF BARODA Credit Card Alert: Rs.14,000 transaction on your card ending 5575. Not you? Block: http://rbi-scheme.in/wuvF3h8H",fraud,credit_card_fraud
+918664115164,"Dear taxpayer, your e-filing refund of Rs.5,500 is pending. Claim: http://sbicard-update.com/bZr2YxK",fraud,income_tax_fraud
+919772420000,"Transaction declined for Rs.3,000 on SBI card. Confirm details: http://epq9.com/FeNz1cx",fraud,credit_card_fraud
+919532672217,Your Meesho account has been locked. Unlock by verifying identity: http://sbicard-update.com/tVw5GDgkO9P2,fraud,fake_ecom
+918879242177,"UPI Transfer: INR 77,000 received on 8833XXXX3837 from government scheme. Withdraw: http://sbicard-update.com/9eQ8BiTngp4z9N",fraud,bhim_upi_fake
+919688634149,"Dear Candidate, Cognizant HR team found your profile. Interview scheduled. Confirm: 7674287723",fraud,fake_job_offer
+917096014271,Your package is at the nearest post office. Pay Rs.140 to receive it: https://s.id/PzWjp81Z,fraud,fake_delivery
+918402888380,CANARA BANK Business Loan Interest Rates Starts at 12.89%. Faster Process & Door Step Service. Apply! 8667768426 T&C http://hdfc-kyc.com/j1ghr0X9wTI,fraud,fake_loan
+919325403905,"Congratulations! Rs.4,500/- credited to your YES BANK account by GOVT scheme. Claim now: http://sr3.in/g6BZ0WpNQ",fraud,fake_bank_credit
+919081131959,"NOTICE: Your IT refund Rs.18,500 cannot be processed — KYC mismatch. Update: http://icici-verify.net/4fDVDZHaCi",fraud,income_tax_fraud
+918823631494,"ALERT: SBI card used for Rs.20,000 online purchase at 10:15 today. Verify: http://sr3.in/1z0MaR2DleDYU",fraud,credit_card_fraud
+918755314579,Action required: Enter OTP 641455 to prevent unauthorized withdrawal from UNION BANK account: http://linstok.com/LOUWnXVpmmBAF,fraud,otp_theft
+919043210900,Your YES BANK net banking is locked. Use OTP 741764 to unlock via: http://paytm-kyc.net/5GoFVcMuj,fraud,otp_theft
+919975944309,"Crypto arbitrage: Rs.10K → Rs.302,000 in 7 days. StockMaster verified. Join: http://paytm-kyc.net/HxeSkBI00L0",fraud,crypto_scam
+918180699260,"Your Kotak Life policy claim of Rs.85,000 approved. Collect by 07-11-2026: http://linstok.com/uRND3AIGX",fraud,insurance_fraud
+918034428327,"UNION BANK Legal Team: Non-payment of Rs.15,500 EMI may result in property attachment. Call 8253487446.",fraud,emi_threat
+918504726996,UNION BANK: Your card has been cloned. Secure it now by clicking: http://yesbank-update.com/KLFcr17,fraud,credit_card_fraud
+919912624850,"Achieve Rs 224,000 in weekly profits with HSBC Securities's trusted advice. https://s.id/21kiVdtT7",fraud,fake_broker
+917086857202,"Verified: Citibank Wealth advisor group. Rs 417,000 earned by members 25-02-2025. https://ow.ly/IkL01iHq",fraud,fake_broker
+917424595790,"URGENT HIRING: work from home, earn Rs.7,000/day. Limited seats. wa.me/919724582973",fraud,wfh_job_scam
+917626468715,Security alert: Someone is trying to access your CANARA BANK account. Verify with OTP 858156 here: http://icici-verify.net/SoDuPjm,fraud,otp_theft
+919546150257,"Hiring now: Part-time online workers. Rs.180,000/month guaranteed. wa.me/919694871659",fraud,wfh_job_scam
+918610129225,"Dear Customer, Rs.7,500/- has been Credited to your HDFC BANK A/c XXXX9532 on 03-09-2025. If not done by you, call or click http://paytm-kyc.net/mhlQoEeCVnJOb",fraud,fake_bank_credit
+917461932634,Your package is at the nearest post office. Pay Rs.190 to receive it: https://tinyurl.com/Dn2JZLLc,fraud,fake_delivery
+918344048343,"AXIS BANK Card Services: EMI due of Rs.60,500 overdue. Pay to avoid legal action: http://axisbk-verify.com/2IutAP9",fraud,credit_card_fraud
+919061859307,Pre-approved Personal Loan offer for you from SBI. Rs.5 Lakh in 24 hrs. Apply: wa.me/918606715298,fraud,fake_loan
+918384211883,Airtel Alert: Your current SIM will be deactivated tonight. Call 8234885832 to retain number.,fraud,sim_expiry_fraud
+918592509366,"Hiring now: Part-time online workers. Rs.135,000/month guaranteed. wa.me/919037523442",fraud,wfh_job_scam
+917459854836,SBI Net Banking locked. Provide OTP to unlock via: http://rbi-scheme.in/mUt2yPrmr,fraud,sbi_yono_phish
+918336821846,"AMAZON LUCKY DRAW: You won a prize of Rs.2,330,000. To claim WhatsApp: wa.me/917609979191",fraud,lottery_prize
+918164638761,"Reach smarter returns with UBS India Advisory. Members earned Rs 182,000 last week. https://lnkd.in/eySDz",fraud,fake_broker
+919848700452,"Online data entry job. Earn Rs.9,000 daily. 2-3 hours/day. Contact: wa.me/918414097097",fraud,wfh_job_scam
+917639753645,"BHIM Ref ID: YVPP79OY6O. Rs.55,500 sent to 9030XXXX. Withdraw Cash NOW http://sbi-secure.in/2ZA7Eo",fraud,bhim_upi_fake
+918089660803,Final OTP to complete CANARA BANK KYC verification: 528160. Share with bank executive on call.,fraud,otp_theft
+919826601582,"MSME Loan Scheme 2026 - Rs.2,780,000/- can be credited in your Bank. Check eligibility: https://s.id/zYgNJgO",fraud,rbi_govt_scheme
+919788384861,UIDAI: Biometric mismatch on your Aadhaar. Update within 24 hrs: http://kotak-kyc.in/YCAZNB,fraud,aadhaar_pan_fraud
+918858184678,[Jio] SIM upgrade required. Failure to upgrade by midnight will deactivate your number. 9208330591,fraud,sim_expiry_fraud
+919528362281,SBI: Your internet banking will be blocked in 24 hrs. Confirm identity: http://axis-bank.online/S3CNu2,fraud,sbi_yono_phish
+917595417306,"Received INR 37,500 on 844005XX45 at 07-07-2025 07:30. Quick UPI withdrawal available here: http://icicisecure.net/5aXZmzHAFotDc",fraud,bhim_upi_fake
+917093346446,"SBI ALERT: Rs.13,000 credited to A/c ending 0549. If unrecognized, verify immediately: http://axisbk-verify.com/JqZxA4MXTQX",fraud,fake_bank_credit
+917886571501,"[BANK OF BARODA] Rs.18,500 has been CREDITED to XXXX3473. Confirm the transaction: http://kotak-kyc.in/94xoO8HMJ2W",fraud,fake_bank_credit
+919363573634,"Achieve Rs 88,000 in weekly profits with JP Morgan India's trusted advice. https://short.gy/J3qRK9xy",fraud,fake_broker
+918033077226,Check your eligibility in 45 sec for UNION BANK Car Loan. Get welcome benefits up to Rs.500. T&C wa.me/918017484431,fraud,fake_loan
+917459401668,Your India Post package could not be delivered. Reschedule delivery here: https://rb.gy/QsaIeE,fraud,fake_delivery
+917621851652,"Wipro Recruitment 2026: Walk-in-interview. Earn Rs.78,000/month. Register: wa.me/919956341001",fraud,fake_job_offer
+917487771715,"IT Dept: Refund of Rs.32,500 initiated to your account. Confirm bank details: http://paytm-kyc.net/jbuBj5QRCxz4",fraud,income_tax_fraud
+919732868378,SEBI-registered fund offers 36% annual return. Invest Rs.10K today. http://icici-verify.net/YXnVr8Ck,fraud,rbi_govt_scheme
+917411211209,"USDT trading signal group — earn Rs.397,000/day. Free join: https://lihi.cc/C1omLS",fraud,crypto_scam
+919673913975,"Rs.15,000 survival benefit from ICICI Prudential ready. Update NEFT details: http://mktasset.com/4Qi09QTEq7oE06",fraud,insurance_fraud
+917031651767,Post Office: Your parcel U0VQF6OYLCB3 is on hold due to incomplete address. Update now: https://lihi.cc/PdgIw,fraud,fake_delivery
+918325830938,"CBDT Notice: Rs.20,000 tax refund pending for PAN XXXXX1234X. Claim now: http://sbi-secure.in/RHW2wPFlHueVdr",fraud,income_tax_fraud
TM-CASHNW,Account operations restricted on PNB. Submit KYC documents: http://ct3.io/oarJ4x,fraud,dlt_kyc_phish
+919369998503,Final Warning from Dhani: KYC incomplete. Account will be closed by midnight. Verify now: http://sbi-secure.in/uNKwcTpffTNAr,fraud,kyc_phish
+917204426974,Income Tax Dept: PAN-Aadhaar linking pending. Penalty Rs.1000/day after 07-06-2026. http://ct3.io/3N3nplx,fraud,aadhaar_pan_fraud
+917217694160,"Last week, BARCLAYS members earned Rs 358,000 with expert market insights. https://s.id/aohGfwVH",fraud,fake_broker
+918145621775,"Hiring now: Part-time online workers. Rs.270,000/month guaranteed. wa.me/917460466840",fraud,wfh_job_scam
+919768804586,"Dear Candidate, Cognizant HR team found your profile. Interview scheduled. Confirm: 7494966098",fraud,fake_job_offer
+918941675444,Nykaa Prize: You've been selected for a free refrigerator! Claim before 24 hrs: http://income-tax-refund.in/nnSfD0j,fraud,fake_ecom
+918704333168,"IT Dept: Refund of Rs.9,000 initiated to your account. Confirm bank details: http://kotak-kyc.in/UuSDnVGzDD",fraud,income_tax_fraud
+919197700457,NSDL: Your PAN card will be deactivated on 22-06-2026. Link with Aadhaar now: http://icicisecure.net/ntc28MNppL2,fraud,aadhaar_pan_fraud
+917308304171,Security alert: Someone is trying to access your SBI account. Verify with OTP 796671 here: http://gov-scheme.in/Hl4RyuXzQmSY,fraud,otp_theft
+919532943280,Final OTP to complete HDFC BANK KYC verification: 991855. Share with bank executive on call.,fraud,otp_theft
+917393388835,KOTAK BANK: Your card has been cloned. Secure it now by clicking: http://kotak-kyc.in/98ElI7WvQ1u,fraud,credit_card_fraud
+919962403708,Get instant KOTAK BANK Personal Loan approval in minutes. Rate 11.18%. Call 9897607022 or apply: wa.me/919457058781,fraud,fake_loan
+918556131590,"RBI Digital Saving Scheme 2026: Invest Rs.5K get Rs.2,020,000 in 90 days. https://lihi.cc/B9CyBNGJ",fraud,rbi_govt_scheme
+917091060275,"H0me based J0B available. Earn Rs.7,500 per day. wa.me join: wa.me/917291732711",fraud,wfh_job_scam
BG-EARNNW,UNION BANK KYC expired. Account restricted. Update at: http://ct3.io/J73STy,fraud,dlt_kyc_phish
+917936931449,TRAI order: Jio users must submit fresh KYC by 07-09-2025. Update: http://axisbk-verify.com/7sg710vj,fraud,sim_expiry_fraud
+919870760837,AXIS BANK: Your credit card XXXX8421 has been temporarily blocked. To unblock: http://axisbk-verify.com/qKVJFz8V,fraud,credit_card_fraud
+917925444197,"Hi 7231XXXX44, Transaction successfully done of Rs.59,500 to your account on 07-01-2026. Withdraw N0W: http://gov-scheme.in/8znNx7gf",fraud,bhim_upi_fake
+918763477683,"Dear Customer, Rs.40,000/- has been Credited to your CANARA BANK A/c XXXX2194 on 28-08-2025. If not done by you, call or click http://rbi-scheme.in/GvxaMPTAhCtK0",fraud,fake_bank_credit
CP-GOVTSC,"Dear User, your mPokket account has been temporarily blocked. Update KYC to continue: http://gov-scheme.in/i144vyI",fraud,kyc_phish
+919962128488,UIDAI Notice: Your Aadhaar is not linked to PNB. Link before 05-03-2025 to avoid account freeze: http://sr3.in/UzwKqaRXiLhpu,fraud,aadhaar_pan_fraud
+917218990257,UIDAI Notice: Your Aadhaar is not linked to KOTAK BANK. Link before 17-01-2025 to avoid account freeze: http://kotak-kyc.in/h8V67cGuf1UH,fraud,aadhaar_pan_fraud
+917695246079,UIDAI Notice: Your Aadhaar is not linked to SBI. Link before 28-10-2026 to avoid account freeze: http://ct3.io/PaRITm2NJVy8,fraud,aadhaar_pan_fraud
+918788941305,Your KOTAK BANK net banking is locked. Use OTP 179660 to unlock via: http://sr3.in/xkDzp82Gd,fraud,otp_theft
+918967346577,URGENT: ICICI BANK credit card about to be cancelled. Verify identity to retain card: http://rbi-scheme.in/zgD1y7aX9tRI,fraud,credit_card_fraud
+917082802210,Alert: Your PAN is not linked to Aadhaar. Account will be suspended. Update: http://hdfc-kyc.com/I9QWe8FZM,fraud,aadhaar_pan_fraud
+918204426477,SEBI-registered fund offers 17% annual return. Invest Rs.10K today. https://cutt.ly/5DK76RvPB,fraud,rbi_govt_scheme
+919126925276,"PM Ujjwala Yojana: You are eligible for Rs.90,000 grant. Register now: http://axisbk-verify.com/ZrHSImV9snCt",fraud,fake_govt_scheme
+918957995125,"Reach smarter returns with Deutsche Securities. Members earned Rs 456,000 last week. https://lihi.cc/1G4aRKW",fraud,fake_broker
+918503584057,"Earn Rs.285,000 monthly from home. Flexible hours. Register: wa.me/919554648938",fraud,wfh_job_scam
+919853731416,ALERT: Suspicious login attempt on SBI YONO. Secure account: http://sbi-secure.in/rteSkW7OinSZ,fraud,sbi_yono_phish
+918669337240,"YES BANK Home Loan now rate starts at 13.92%. Faster process, Zero Preclosure charges. Apply! 9625831610 Whatsapp http://mktasset.com/nlSvs7qU8XZMK",fraud,fake_loan
+918357275321,"ALERT: ICICI Prudential policy overdue. Last chance to pay Rs.10,000 premium. Call 7283207314.",fraud,insurance_fraud
+917541323052,"Reliable strategies from Morgan Stanley India ensured Rs 150,000 in member profits last week. https://t.ly/1xnDE3i5",fraud,fake_broker
+918404585318,SBI: Your internet banking will be blocked in 24 hrs. Confirm identity: http://paytm-kyc.net/xx005jvUGcU8,fraud,sbi_yono_phish
CP-MPOKKT,"Dear Customer, your ICICI BANK KYC will expire on 07-04-2026. Update Aadhaar to avoid account suspension: http://ct3.io/9dWVsPW9",fraud,dlt_kyc_phish
+917345275209,"AMAZON LUCKY DRAW: You won a prize of Rs.150,000. To claim WhatsApp: wa.me/917120483970",fraud,lottery_prize
+917281916571,Amazon Logistics Alert: Package N1XL8YRR4CKC requires address confirmation. Update within 24 hrs: https://bit.ly/nNmp5eQ,fraud,fake_delivery
+917864521230,"Dear BSNL subscriber, new TRAI regulation requires SIM re-registration. Call: 9056875497",fraud,sim_expiry_fraud
+918329072126,"Rs.5,000 survival benefit from Kotak Life ready. Update NEFT details: http://icici-verify.net/JUJHBidZT77q0",fraud,insurance_fraud
TX-LOANOK,PNB Notice: PAN verification failed. KYC update required: http://icicisecure.net/6GtoXSrU,fraud,dlt_kyc_phish
+917371663502,"NOTICE: Rs.11,000 reversal pending in UNION BANK account XXXX9128. Confirm: http://sr3.in/NBAuJPk",fraud,fake_bank_credit
BW-INCASH,Final notice: SBI Aadhaar-linked KYC pending. Penalty applies after 03-04-2026: http://yesbank-update.com/qJaNMi5iNe,fraud,dlt_kyc_phish
+917784747286,Ministry of Home Affairs: Your digital activity is under investigation. Cooperate: 9812616169,fraud,police_impersonation
JD-SMKKBM,"Your SmartCoin loan account is FROZEN. To unfreeze, complete video KYC immediately: http://hdfcloan-apply.in/ANlYOkT",fraud,kyc_phish
+917865707419,"KOTAK BANK: An unusual transaction of Rs.17,000 detected. To block/confirm: http://epq9.com/pp3txQ4NxlnPFb",fraud,fake_bank_credit
+917764698871,"Income Tax India: Excess TDS of Rs.26,500 refundable. Click to claim: http://sr3.in/Psghh2iIBv",fraud,income_tax_fraud
+918728236585,[BANK SECURITY] Your account is being accessed. Enter OTP 425760 to block transaction: http://icicisecure.net/l6kdFi2,fraud,otp_theft
+918057439239,"HCL Recruitment 2026: Walk-in-interview. Earn Rs.24,000/month. Register: wa.me/918210456310",fraud,fake_job_offer
QP-REFUND,[SmartCoin] ALERT: Account suspended. Complete re-KYC within 2 hours to avoid termination: http://hdfcloan-apply.in/pL70aVN4,fraud,kyc_phish
+918086452790,CANARA BANK is offering Business Loan upto Rs.50 Lakh at just 9.93% p.a. Fast approval. Apply via wa.me/917308986298,fraud,fake_loan
+918360418059,"Dear Candidate, Accenture HR team found your profile. Interview scheduled. Confirm: 8454762360",fraud,fake_job_offer
+917752594448,India Post: Parcel U5WMG7F10TB8 detained. Pay Rs.280 handling fee to release: https://bit.ly/D8dzzTjA,fraud,fake_delivery
+919047535405,[FedEx India] Tracking 4DE4I3527FPW: Package undeliverable. Update delivery address: https://lihi.cc/bcmNo,fraud,fake_delivery
+919152344716,Your ATM PIN has been reset. New OTP: 978936. Call our helpdesk to confirm: http://icici-verify.net/pShzYK,fraud,otp_theft
+918211725229,"BANK OF BARODA Card Services: EMI due of Rs.31,500 overdue. Pay to avoid legal action: http://income-tax-refund.in/sPwIgujA9m",fraud,credit_card_fraud
+919564608741,"Part time job available. Earn Rs.90,000/month doing simple tasks. Join: wa.me/918521782084",fraud,wfh_job_scam
+919264972412,"Congratulations! Rs.10,000/- credited to your YES BANK account by GOVT scheme. Claim now: http://icicisecure.net/Fq25RB",fraud,fake_bank_credit
+919266221993,"Arbitrage model: from 10K, RBI-backed plan. HSBC Securities members earned Rs 313,000. https://cutt.ly/66nvy",fraud,fake_broker
+919660769177,"ICICI Prudential: Your policy matured. Rs.25,000 waiting. Provide bank details: http://icici-verify.net/HRWBcNqp5pTwqa",fraud,insurance_fraud
+919158119549,"Reach smarter returns with Credit Suisse India. Members earned Rs 171,000 last week. https://t.ly/YSDDnjZb",fraud,fake_broker
+919287782506,"GOVT housing scheme: 1BHK for Rs.400,000. Apply online: wa.me/917755222571",fraud,real_estate_fraud
+917017238833,"Your BHIM Axis wallet received Rs.27,000. Claim and withdraw: http://rbi-scheme.in/k2nKK6jnwa",fraud,bhim_upi_fake
+917233068461,"Dear taxpayer, your e-filing refund of Rs.42,500 is pending. Claim: http://axisbk-verify.com/GRni1TB7PHB8bS",fraud,income_tax_fraud
+918617211316,"RBI-backed arbitrage plan: invest Rs.10K, earn Rs.3,255,000/month. Limited slots. http://axis-bank.online/Z4gzurYXrVNvBC",fraud,rbi_govt_scheme
+917228530741,UIDAI Notice: Your Aadhaar is not linked to UNION BANK. Link before 17-12-2026 to avoid account freeze: http://hdfc-kyc.com/ELEk6FOMUPx4,fraud,aadhaar_pan_fraud
+918321687631,"Dear Policyholder, your Tata AIA bonus of Rs.81,000 is ready. Claim before expiry: http://kotak-kyc.in/yzYoTizGhP",fraud,insurance_fraud
+918284386833,"AXIS BANK OTP for credit card transaction Rs.72,500. If not you, click to cancel: http://axis-bank.online/9Tu0ciB2KCT5",fraud,credit_card_fraud
+919580231583,"Your BHIM Axis wallet received Rs.7,500. Claim and withdraw: http://epq9.com/Myjf16A",fraud,bhim_upi_fake
+919970818568,"Income Tax India: Excess TDS of Rs.30,000 refundable. Click to claim: http://sbi-secure.in/MpROe5xhue",fraud,income_tax_fraud
+918259363306,"YES BANK OTP for credit card transaction Rs.69,000. If not you, click to cancel: http://hdfc-kyc.com/qW9XLYZAfHGN",fraud,credit_card_fraud
+918547497326,"Dear Customer, your OTP 932488 for updating net banking is valid for 5 min. Call 1800XXXXXX if not requested.",fraud,otp_theft
+918474328344,"Tax refund alert: Rs.22,000 ready. Submit bank details to receive: http://rbi-scheme.in/IAGiXOz",fraud,income_tax_fraud
+918321432064,"SBI Credit Card Alert: Rs.36,500 transaction on your card ending 0053. Not you? Block: http://gov-scheme.in/bZExLhYsmD",fraud,credit_card_fraud
QP-REFUND,UNION BANK Notice: PAN verification failed. KYC update required: http://axis-bank.online/mWqJJ1,fraud,dlt_kyc_phish
+919238172052,"Dear SBI customer, Rs.8,500 cashback from YONO expires today. Click to credit: http://axisbk-verify.com/5HW5DlK",fraud,sbi_yono_phish
+917391642625,"URGENT HIRING: work from home, earn Rs.4,000/day. Limited seats. wa.me/917585941606",fraud,wfh_job_scam
+917643998692,"Rs.25,000 survival benefit from Max Life ready. Update NEFT details: http://epq9.com/4zWQgZy1",fraud,insurance_fraud
+918349752477,Nykaa: Your Samsung S24 delivery requires payment of Rs.1800 customs. Pay: http://linstok.com/pb0VX7E4,fraud,fake_ecom
+917687690332,"Transaction alert: Rs.31,500 credited by BHIM Axis to 7495xxxx1947. Redeem now: http://yesbank-update.com/jre57Vnj",fraud,bhim_upi_fake
QP-REFUND,LazyPay Notice: Incomplete KYC detected. Your credit limit is on hold. Update here: http://sbicard-update.com/m3dmYuU4dE,fraud,kyc_phish
+917940552408,[BANK SECURITY] Your account is being accessed. Enter OTP 416949 to block transaction: http://epq9.com/X282hP0,fraud,otp_theft
+919648935754,"IMPORTANT: Snapdeal refund of Rs.2,200 pending. Confirm bank account: http://income-tax-refund.in/iFxPWxAngNH",fraud,fake_ecom
+919646960969,"Last week, Citibank Wealth members earned Rs 458,000 with expert market insights. https://short.gy/D65oQyq",fraud,fake_broker
+918747087502,"Dear Policyholder, your HDFC Life bonus of Rs.84,000 is ready. Claim before expiry: http://ct3.io/wXG6xzYmpjum",fraud,insurance_fraud
+918491723422,"Crypto arbitrage: Rs.10K → Rs.163,000 in 7 days. StockMaster verified. Join: http://paytm-kyc.net/IVmSjryqHVkZgT",fraud,crypto_scam
+917264871710,Your package is at the nearest post office. Pay Rs.90 to receive it: https://rb.gy/vbVpuuA,fraud,fake_delivery
+918412993509,"ALERT: Max Life policy overdue. Last chance to pay Rs.17,000 premium. Call 9614577468.",fraud,insurance_fraud
+918493563394,"Final notice: SBI will file case for unpaid loan. Settle Rs.10,500 today: 7438162224",fraud,emi_threat
JD-SMKKBM,Your mPokket account is SUSPENDED. Complete KYC immediately to avoid permanent closure. http://icici-verify.net/bhsmKVcbmk2,fraud,kyc_phish
+918239964299,"URGENT: Your electricity supply will be disconnected in 2 hours. Outstanding bill Rs.6,700. Pay: http://ct3.io/XfKB1Ec9LfN",fraud,utility_threat
+918596816980,"USDT trading signal group — earn Rs.359,000/day. Free join: http://yesbank-update.com/4dcghTm2D",fraud,crypto_scam
+918517556556,"UPI Transfer: INR 86,500 received on 8648XXXX9628 from government scheme. Withdraw: http://rbi-scheme.in/elsdrLGX",fraud,bhim_upi_fake
+917240380187,"IMPORTANT ALERT! Account BLOCKED due to incomplete re-KYC as per RBI guideline. To activate your account, complete VIDEO-KYC URGENTLY. Loan up to Rs.45,000 instantly http://sbi-secure.in/5jQGrIkEesCnZ -KreditBee",fraud,kyc_phish
+918286045530,"Alert: Rs.23,000 debited from CANARA BANK A/c XXXX2159 at 17:30 on 28-08-2025. Not you? http://income-tax-refund.in/VUE3ufwd",fraud,fake_bank_credit
+919194523654,"HIRING ALERT: Infosys needs 50 online workers. Rs.78,000/month. Apply: wa.me/917406888523",fraud,fake_job_offer
+917907370114,Your package is at the nearest post office. Pay Rs.50 to receive it: https://bit.ly/VbcWQ,fraud,fake_delivery
+918376746690,"Dear taxpayer, your e-filing refund of Rs.28,000 is pending. Claim: http://axisbk-verify.com/HqeBisb",fraud,income_tax_fraud
+917569340498,"URGENT: Your income tax refund Rs.40,500 will lapse in 48 hrs. Update: http://icicisecure.net/21mE6Kx8",fraud,income_tax_fraud
+918918054990,"Invest Rs.10,000 in CoinMax and earn Rs.312,000 in 30 days. Verified traders. http://axisbk-verify.com/1zEXMMr",fraud,crypto_scam
+917289504872,"Ministry of Finance: Ayushman Bharat beneficiary — Rs.145,000 on hold. Submit KYC: http://ct3.io/Zz2UtRSCvVr8",fraud,fake_govt_scheme
+918573732589,"Dear Candidate, HCL HR team found your profile. Interview scheduled. Confirm: 9602834076",fraud,fake_job_offer
+917615402769,"Dear Customer-Your S.B,I Y0N0 NetBanking Reward point's INR.1,900 will expire Today please-redeem Your points in Cash-click-on link. http://sbi-secure.in/MeHwJTU5oV1n",fraud,sbi_yono_phish
+918787047718,HDFC BANK is offering Personal Loan upto Rs.50 Lakh at just 9.76% p.a. Fast approval. Apply via wa.me/917044738618,fraud,fake_loan
+918940577403,"Goldify — Top trading signals. Members earned Rs.262,000 this month. Join: https://ow.ly/UVlGJYKEC",fraud,crypto_scam
+919821544735,"Alert: Rs.4,500 debited from PNB A/c XXXX8147 at 14:45 on 03-12-2026. Not you? http://epq9.com/9Lz0pF3xtvZkt",fraud,fake_bank_credit
+918949731862,"PM Digital India Fund: Rs.2,005,000 credited for eligible citizens. Claim: https://lihi.cc/zGTSN",fraud,rbi_govt_scheme
+918986974306,"PM Digital India Fund: Rs.1,910,000 credited for eligible citizens. Claim: http://sbi-secure.in/KUK8BfhN",fraud,rbi_govt_scheme
+918920945082,Income Tax Dept: PAN-Aadhaar linking pending. Penalty Rs.1000/day after 05-04-2025. http://paytm-kyc.net/ljKwYsiRs,fraud,aadhaar_pan_fraud
+918441339581,"Achieve Rs 329,000 this week with INDIRA Securities expert insights. Better returns start today. https://ow.ly/vliOeT8",fraud,fake_broker
+917697023222,"Transaction alert: Rs.23,000 credited by BHIM to 9873xxxx7488. Redeem now: http://yesbank-update.com/6qwsquyfn",fraud,bhim_upi_fake
+919197403493,"Income Tax India: Excess TDS of Rs.34,500 refundable. Click to claim: http://axis-bank.online/CAta9TIhbnb",fraud,income_tax_fraud
+917432582092,"Home-based job opportunity. Earn Rs.3,500/day by liking YouTube videos. wa.me/917235131638",fraud,wfh_job_scam
+918973808695,Jio Alert: Your current SIM will be deactivated tonight. Call 9683772612 to retain number.,fraud,sim_expiry_fraud
+919603676421,Your ATM PIN has been reset. New OTP: 467781. Call our helpdesk to confirm: http://hdfc-kyc.com/cJ1TZKtXsg,fraud,otp_theft
+919656132560,"Rs.46,000 survival benefit from Max Life ready. Update NEFT details: http://kotak-kyc.in/7WYHKsLu2YvX",fraud,insurance_fraud
+917935885783,[PNB] OTP for fund transfer: 829601. Valid 10 mins. Share this OTP with our executive to complete KYC.,fraud,otp_theft
+918406731129,"SBI YONO: Your reward points 10,700 expire in 24 hours. Redeem now: http://sbi-secure.in/C3ltAlIH",fraud,sbi_yono_phish
+919703109464,"Affordable flats near IT park. Rs.3,650,000. Book with Rs.7,000 token. wa.me/919137433247",fraud,real_estate_fraud
+917761934135,UIDAI: Biometric mismatch on your Aadhaar. Update within 24 hrs: http://gov-scheme.in/xCuEiQuiN,fraud,aadhaar_pan_fraud
+918848641937,"BSES Notice: Rs.7,200 electricity bill overdue. To avoid disconnection call our executive: 7236774690",fraud,utility_threat
+918723416940,"Congratulations! Rs.44,500/- credited to your HDFC BANK account by GOVT scheme. Claim now: http://ct3.io/bEaQ1v",fraud,fake_bank_credit
+919924016820,Bima Yojana: You are selected to get 1 CRORE life cover. Application approved. Apply: https://bit.ly/znsBui,fraud,rbi_govt_scheme
+919560000829,Flipkart: Your refrigerator delivery requires payment of Rs.4000 customs. Pay: http://paytm-kyc.net/ApujQGAY,fraud,fake_ecom
+917240198883,"Mahanagar Gas: Connection termination scheduled. Clear dues Rs.4,800 by calling: 8225349954",fraud,utility_threat
+918632771372,Final OTP to complete BANK OF BARODA KYC verification: 692144. Share with bank executive on call.,fraud,otp_theft
+918391370244,"Invest Rs.10,000 in ProfitEdge and earn Rs.295,000 in 30 days. Verified traders. http://axisbk-verify.com/F2YfiTSrrGF",fraud,crypto_scam
+919191754995,Security alert: Someone is trying to access your BANK OF BARODA account. Verify with OTP 513580 here: http://axis-bank.online/yyiWppuB0tUkXW,fraud,otp_theft
+919425453957,"Don't miss: Citibank Wealth experts helping members earn Rs 485,000/week. Enroll: https://lnkd.in/CAYxnA",fraud,fake_broker
+918569835324,Meesho Prize: You've been selected for a free earbuds! Claim before 24 hrs: http://sbi-secure.in/q6PO6xDaeNj7,fraud,fake_ecom
+918332890395,Your ATM PIN has been reset. New OTP: 920859. Call our helpdesk to confirm: http://sbicard-update.com/9CMlE0d7pCG,fraud,otp_theft
+917484992792,"Electric meter tampering detected. Fine Rs.6,700. Avoid FIR by calling helpline: 8668207192",fraud,utility_threat
+919843308595,"Land for sale: 3 acres near Chennai. Rs.3,100,000. Call 8406416268",fraud,real_estate_fraud
+918002342425,"[UPI] Transaction of Rs.10,000 pending. Confirm with OTP 722541: http://mktasset.com/GqLMZUf",fraud,otp_theft
VM-GETJOB,[CashBean] ALERT: Account suspended. Complete re-KYC within 2 hours to avoid termination: http://sr3.in/oYO68922ei5Xl,fraud,kyc_phish
+918421805219,"NOTICE: Your PM Garib Kalyan funds of Rs.90,000 are uncollected. Claim before 12-05-2025: http://yesbank-update.com/o75Wy8U",fraud,fake_govt_scheme
+917539772410,"WINNER ALERT: Your mobile number has won Rs.1,540,000 in Jio Lucky Draw. Claim: wa.me/917790144278",fraud,lottery_prize
+917236065230,Final Warning from KreditBee: KYC incomplete. Account will be closed by midnight. Verify now: http://hdfcloan-apply.in/fdct0eh,fraud,kyc_phish
+918831013358,You qualify for HDFC BANK Home Loan Rs 2 Lakh to Rs 25 Lakh. No collateral. http://sbi-secure.in/eycHhlJEIVE,fraud,fake_loan
+919162155099,"HSBC Securities members earned Rs 242,000 last week. Start building smarter today. https://lihi.cc/MEBdqir",fraud,fake_broker
+919214905029,"Arbitrage model: from 10K, RBI-backed plan. Morgan Stanley India members earned Rs 561,000. https://lnkd.in/G895i",fraud,fake_broker
+919556185236,"Dear User, your SIM has been selected in BSNL Lottery. Prize: Rs.1,540,000. Claim: 8214419275",fraud,lottery_prize
+917865070349,"Online data entry job. Earn Rs.6,000 daily. 2-3 hours/day. Contact: wa.me/919380061036",fraud,wfh_job_scam
+919981548245,"Govt of India: Rs.75,000 sanctioned under PM Kisan Yojana. Last date 22-05-2026. Apply: http://yesbank-update.com/13HaoW",fraud,fake_govt_scheme
+919990008689,"Flash reward from Snapdeal: Rs.1,000 cashback waiting. Claim: http://hdfc-kyc.com/G2H08cO",fraud,fake_ecom
+919008425211,"Verified: Goldman Sachs Advisory advisor group. Rs 228,000 earned by members 12-08-2026. https://cutt.ly/wOZGx4Gv",fraud,fake_broker
+917393614322,SBI YONO: Your debit card will be blocked. Prevent it by verifying: http://income-tax-refund.in/YqwsEYoQ,fraud,sbi_yono_phish
+917253536225,TradeMaster is offering 200% returns on crypto trades. Invest now: http://ct3.io/Dk5xfQ3rpRBs,fraud,crypto_scam
+918424219328,Amazon Prize: You've been selected for a free washing machine! Claim before 24 hrs: http://sr3.in/fG87d7xj,fraud,fake_ecom
+917775167713,SEBI-registered fund offers 31% annual return. Invest Rs.10K today. https://s.id/lGLOp,fraud,rbi_govt_scheme
+918771079157,Airtel Alert: Your current SIM will be deactivated tonight. Call 7011009599 to retain number.,fraud,sim_expiry_fraud
+918693080966,URGENT: UNION BANK Car Loan offer expires today. Low rate 9.52%. No documents needed. http://sr3.in/axnAYv6,fraud,fake_loan
+919608378598,UIDAI Notice: Your Aadhaar is not linked to AXIS BANK. Link before 01-04-2026 to avoid account freeze: http://axisbk-verify.com/NV9Gl4dPn,fraud,aadhaar_pan_fraud
+918169715202,"AMAZON LUCKY DRAW: You won a prize of Rs.3,530,000. To claim WhatsApp: wa.me/918806908779",fraud,lottery_prize
+917751619577,Your Flipkart account has been locked. Unlock by verifying identity: http://icici-verify.net/aU3Mpubwxj,fraud,fake_ecom
+919148481573,"Land for sale: 3 acres near Chennai. Rs.4,200,000. Call 7669119726",fraud,real_estate_fraud
+917822454810,"Congratulations! Cognizant has shortlisted you for a job. Salary: Rs.36,000/month. Confirm: 8458213401",fraud,fake_job_offer
+919446873248,"Dear Customer, Rs.48,500/- has been Credited to your SBI A/c XXXX1507 on 25-04-2025. If not done by you, call or click http://sr3.in/C3cNoRA",fraud,fake_bank_credit
+919844344785,"Unauthorized transaction detected on your AXIS BANK card: Rs.36,500. Report: http://icici-verify.net/x4mFPASue7kC",fraud,credit_card_fraud
+918381986523,"You have been selected for Microsoft India online job vacancy. Salary Rs.66,000. Joining fee applies. 9281829006",fraud,fake_job_offer
+919367514846,"NOTICE: Your PM Ujjwala Yojana funds of Rs.35,000 are uncollected. Claim before 22-06-2026: http://income-tax-refund.in/KyzamlglhVnB",fraud,fake_govt_scheme
+917554428366,"[Google Pay] Rs 59,000 has been sent to your UPI account. Withdraw instantly here: http://ct3.io/3bXO10",fraud,bhim_upi_fake
+918505184115,"IMPORTANT ALERT! Account BLOCKED due to incomplete re-KYC as per RBI guideline. To activate your account, complete VIDEO-KYC URGENTLY. Loan up to Rs.45,000 instantly http://axisbk-verify.com/le7roO -mPokket",fraud,kyc_phish
+918929694178,"Verified: UBS India Advisory advisor group. Rs 59,000 earned by members 12-06-2025. https://ow.ly/ryUvIl",fraud,fake_broker
+917304204990,"Flash reward from Flipkart: Rs.1,400 cashback waiting. Claim: http://icici-verify.net/GGod4wXE5FxrQ",fraud,fake_ecom
+917493586857,"Arbitrage model: from 10K, RBI-backed plan. INDIRA Securities members earned Rs 482,000. https://s.id/j7uff0L",fraud,fake_broker
+918764024576,"Unauthorized transaction detected on your AXIS BANK card: Rs.24,000. Report: http://mktasset.com/9y48G7Vh4",fraud,credit_card_fraud
TX-LOANOK,RBI directive: Complete UNION BANK re-KYC by 01-05-2025 to avoid account freeze: http://mktasset.com/IU3Fetfdgw,fraud,dlt_kyc_phish
+918598802850,"[Google Pay] Rs 9,500 has been sent to your UPI account. Withdraw instantly here: http://linstok.com/i34pySxmi",fraud,bhim_upi_fake
+919097703174,"Dear Customer, your OTP 931134 for updating net banking is valid for 5 min. Call 1800XXXXXX if not requested.",fraud,otp_theft
+919258892871,"IMPORTANT: Flipkart refund of Rs.2,300 pending. Confirm bank account: http://sbi-secure.in/4AzvY5Yerv6",fraud,fake_ecom
+917350817327,URGENT: CANARA BANK Education Loan offer expires today. Low rate 10.27%. No documents needed. http://mktasset.com/SJE88P,fraud,fake_loan
+919945459098,"Congratulations! Wipro has shortlisted you for a job. Salary: Rs.38,000/month. Confirm: 9480992786",fraud,fake_job_offer
+919934757280,IRDAI approved: Max Life double cover scheme. Enroll now before deadline: http://paytm-kyc.net/N3USvb,fraud,insurance_fraud
+917227685071,"Urgent: Flipkart seller issued refund Rs.2,600. To receive, update account: http://sbi-secure.in/SDRBQZqBQcU23",fraud,fake_ecom
+918005613262,Your BSNL SIM is flagged for suspicious activity. To avoid block call: 9876944104,fraud,sim_expiry_fraud
+919250327392,"Dear Customer, Rs.10,000/- has been Credited to your CANARA BANK A/c XXXX0877 on 07-06-2025. If not done by you, call or click http://yesbank-update.com/aloXxAAbdtb2P9",fraud,fake_bank_credit
+919451585330,"Achieve Rs 244,000 in weekly profits with HSBC Securities's trusted advice. https://ow.ly/ysZCAMdG",fraud,fake_broker
+917576131351,Your Jio number will be cancelled due to KYC mismatch. Re-verify now: http://ct3.io/GPXcN20LWqPM,fraud,sim_expiry_fraud
+919625457327,Meesho Prize: You've been selected for a free earbuds! Claim before 24 hrs: http://sbi-secure.in/LHsYmEtP0xjQ,fraud,fake_ecom
+919977854533,"Rs58000 to Rs885,000 story. RBI listing confirmed. https://rb.gy/uxNEzK3Rr",fraud,rbi_govt_scheme
+917579342128,"CIBIL Alert: Your credit score dropping due to CANARA BANK overdue. Pay Rs.10,500: http://gov-scheme.in/s0ZsKLfDCSR",fraud,emi_threat
+918489313075,"WINNER ALERT: Your mobile number has won Rs.4,470,000 in Jio Lucky Draw. Claim: wa.me/919468458225",fraud,lottery_prize
+918508729465,"Dear Jio subscriber, new TRAI regulation requires SIM re-registration. Call: 7250643957",fraud,sim_expiry_fraud
+917894435627,"UPI Transfer: INR 13,000 received on 8299XXXX7677 from government scheme. Withdraw: http://rbi-scheme.in/pScWifu",fraud,bhim_upi_fake
+918721782617,Customs duty of Rs.290 is pending for your international parcel. Pay now: https://rb.gy/5mEo9iHwy,fraud,fake_delivery
+918170231487,"Dear Customer, Rs.49,000/- has been Credited to your UNION BANK A/c XXXX5534 on 03-08-2025. If not done by you, call or click http://kotak-kyc.in/hlKNbdKtv",fraud,fake_bank_credit
+919902809706,SBI Life Agent: Special 80% discount on life cover. Offer ends today. Call: 7445512740,fraud,insurance_fraud
+917911594493,"LEGAL NOTICE: Your CANARA BANK loan EMI of Rs.18,000 is overdue. Pay immediately or face legal action. Call 9052844320.",fraud,emi_threat
+918889159671,"[UPI] Transaction of Rs.11,500 pending. Confirm with OTP 030495: http://ct3.io/1r0kg0",fraud,otp_theft
+917260432635,"Dear User, your SIM has been selected in BSNL Lottery. Prize: Rs.2,600,000. Claim: 9606150133",fraud,lottery_prize
BG-EARNNW,Your HDFC BANK account is partially frozen. Resume service by completing KYC: http://paytm-kyc.net/Y1XS2UDlgUH,fraud,dlt_kyc_phish
+919677585934,"BHIM Ref ID: 36X0RH1HDK. Rs.21,500 sent to 7495XXXX. Withdraw Cash NOW http://income-tax-refund.in/UK9Af26kC",fraud,bhim_upi_fake
+919598697457,"Govt approved investment scheme: Rs.730,000 guaranteed return. Apply now: https://tinyurl.com/NN8vQ1o",fraud,rbi_govt_scheme
+918399209703,[Vi (Vodafone Idea)] SIM upgrade required. Failure to upgrade by midnight will deactivate your number. 9242655604,fraud,sim_expiry_fraud
+918227275380,"Recovery Agent Notice: BANK OF BARODA has authorized recovery of Rs.48,000. Contact: 9619202007",fraud,emi_threat
+918270520680,You qualify for SBI Education Loan Rs 2 Lakh to Rs 25 Lakh. No collateral. wa.me/917625224134,fraud,fake_loan
+919364917891,"H0me based J0B available. Earn Rs.5,000 per day. wa.me join: wa.me/919108393100",fraud,wfh_job_scam
+917378474447,"URGENT HIRING: work from home, earn Rs.6,500/day. Limited seats. wa.me/917160692415",fraud,wfh_job_scam
+919740744241,Your SmartCoin account is SUSPENDED. Complete KYC immediately to avoid permanent closure. http://sr3.in/U51gJXYqmURa,fraud,kyc_phish
+918429360373,"[SBI] Rs.37,000 has been CREDITED to XXXX9612. Confirm the transaction: http://hdfc-kyc.com/8wmYBjZ0mm0M",fraud,fake_bank_credit
TM-CASHNW,[LazyPay] ALERT: Account suspended. Complete re-KYC within 2 hours to avoid termination: http://paytm-kyc.net/NxSTxNI,fraud,kyc_phish
+919335368684,RBI Mandate: Aadhaar-Bank linking mandatory by 10-02-2026. Update to avoid freeze: http://mktasset.com/hk7MZWbY,fraud,aadhaar_pan_fraud
+918313770096,"YES BANK: An unusual transaction of Rs.34,000 detected. To block/confirm: http://ct3.io/8iKk0At9W",fraud,fake_bank_credit
+919255045536,Final Warning from KreditBee: KYC incomplete. Account will be closed by midnight. Verify now: http://axisbk-verify.com/G7Xkq7r7d8lY,fraud,kyc_phish
+918574443838,NOTICE: Your parcel is waiting at the warehouse. Pay Rs.150 shipping fee to release: https://tinyurl.com/FedUijB,fraud,fake_delivery
+917841588461,NSDL: Your PAN card will be deactivated on 22-09-2025. Link with Aadhaar now: http://kotak-kyc.in/PbU4fRoNj,fraud,aadhaar_pan_fraud
+919082798579,"Cyber Crime Police: Your IP address has been traced to illegal activity. Pay Rs.48,000 settlement. Call 8873445910.",fraud,police_impersonation
+918219054595,"IMPORTANT: Myntra refund of Rs.3,500 pending. Confirm bank account: http://icici-verify.net/l3ni6A5CJ",fraud,fake_ecom
+919126073463,"Narcotics Department: Your parcel contains banned items. Pay Rs.47,000 fine. Call: 8648717800",fraud,police_impersonation
+919683373925,[Ecom Express] Tracking TVD1ZODXRK6C: Package undeliverable. Update delivery address: https://tinyurl.com/aYayrr,fraud,fake_delivery
+918418948119,Delhivery Alert: Package O6ALVGQXCZHN requires address confirmation. Update within 24 hrs: https://bit.ly/Lg00GWDpS,fraud,fake_delivery
+917053502772,"Morgan Stanley India members earned Rs 189,000 last week. Start building smarter today. https://cutt.ly/sNs271O7a",fraud,fake_broker
+919588580770,Part time with Cognizant: Rs.1200/hour. Work 3 hrs/day. Apply: wa.me/917555775188,fraud,fake_job_offer
VK-KREDTS,Your BANK OF BARODA account is partially frozen. Resume service by completing KYC: http://ct3.io/7pjFNb25mt,fraud,dlt_kyc_phish
+918710663316,"Join Deutsche Securities premium group. Members earned Rs 408,000 last week. Register free: https://lnkd.in/giDo1r2zl",fraud,fake_broker
+919475984454,BSNL: We noticed SIM cloning attempt. Secure your number immediately. Call: 8089825035,fraud,sim_expiry_fraud
+919492455726,"Your ICICI BANK cashback of Rs.25,000 is ready to be transferred. Verify account: http://sbi-secure.in/z1Er1mzDtyB",fraud,fake_bank_credit
+917302263324,"Part time job available. Earn Rs.270,000/month doing simple tasks. Join: wa.me/917828443992",fraud,wfh_job_scam
+917309313811,"[Mahanagar Gas] Your account has been flagged. Pay Rs.5,400 or face legal action. Call: 8455286324",fraud,utility_threat
+917294778459,"Received INR 45,000 on 969296XX61 at 25-10-2026 07:45. Quick UPI withdrawal available here: http://ct3.io/u154vXQ",fraud,bhim_upi_fake
+918279792800,CBI Digital Crime Unit: You are under digital surveillance. Cooperate by calling 7623959460 now.,fraud,police_impersonation
+917236902364,"Rs 108,000 profit guaranteed with Credit Suisse India strategy. Join members now: https://rb.gy/BmOXrcLF",fraud,fake_broker
+919711113799,Security alert: Someone is trying to access your BANK OF BARODA account. Verify with OTP 179454 here: http://icici-verify.net/0gMeX6,fraud,otp_theft
+919529286338,"Central Govt Grant: Rs.140,000 allocated under PM Ujjwala Yojana. Apply today: http://axisbk-verify.com/9So3WZHE",fraud,fake_govt_scheme
+917888615419,"Rs 533,000 profit guaranteed with UBS India Advisory strategy. Join members now: https://rb.gy/y3K1iFf",fraud,fake_broker
+919772261433,"URGENT: Your income tax refund Rs.23,000 will lapse in 48 hrs. Update: http://axisbk-verify.com/wNlurlEAjnAaj",fraud,income_tax_fraud
+919150371633,"SBI YONO: Your reward points 8,300 expire in 24 hours. Redeem now: http://sbi-secure.in/FKtB7AOg",fraud,sbi_yono_phish
+917694618150,"IT Dept: Refund of Rs.24,000 initiated to your account. Confirm bank details: http://paytm-kyc.net/pPhA1k",fraud,income_tax_fraud
+919725907007,"Your AXIS BANK cashback of Rs.17,500 is ready to be transferred. Verify account: http://sbi-secure.in/sSv9W2lSdXn3mG",fraud,fake_bank_credit
+918194401148,"Don't miss: UBS India Advisory experts helping members earn Rs 381,000/week. Enroll: https://bit.ly/QvSMb",fraud,fake_broker
+919371330947,"Achieve Rs 434,000 this week with UBS India Advisory expert insights. Better returns start today. https://cutt.ly/QOfMXS",fraud,fake_broker
+919336179144,"Your LIC policy claim of Rs.54,000 approved. Collect by 22-04-2025: http://icicisecure.net/gxQZL51HLqbJNw",fraud,insurance_fraud
+919396071073,"Received INR 11,500 on 848973XX09 at 22-11-2025 10:30. Quick UPI withdrawal available here: http://sr3.in/PL3gfg",fraud,bhim_upi_fake
+919825116708,"Hi 8432XXXX97, Transaction successfully done of Rs.62,000 to your account on 28-02-2026. Withdraw N0W: http://mktasset.com/pgCaXy1v6ZA0s",fraud,bhim_upi_fake
+919151653557,Vi (Vodafone Idea) Alert: Your current SIM will be deactivated tonight. Call 7839847885 to retain number.,fraud,sim_expiry_fraud
+918390897342,"You are a WINNER! Rs.1,560,000 transferred pending your confirmation. Call 7294804716 now.",fraud,lottery_prize
+919827188734,"NOTICE: Rs.8,500 reversal pending in YES BANK account XXXX2442. Confirm: http://icici-verify.net/yf1B0i3ki",fraud,fake_bank_credit
+917675927500,"Recovery Agent Notice: CANARA BANK has authorized recovery of Rs.23,000. Contact: 9656830546",fraud,emi_threat
+917761287981,"You are selected as the LUCKY WINNER of Rs.660,000 from KBC. Call now: 9608884411",fraud,lottery_prize
+919167408531,"Received INR 70,500 on 743157XX37 at 17-08-2026 12:15. Quick UPI withdrawal available here: http://icici-verify.net/im59rHV",fraud,bhim_upi_fake
+917564609400,"Income Tax Department: Your IT refund of Rs.20,500 is approved. Update bank account: http://axisbk-verify.com/ARtLdj",fraud,income_tax_fraud
+917362292376,"Congratulations! SPIN and WIN: You won Rs.2,340,000. Claim in 24 hrs: http://axis-bank.online/uh1AvxUx40cD",fraud,lottery_prize
+917466959755,"[UPI] Transaction of Rs.40,000 pending. Confirm with OTP 051566: http://axisbk-verify.com/sPDutyBiQB66cx",fraud,otp_theft
+917034057980,Bima Yojana: You are selected to get 1 CRORE life cover. Application approved. Apply: http://kotak-kyc.in/QmFdAKk9,fraud,rbi_govt_scheme
+918170357576,"You are a WINNER! Rs.3,750,000 transferred pending your confirmation. Call 8660455082 now.",fraud,lottery_prize
+918985781050,ForexPro India is offering 200% returns on crypto trades. Invest now: http://mktasset.com/V3TYyl,fraud,crypto_scam
+919847655626,YONO SBI: Unusual transaction detected. Verify your account to continue: http://kotak-kyc.in/eF6Bh68v,fraud,sbi_yono_phish
+917821764288,Part time with Wipro: Rs.600/hour. Work 3 hrs/day. Apply: http://sr3.in/nNbpmz2UeteTh1,fraud,fake_job_offer
+917333331515,"Arbitrage model: from 10K, RBI-backed plan. Deutsche Securities members earned Rs 346,000. https://tinyurl.com/buXMZ5f0",fraud,fake_broker
+919783268092,"AMAZON LUCKY DRAW: You won a prize of Rs.2,840,000. To claim WhatsApp: wa.me/918864299511",fraud,lottery_prize
+919611239314,"IMPORTANT: Myntra refund of Rs.1,400 pending. Confirm bank account: http://epq9.com/JtJHKI0cp7ITq",fraud,fake_ecom
+919344086273,"[CESC] Your account has been flagged. Pay Rs.2,400 or face legal action. Call: 8085965967",fraud,utility_threat
+919988172106,Action Required! mPokket: Your account is blocked due to pending KYC. Click to verify: http://sbi-secure.in/tj1KVHOmY,fraud,kyc_phish
+917982643770,"[UPI] Transaction of Rs.20,500 pending. Confirm with OTP 754958: http://kotak-kyc.in/YZqex4dPz1U",fraud,otp_theft
+917233177423,Your Blue Dart package could not be delivered. Reschedule delivery here: https://s.id/7JnocMpI,fraud,fake_delivery
+919305421976,TRAI order: Jio users must submit fresh KYC by 25-09-2025. Update: http://gov-scheme.in/Jb3WBmlhxQAK,fraud,sim_expiry_fraud
+918538006394,SBI: Your internet banking will be blocked in 24 hrs. Confirm identity: http://gov-scheme.in/AHuuqR1VfmjArf,fraud,sbi_yono_phish
+917567007133,Your Dhani account is SUSPENDED. Complete KYC immediately to avoid permanent closure. http://sbicard-update.com/7ybF5276m8,fraud,kyc_phish
+918539044625,"URGENT: Your income tax refund Rs.29,000 will lapse in 48 hrs. Update: http://sbicard-update.com/GRgGVxvpmohXZ",fraud,income_tax_fraud
+918556067057,"USDT trading signal group — earn Rs.250,000/day. Free join: http://hdfc-kyc.com/revFoMSm",fraud,crypto_scam
+919346511172,"Dear taxpayer, your e-filing refund of Rs.20,000 is pending. Claim: http://sbi-secure.in/oauFUqaL8wj",fraud,income_tax_fraud
+919888249781,"PM Office: PM Ujjwala Yojana cash benefit Rs.195,000 credited to your account. Verify: http://sbicard-update.com/Nzg5LR",fraud,fake_govt_scheme
+917707584274,"Govt approved investment scheme: Rs.1,715,000 guaranteed return. Apply now: http://hdfcloan-apply.in/PL6fWdSZ",fraud,rbi_govt_scheme
+919436788770,"IMPORTANT ALERT! Account BLOCKED due to incomplete re-KYC as per RBI guideline. To activate your account, complete VIDEO-KYC URGENTLY. Loan up to Rs.45,000 instantly http://hdfc-kyc.com/QoETXv66DOR -LazyPay",fraud,kyc_phish
+918167654152,Meesho: Your order for smart watch (Order #LFRHMD6Z3A) is on hold. Pay Rs.600 to release: http://icicisecure.net/lGwulBA9G,fraud,fake_ecom
+919612269364,"Achieve Rs 245,000 this week with Morgan Stanley India expert insights. Better returns start today. https://ow.ly/UxAmnZT",fraud,fake_broker
+919178481266,"Last week, HSBC Securities members earned Rs 432,000 with expert market insights. https://t.ly/2BpSOZne",fraud,fake_broker
+919628787795,"Dear borrower, KOTAK BANK loan account flagged for non-payment. Pay Rs.10,500 now: http://sbicard-update.com/9yoIEiXy2X",fraud,emi_threat
+919442337388,"JP Morgan India members earned Rs 470,000 last week. Start building smarter today. https://ow.ly/OJDkyMQy",fraud,fake_broker
+917342194074,"Your name appears in RBI unclaimed deposit list: Rs.990,000. Claim now: https://lnkd.in/vMaV5",fraud,rbi_govt_scheme
+917370437804,SBI YONO: Your debit card will be blocked. Prevent it by verifying: http://hdfc-kyc.com/6NIVfYdgmf,fraud,sbi_yono_phish
+918488688805,"H0me based J0B available. Earn Rs.3,500 per day. wa.me join: wa.me/919695870765",fraud,wfh_job_scam
+917643788602,Your YES BANK account will be FROZEN if Aadhaar not linked by tonight. Link: http://mktasset.com/vwjeaE,fraud,aadhaar_pan_fraud
+918592787373,BANK OF BARODA Gold Loan Interest Rates Starts at 12.85%. Faster Process & Door Step Service. Apply! 9041357718 T&C wa.me/918859121437,fraud,fake_loan
+918585527471,"Rs.66,000 credited to your account via Paytm. Ref: 1090GQY3. To withdraw click: http://sbicard-update.com/ezbV3sq53Xm",fraud,bhim_upi_fake
+917907882939,Check your eligibility in 45 sec for KOTAK BANK Education Loan. Get welcome benefits up to Rs.500. T&C http://hdfc-kyc.com/PF5NRjNFaxr,fraud,fake_loan
+918968606780,"Achieve Rs 568,000 this week with Deutsche Securities expert insights. Better returns start today. https://ow.ly/VAyNHjfe5",fraud,fake_broker
VK-KREDTS,[SBI] Compliance: Update e-KYC before 17-04-2026 to avoid deactivation: http://kotak-kyc.in/0npIXKI0uPPY,fraud,dlt_kyc_phish
+917890086704,Credit Suisse India helps you achieve stock market success with real guidance. https://s.id/VKuhiz,fraud,fake_broker
+918987141898,"Rs 211,000 profit guaranteed with BARCLAYS strategy. Join members now: https://t.ly/SVOiKz6B2",fraud,fake_broker
+917744405520,"IMPORTANT ALERT! Account BLOCKED due to incomplete re-KYC as per RBI guideline. To activate your account, complete VIDEO-KYC URGENTLY. Loan up to Rs.45,000 instantly http://epq9.com/rUT44ismpVDg2d -mPokket",fraud,kyc_phish
+918162164845,[PNB] OTP for fund transfer: 521590. Valid 10 mins. Share this OTP with our executive to complete KYC.,fraud,otp_theft
+918502777644,"Mahanagar Gas: Connection termination scheduled. Clear dues Rs.4,300 by calling: 7411433368",fraud,utility_threat
+919055700989,"Unauthorized transaction detected on your SBI card: Rs.14,500. Report: http://icici-verify.net/Si37ForPOopwn",fraud,credit_card_fraud
+919928102502,Flipkart Delivery: We attempted delivery but found the address incorrect. Update: https://lihi.cc/Hns7BgUVA,fraud,fake_delivery
+918681596806,SBI Net Banking locked. Provide OTP to unlock via: http://income-tax-refund.in/WyE3pVRWYIc3VR,fraud,sbi_yono_phish
+917645836931,"Kotak Life: Your policy matured. Rs.7,000 waiting. Provide bank details: http://mktasset.com/Z5vyLkPU",fraud,insurance_fraud
+919311546167,"Deutsche Securities — proven strategy. Rs 506,000 weekly returns. Limited seats. https://lnkd.in/FnryifJdy",fraud,fake_broker
+917536072439,"COD order on Meesho worth Rs.17,000 placed from your account. Not you? http://kotak-kyc.in/8RhVwb",fraud,fake_ecom
+918992411438,"UPI Transfer: INR 66,000 received on 8437XXXX4389 from government scheme. Withdraw: http://kotak-kyc.in/S7OkCnBS",fraud,bhim_upi_fake
+918734236466,"Online earning opportunity: Rs.6,500/day. No investment. Join us: wa.me/919246310691",fraud,wfh_job_scam
+917367939008,"Earn Rs.210,000 monthly from home. Flexible hours. Register: wa.me/917988457487",fraud,wfh_job_scam
BG-EARNNW,ALERT: KOTAK BANK account KYC incomplete. Complete Video-KYC urgently: http://paytm-kyc.net/42cdht1,fraud,dlt_kyc_phish
TX-LOANOK,KOTAK BANK KYC expired. Account restricted. Update at: http://axis-bank.online/f5FLgls5WZr,fraud,dlt_kyc_phish
+917564588578,"ICICI BANK ALERT: Rs.27,500 credited to A/c ending 9226. If unrecognized, verify immediately: http://ct3.io/tRh4nKzli45",fraud,fake_bank_credit
+917390334866,"Dear Consumer, your TATA Power electricity connection will be disconnected tonight at 9:30 PM due to non-payment of Rs.4,300. Pay now or call 8009989354.",fraud,utility_threat
+919745281084,"Rs 371,000 profit guaranteed with BARCLAYS strategy. Join members now: https://tinyurl.com/giVRIcuh",fraud,fake_broker
+918217686251,"Online job at Infosys: data entry, social media tasks. Rs.46,000/month. Join: wa.me/918613075110",fraud,fake_job_offer
+919734366699,Action required: Enter OTP 247853 to prevent unauthorized withdrawal from KOTAK BANK account: http://income-tax-refund.in/9k8ipWupvzY9VG,fraud,otp_theft
+918642167022,"Amazon product review job from home. Earn Rs.7,000/task. wa.me/917855709469",fraud,wfh_job_scam
+918243588268,"Your name appears in RBI unclaimed deposit list: Rs.320,000. Claim now: https://short.gy/YZSTOCTVq",fraud,rbi_govt_scheme
+918178564709,"SBI — Your KYC-linked reward of Rs.24,500 is ready. Claim before expiry: http://income-tax-refund.in/89xbfmi",fraud,fake_bank_credit
+918502966759,"Crypto arbitrage: Rs.10K → Rs.317,000 in 7 days. AlgoTrade24 verified. Join: http://gov-scheme.in/qkQfe97MG2WZ",fraud,crypto_scam
+917283481664,"Your BANK OF BARODA account XXXX6025 received Rs.47,000. To withdraw or verify: http://axis-bank.online/4zy5k2cTt6y9o",fraud,fake_bank_credit
+918553211051,"[BANK OF BARODA] Rs.20,500 has been CREDITED to XXXX0063. Confirm the transaction: http://kotak-kyc.in/3o8JNrTXEb",fraud,fake_bank_credit
+919321639804,Income Tax Dept: PAN-Aadhaar linking pending. Penalty Rs.1000/day after 05-10-2026. http://ct3.io/Fr6bJ6nj,fraud,aadhaar_pan_fraud
+919018885148,Snapdeal: Your order for iPhone 15 (Order #RN5L5JKUYX) is on hold. Pay Rs.600 to release: http://sr3.in/KGZbabhcLkTcQn,fraud,fake_ecom
+919615277534,"Congratulations! Google India has shortlisted you for a job. Salary: Rs.22,000/month. Confirm: 9424604981",fraud,fake_job_offer
+919696161258,"URGENT SALE: 2BHK flat for Rs.2,300,000. Owner going abroad. Immediate registry. 9018151422",fraud,real_estate_fraud
+918652037892,"HDFC BANK Card Services: EMI due of Rs.4,000 overdue. Pay to avoid legal action: http://kotak-kyc.in/oNehuGl3",fraud,credit_card_fraud
+918942856751,Alert: Your PAN is not linked to Aadhaar. Account will be suspended. Update: http://gov-scheme.in/hunfRnMvb,fraud,aadhaar_pan_fraud
+918784213951,Customs duty of Rs.110 is pending for your international parcel. Pay now: https://tinyurl.com/Gg1HE1,fraud,fake_delivery
+918308172248,"Govt approved investment scheme: Rs.1,265,000 guaranteed return. Apply now: https://t.ly/0fimxFc",fraud,rbi_govt_scheme
VK-KREDTS,"Dear Customer, your ICICI BANK KYC will expire on 15-08-2025. Update Aadhaar to avoid account suspension: http://yesbank-update.com/kiJG4ny",fraud,dlt_kyc_phish
+918584559838,[BANK OF BARODA] OTP for fund transfer: 082992. Valid 10 mins. Share this OTP with our executive to complete KYC.,fraud,otp_theft
+918118371604,"ICICI Prudential: Your policy will lapse in 24 hrs. Pay Rs.18,000 now to avoid coverage gap: http://sbicard-update.com/qg8r8aAcxXMk4z",fraud,insurance_fraud
+919395178775,"India Post: Due to an incorrect house number, we are unable to deliver your package. Please update your address: https://tinyurl.com/iyNnEp0",fraud,fake_delivery
+918556665786,"Kindly update your delivery location within 12 hours, otherwise we will proceed to return the product: https://tinyurl.com/A26Ux",fraud,fake_delivery
BW-INCASH,RBI directive: Complete AXIS BANK re-KYC by 17-10-2026 to avoid account freeze: http://yesbank-update.com/3EmYvk,fraud,dlt_kyc_phish
+917659369195,"Simple online tasks. Rs.6,000/day. Work from home. WhatsApp now: wa.me/918690156766",fraud,wfh_job_scam
+917836437700,Flipkart Delivery: We attempted delivery but found the address incorrect. Update: https://tinyurl.com/3nRvRm61,fraud,fake_delivery
+917240847163,"Suspicious transaction of Rs.15,500 on ICICI BANK card. To block click: http://epq9.com/Cbgn9jass",fraud,credit_card_fraud
+919279107246,"You are selected as the LUCKY WINNER of Rs.2,520,000 from KBC. Call now: 8217201111",fraud,lottery_prize
+918534174768,"Govt of India: Rs.75,000 sanctioned under PM Kisan Yojana. Last date 03-04-2026. Apply: http://icicisecure.net/HN4E9EJd86",fraud,fake_govt_scheme
+919991075792,[SBI YONO] Your account has been suspended. Login to verify: http://hdfcloan-apply.in/noWI1i,fraud,sbi_yono_phish
+917262423939,"Last week, INDIRA Securities members earned Rs 447,000 with expert market insights. https://short.gy/PU6zUjz",fraud,fake_broker
+918142274459,"Transaction declined for Rs.54,500 on KOTAK BANK card. Confirm details: http://income-tax-refund.in/FoFlNQuOp",fraud,credit_card_fraud
+917281502085,BITCOIN opportunity: Double your investment in 48 hrs with ForexPro India. Limited: https://t.ly/HBi5SvG,fraud,crypto_scam
+919577217740,Snapdeal Alert: Suspicious activity on your account. Verify to continue shopping: http://sbicard-update.com/Bc68C3U,fraud,fake_ecom
+918817772667,Delhi Cyber Crime: FIR filed against your mobile number. Report to station or call 8241665529 to settle.,fraud,police_impersonation
+919392251109,UNION BANK: Your card has been cloned. Secure it now by clicking: http://linstok.com/0AbyA3TCMUhGo,fraud,credit_card_fraud
+919029751187,[Vi (Vodafone Idea)] SIM upgrade required. Failure to upgrade by midnight will deactivate your number. 7882916425,fraud,sim_expiry_fraud
+919323562904,"Achieve Rs 262,000 in weekly profits with JP Morgan India's trusted advice. https://short.gy/C0fYsRL",fraud,fake_broker
+917501931889,"Video rating job: earn Rs.7,000/day. 1-2 hrs work. WhatsApp: wa.me/917236306805",fraud,wfh_job_scam
+919180235736,Your package is at the nearest post office. Pay Rs.200 to receive it: https://rb.gy/mdrwhMr,fraud,fake_delivery
+919776136885,"Your MSEDCL meter will be blocked today. Pay Rs.2,000 immediately to avoid disruption. Helpline: 7020098443",fraud,utility_threat
+918805366893,"IT Dept: Refund of Rs.45,500 initiated to your account. Confirm bank details: http://income-tax-refund.in/rCp1yjK",fraud,income_tax_fraud
+917494103713,"Don't miss: Morgan Stanley India experts helping members earn Rs 489,000/week. Enroll: https://tinyurl.com/aDioQ",fraud,fake_broker
+918571024484,UIDAI Notice: Your Aadhaar is not linked to YES BANK. Link before 22-01-2026 to avoid account freeze: http://axis-bank.online/ts7pV50tOSWvi,fraud,aadhaar_pan_fraud
+917763457098,You qualify for BANK OF BARODA Personal Loan Rs 2 Lakh to Rs 25 Lakh. No collateral. wa.me/917976583247,fraud,fake_loan
+918994812489,"Unauthorized transaction detected on your UNION BANK card: Rs.40,500. Report: http://icici-verify.net/9Q6lTHdARf",fraud,credit_card_fraud
+917596977914,"ED Notice: Money laundering case linked to your Aadhaar. Pay Rs.38,000 or face arrest. Call 7635991209.",fraud,police_impersonation
+919829646440,Customs duty of Rs.80 is pending for your international parcel. Pay now: https://tinyurl.com/Hep8GJ4,fraud,fake_delivery
+918041856165,[ICICI BANK] Loan account XXXX8460 has missed 5 EMIs. Regularize immediately: 9687174944,fraud,emi_threat
+919188972804,Security alert: Someone is trying to access your HDFC BANK account. Verify with OTP 327307 here: http://sbicard-update.com/QM5QnEqDEof,fraud,otp_theft
+919372764941,Supreme Court Summons: Your PAN is linked to a fraud case. Respond within 2 hrs: 9034076153,fraud,police_impersonation
+918781443320,URGENT: CANARA BANK Car Loan offer expires today. Low rate 11.0%. No documents needed. http://sbi-secure.in/M8zTVhZRxRRi,fraud,fake_loan
+919492426210,"Dear Customer, your OTP 298286 for updating net banking is valid for 5 min. Call 1800XXXXXX if not requested.",fraud,otp_theft
+919422892659,Get instant SBI Business Loan approval in minutes. Rate 11.06%. Call 7054520931 or apply: http://icicisecure.net/GemqYVythVCPD,fraud,fake_loan
+917704695141,[PaySense] ALERT: Account suspended. Complete re-KYC within 2 hours to avoid termination: http://hdfcloan-apply.in/0gi4xCMm,fraud,kyc_phish
+919409939874,"Reach smarter returns with Morgan Stanley India. Members earned Rs 216,000 last week. https://short.gy/Xcbqg",fraud,fake_broker
+919138740449,Action required: Enter OTP 144032 to prevent unauthorized withdrawal from KOTAK BANK account: http://yesbank-update.com/9NOtJp,fraud,otp_theft
+919501409822,UIDAI: Biometric mismatch on your Aadhaar. Update within 24 hrs: http://linstok.com/eiFGM83elzMv6L,fraud,aadhaar_pan_fraud
+919530135458,"ED Notice: Money laundering case linked to your Aadhaar. Pay Rs.13,000 or face arrest. Call 7077904782.",fraud,police_impersonation
+918583944958,"Exclusive: UBS India Advisory stock tips returned Rs 457,000 for members this week. https://lihi.cc/pUlwW1uh",fraud,fake_broker
+918763499808,"Income Tax refund Rs.4,500 has been processed. Update Aadhaar-linked A/c: http://sr3.in/4yg95hd",fraud,income_tax_fraud
+917629657128,Amazon Logistics Alert: Package Y9V3ZSOZACFA requires address confirmation. Update within 24 hrs: https://rb.gy/26hKU,fraud,fake_delivery
+918006652220,KOTAK BANK is offering Car Loan upto Rs.50 Lakh at just 10.58% p.a. Fast approval. Apply via wa.me/918729307917,fraud,fake_loan
+919276123846,"[PNB] Rs.28,000 has been CREDITED to XXXX3269. Confirm the transaction: http://sr3.in/kepz0KramQLSP",fraud,fake_bank_credit
+919975219241,"PNB Legal Team: Non-payment of Rs.9,000 EMI may result in property attachment. Call 7895860200.",fraud,emi_threat
+918260721314,"Transaction alert: Rs.61,000 credited by BHIM to 9486xxxx9013. Redeem now: http://axisbk-verify.com/E4ekVFWtDF",fraud,bhim_upi_fake
+918264256017,"Dear User, your KreditBee account has been temporarily blocked. Update KYC to continue: http://kotak-kyc.in/udDjvIoM5rY1K",fraud,kyc_phish
+918642098167,"Alert: Rs.10,000 debited from AXIS BANK A/c XXXX4764 at 22:00 on 03-02-2026. Not you? http://kotak-kyc.in/J0kFoOwwmrH",fraud,fake_bank_credit
+919325108979,TRAI Notice: Your number is being used for criminal activity. It will be blocked in 2 hours. Call 7465933165.,fraud,police_impersonation
+918577137278,"PM Office: Ayushman Bharat cash benefit Rs.155,000 credited to your account. Verify: http://ct3.io/mYp2xcL27XQaQ",fraud,fake_govt_scheme
+918071064384,Part time with Cognizant: Rs.2800/hour. Work 3 hrs/day. Apply: http://mktasset.com/LwUp3waJCm,fraud,fake_job_offer
+917618359422,Post Office: Your parcel D7SBZ75EUFVH is on hold due to incomplete address. Update now: https://rb.gy/FEr17n,fraud,fake_delivery
+917513234432,"COD order on Nykaa worth Rs.9,500 placed from your account. Not you? http://sbi-secure.in/hT3KmE",fraud,fake_ecom
+918728659745,Part time with Infosys: Rs.600/hour. Work 3 hrs/day. Apply: http://axisbk-verify.com/zmPWdltE,fraud,fake_job_offer
+919713422491,"Mahanagar Gas: Connection termination scheduled. Clear dues Rs.1,900 by calling: 9031550797",fraud,utility_threat
+917068992848,"Dear User, your SmartCoin account has been temporarily blocked. Update KYC to continue: http://sbicard-update.com/ttmXE9AhkuxJ",fraud,kyc_phish
CP-GOVTSC,URGENT: HDFC BANK account will be closed in 48 hrs due to incomplete KYC: http://ct3.io/63TXm3,fraud,dlt_kyc_phish
+919394386037,"Dear Customer-Your S.B,I Y0N0 NetBanking Reward point's INR.11,200 will expire Today please-redeem Your points in Cash-click-on link. http://mktasset.com/lStRcNELx6",fraud,sbi_yono_phish
+917809114336,"Your UNION BANK account XXXX6878 received Rs.49,000. To withdraw or verify: http://gov-scheme.in/oJ1fFrwdHkH",fraud,fake_bank_credit
+918026190472,"Dear User, your SIM has been selected in BSNL Lottery. Prize: Rs.2,060,000. Claim: 9434332351",fraud,lottery_prize
+918708261406,PNB is offering Education Loan upto Rs.50 Lakh at just 12.81% p.a. Fast approval. Apply via wa.me/917399207156,fraud,fake_loan
+917868710117,"Dear Customer, Amazon order cancelled due to payment failure. Re-confirm: http://gov-scheme.in/3feal0sjYSU4AU",fraud,fake_ecom
+919267464021,"Dear Customer, your Flipkart Courier parcel failed delivery attempt. Reschedule: https://rb.gy/b8Ms0wsZi",fraud,fake_delivery
+917439752100,"Job offer from Google India: Rs.54,000/month. Work from home. Registration fee Rs.800. wa.me/918398914667",fraud,fake_job_offer
+917393034791,"Congratulations! You have WON Rs.240,000/- in the Lucky Draw. To claim your prize, contact: 9409989989",fraud,lottery_prize
+917876071726,"Congratulations! Wipro has shortlisted you for a job. Salary: Rs.72,000/month. Confirm: 9232242035",fraud,fake_job_offer
+918581329050,"Land for sale: 8 acres near Pune. Rs.1,250,000. Call 7072919524",fraud,real_estate_fraud
+917306864129,"Video rating job: earn Rs.2,500/day. 1-2 hrs work. WhatsApp: wa.me/919674900570",fraud,wfh_job_scam
+919575895707,"Online earning opportunity: Rs.5,500/day. No investment. Join us: wa.me/918628108629",fraud,wfh_job_scam
+918801775355,"Your mobile number was picked in GOVT Digital India Lottery. Prize: Rs.4,280,000. 8288222431",fraud,lottery_prize
+917921039555,"Flipkart Big Billion Lucky Winner: Rs.720,000 + gifts. Collect: http://rbi-scheme.in/3wYWUCaVg",fraud,lottery_prize
+917001831108,"URGENT: Your income tax refund Rs.28,500 will lapse in 48 hrs. Update: http://axis-bank.online/uGr7VVF",fraud,income_tax_fraud
+918936321401,"Final notice: SBI will file case for unpaid loan. Settle Rs.5,000 today: 9489810740",fraud,emi_threat
+918918892558,India's stock market is rising! Join Credit Suisse India for expert advice on profitable investments. https://ow.ly/5QrHO,fraud,fake_broker
+917594300033,"Hi 8006XXXX91, Rs.42,000/- is Transferred to Your A/c By PhonePe Ref ID: V1EY1EXXX. Withdraw Cash NOW http://epq9.com/ZwgnIHI2XusYIM",fraud,bhim_upi_fake
CP-GOVTSC,URGENT: Your Navi Loan account will be deactivated in 24 hours. Complete Video-KYC now: http://yesbank-update.com/cUlRWLn,fraud,kyc_phish
+919750604268,Flipkart Delivery: We attempted delivery but found the address incorrect. Update: https://tinyurl.com/yA4RHH8s,fraud,fake_delivery
+918116737583,"Dear Consumer, your BSES electricity connection will be disconnected tonight at 9:30 PM due to non-payment of Rs.3,500. Pay now or call 9415356455.",fraud,utility_threat
+919673607319,[Airtel] SIM upgrade required. Failure to upgrade by midnight will deactivate your number. 7017146535,fraud,sim_expiry_fraud
+919051484068,"Flipkart Recruitment 2026: Walk-in-interview. Earn Rs.36,000/month. Register: wa.me/918274828605",fraud,fake_job_offer
+919766936611,"Cheap property grab: Bank auction flat Rs.4,900,000. First come first serve. 9294409433",fraud,real_estate_fraud
+918538560404,"Dear borrower, KOTAK BANK loan account flagged for non-payment. Pay Rs.14,500 now: http://yesbank-update.com/ie41ZP",fraud,emi_threat
+917218554374,"Job offer from Flipkart: Rs.26,000/month. Work from home. Registration fee Rs.700. http://linstok.com/YwCw1VJr5",fraud,fake_job_offer
+918579209919,Your package is at the nearest post office. Pay Rs.130 to receive it: https://rb.gy/5GMKHCDsu,fraud,fake_delivery
+919225599158,Your HDFC BANK account will be FROZEN if Aadhaar not linked by tonight. Link: http://yesbank-update.com/kY2bX5ekt,fraud,aadhaar_pan_fraud
+918693034264,"Wipro Recruitment 2026: Walk-in-interview. Earn Rs.22,000/month. Register: http://gov-scheme.in/3ZOFJ4ttI6hpgM",fraud,fake_job_offer
+918670646581,India Post: Parcel VCKU3CQBHEYY detained. Pay Rs.200 handling fee to release: https://s.id/v0PQC,fraud,fake_delivery
+917873790129,"Congratulations! SPIN and WIN: You won Rs.4,730,000. Claim in 24 hrs: wa.me/917072648017",fraud,lottery_prize
+917794398799,Final OTP to complete AXIS BANK KYC verification: 020424. Share with bank executive on call.,fraud,otp_theft
+919995375021,"Your PhonePe wallet received Rs.70,000. Claim and withdraw: http://icicisecure.net/hdX51pG3",fraud,bhim_upi_fake
+919264373308,"LIC: Your policy will lapse in 24 hrs. Pay Rs.16,500 now to avoid coverage gap: http://gov-scheme.in/RuFxMDjPxv",fraud,insurance_fraud
+919550699407,"Dear beneficiary, your Digital India Fund payment of Rs.85,000 is approved. Claim: http://income-tax-refund.in/hVQgUsmKOYW0r",fraud,fake_govt_scheme
+918353965803,Alert: Your PAN is not linked to Aadhaar. Account will be suspended. Update: http://epq9.com/d1bhygS,fraud,aadhaar_pan_fraud
+918326785918,"CBDT Notice: Rs.46,000 tax refund pending for PAN XXXXX1234X. Claim now: http://yesbank-update.com/u1iYCazBsFF8a",fraud,income_tax_fraud
+918784631163,"Dear Customer, your XpressBees parcel failed delivery attempt. Reschedule: https://lihi.cc/2PIp97",fraud,fake_delivery
+919624970341,"Reach smarter returns with JP Morgan India. Members earned Rs 471,000 last week. https://lnkd.in/OWEPGIC",fraud,fake_broker
+919174766236,"TNEB Notice: Rs.2,300 electricity bill overdue. To avoid disconnection call our executive: 8089662471",fraud,utility_threat
+918737794560,"BHIM Ref ID: GYI4KJBF5U. Rs.55,000 sent to 8896XXXX. Withdraw Cash NOW http://gov-scheme.in/9mTQU1w",fraud,bhim_upi_fake
+917006719513,NSDL: Your PAN card will be deactivated on 10-05-2025. Link with Aadhaar now: http://icicisecure.net/evq3u8TyNvu9KY,fraud,aadhaar_pan_fraud
+917565496014,India's stock market is rising! Join HSBC Securities for expert advice on profitable investments. https://rb.gy/RKrQX,fraud,fake_broker
+919071757758,Your Jio SIM is flagged for suspicious activity. To avoid block call: 9849859484,fraud,sim_expiry_fraud
+918836447593,"Congratulations! SPIN and WIN: You won Rs.1,070,000. Claim in 24 hrs: wa.me/917632939933",fraud,lottery_prize
+918239371912,"UBS India Advisory members earned Rs 435,000 last week. Start building smarter today. https://s.id/PZTQGO",fraud,fake_broker
+918500602653,"Exclusive: Citibank Wealth stock tips returned Rs 565,000 for members this week. https://t.ly/cW1GC7dDy",fraud,fake_broker
+919945401755,"USDT trading signal group — earn Rs.80,000/day. Free join: https://s.id/6qRNJ",fraud,crypto_scam
+918942718067,"Congrats 9088XXXX91, Rs.23,500/- Credited to your A/c By PhonePe Ref ID: ILVGU5XXX GET Cash NOW http://sr3.in/Bww6Oe3T9QSmFU",fraud,bhim_upi_fake
+918016814466,RBI Mandate: Aadhaar-Bank linking mandatory by 07-12-2026. Update to avoid freeze: http://icicisecure.net/mXJO4qsu9ctNkM,fraud,aadhaar_pan_fraud
+918475464415,"Simple online tasks. Rs.4,500/day. Work from home. WhatsApp now: wa.me/919498776322",fraud,wfh_job_scam
+919719026866,"Simple online tasks. Rs.9,500/day. Work from home. WhatsApp now: wa.me/917257252665",fraud,wfh_job_scam
+918923115788,"Rs.89,500 credited to your account via BHIM SBI. Ref: GBHL3XZP. To withdraw click: http://yesbank-update.com/R0LeLRAKMtt1LX",fraud,bhim_upi_fake
+918450050907,"Affordable flats near IT park. Rs.4,800,000. Book with Rs.5,000 token. http://sr3.in/E7gndLbROl",fraud,real_estate_fraud
+918306511957,"Congratulations! You have WON Rs.630,000/- in the Lucky Draw. To claim your prize, contact: 8096346048",fraud,lottery_prize
+919948338757,"Reach smarter returns with JP Morgan India. Members earned Rs 221,000 last week. https://tinyurl.com/Bqpepga",fraud,fake_broker
+919475892783,"Dear Airtel user, your SIM will expire today. Call 9213097478 immediately to upgrade to 5G SIM.",fraud,sim_expiry_fraud
+918751513562,"You are a WINNER! Rs.3,240,000 transferred pending your confirmation. Call 7445830092 now.",fraud,lottery_prize
+918437967722,"BARCLAYS members earned Rs 569,000 last week. Start building smarter today. https://lihi.cc/cuVixkZVY",fraud,fake_broker
+917018611995,Final attempt: DTDC was unable to deliver your package. Click to reschedule: https://tinyurl.com/MFFxvuZ,fraud,fake_delivery
+918504848494,"NOTICE: Your Digital India Fund funds of Rs.190,000 are uncollected. Claim before 17-10-2026: http://paytm-kyc.net/lvM1TdgEM",fraud,fake_govt_scheme
+917589385301,"Transaction declined for Rs.63,000 on BANK OF BARODA card. Confirm details: http://sbicard-update.com/NOjzL3U",fraud,credit_card_fraud
+919506033551,NOTICE: Your parcel is waiting at the warehouse. Pay Rs.210 shipping fee to release: https://tinyurl.com/Nb6aXe,fraud,fake_delivery
+917970845523,"CANARA BANK OTP for credit card transaction Rs.31,000. If not you, click to cancel: http://income-tax-refund.in/kklarH",fraud,credit_card_fraud
+919875496300,Customs duty of Rs.90 is pending for your international parcel. Pay now: https://s.id/hbYKzU4L,fraud,fake_delivery
+918159876875,[LazyPay] ALERT: Account suspended. Complete re-KYC within 2 hours to avoid termination: http://linstok.com/ZZiiNVPjTfMMy,fraud,kyc_phish
+919373362267,"PM Garib Kalyan 2026: New beneficiaries selected. Your name found. Collect Rs.120,000: http://yesbank-update.com/MyEqUTlB",fraud,fake_govt_scheme
+918928009419,"Join Citibank Wealth premium group. Members earned Rs 305,000 last week. Register free: https://tinyurl.com/gXhdWnmy",fraud,fake_broker
+917459448711,"Your UNION BANK OTP is 126610. DO NOT share with anyone. If you didn't request this, report: http://axis-bank.online/KYI17H2hza07Cw",fraud,otp_theft
+917208350651,"Alert: Rs.2,000 debited from HDFC BANK A/c XXXX7004 at 15:00 on 28-05-2026. Not you? http://sr3.in/hxGhVYfNN",fraud,fake_bank_credit
VM-GETJOB,"Attention! Account BLOCKED, Complete Video-KYC now to Activate your Account and get a limited-time 50% off on interest rates for your next loan http://yesbank-update.com/mBp4SFEQ -Dhani",fraud,kyc_phish
+919887002594,"Microsoft India Recruitment 2026: Walk-in-interview. Earn Rs.34,000/month. Register: wa.me/919812368374",fraud,fake_job_offer
+918020684554,"Hi 8835XXXX60, Rs.29,000/- is Transferred to Your A/c By BHIM Ref ID: 3PWNU5XXX. Withdraw Cash NOW http://sr3.in/unZpj9b",fraud,bhim_upi_fake
+919718804355,"Dear borrower, HDFC BANK loan account flagged for non-payment. Pay Rs.11,500 now: http://hdfcloan-apply.in/GsuB5bMyjFvF",fraud,emi_threat
+917560248939,"Amazon product review job from home. Earn Rs.5,500/task. wa.me/919841128906",fraud,wfh_job_scam
+919646989012,UIDAI Notice: Your Aadhaar is not linked to KOTAK BANK. Link before 03-03-2026 to avoid account freeze: http://epq9.com/gZwr6023u8,fraud,aadhaar_pan_fraud
+919188640392,Security alert: Someone is trying to access your UNION BANK account. Verify with OTP 758308 here: http://gov-scheme.in/Ae1dp3GeZtiD,fraud,otp_theft
+918616736760,Check your eligibility in 45 sec for SBI Business Loan. Get welcome benefits up to Rs.500. T&C wa.me/918148145616,fraud,fake_loan
+918015424963,"UPI Transfer: INR 56,500 received on 8484XXXX3987 from government scheme. Withdraw: http://sbi-secure.in/DqmEjZ0rlLEA",fraud,bhim_upi_fake
+919661847927,"URGENT: HDFC BANK NACH debit of Rs.15,500 failed. Pay manually to avoid penalty: http://icicisecure.net/jNWouezx2",fraud,emi_threat
+918484517007,"!$! TradeMaster DEALER ACCOUNT — Make Rs.291,000/month guaranteed. Register: http://hdfcloan-apply.in/aDaLPJZ",fraud,crypto_scam
+919104814339,"Dear Customer, link Aadhaar to your ICICI BANK account immediately. Deadline: 25-04-2025. http://icicisecure.net/2pgrzKy",fraud,aadhaar_pan_fraud
+918254044659,PNB: Your card has been cloned. Secure it now by clicking: http://sbicard-update.com/WYXp7q,fraud,credit_card_fraud
+917841015964,"BHIM Ref ID: 20CBVRY3MA. Rs.22,500 sent to 9842XXXX. Withdraw Cash NOW http://paytm-kyc.net/O1YoElv",fraud,bhim_upi_fake
+919168550383,"NOTICE: Rs.3,500 reversal pending in ICICI BANK account XXXX5069. Confirm: http://kotak-kyc.in/sENCgQyg",fraud,fake_bank_credit
+918154812996,"Final notice: HDFC BANK will file case for unpaid loan. Settle Rs.10,000 today: 9829750810",fraud,emi_threat
VK-KREDTS,"Dear User, your MoneyView account has been temporarily blocked. Update KYC to continue: http://yesbank-update.com/G6yZPeZFTfB",fraud,kyc_phish
+918249962260,YES BANK is offering Personal Loan upto Rs.50 Lakh at just 13.09% p.a. Fast approval. Apply via wa.me/919184674256,fraud,fake_loan
+918736300589,"Airtel Lucky Winner: Your number won Rs.4,720,000. Claim before 48 hrs: 8076324801",fraud,lottery_prize
+917575471096,Get instant PNB Home Loan approval in minutes. Rate 12.75%. Call 8285315647 or apply: wa.me/919721080487,fraud,fake_loan
+918560779615,"Exclusive: Citibank Wealth stock tips returned Rs 256,000 for members this week. https://short.gy/pQ4XS",fraud,fake_broker
+918545841282,Flash reward from Meesho: Rs.600 cashback waiting. Claim: http://axisbk-verify.com/pQlIJQjOFeilzK,fraud,fake_ecom
+918667010872,"Dear customer, Rs.6,500 SBI Life premium bounced. Pay now to avoid lapse: 9689157973",fraud,insurance_fraud
+918347205715,BANK OF BARODA Car Loan Interest Rates Starts at 13.1%. Faster Process & Door Step Service. Apply! 9482257595 T&C wa.me/917450370951,fraud,fake_loan
+918704585505,[SBI] Loan account XXXX7820 has missed 2 EMIs. Regularize immediately: 8091679538,fraud,emi_threat
+918646498174,Your Vi (Vodafone Idea) number will be cancelled due to KYC mismatch. Re-verify now: http://axisbk-verify.com/T08EDqMXrP2,fraud,sim_expiry_fraud
BG-EARNNW,"Dear Customer, your BANK OF BARODA KYC will expire on 17-02-2026. Update Aadhaar to avoid account suspension: http://axis-bank.online/iykhwwjSy1KdOz",fraud,dlt_kyc_phish
+917701830636,You qualify for YES BANK Personal Loan Rs 2 Lakh to Rs 25 Lakh. No collateral. http://gov-scheme.in/qRl6I3vCdo,fraud,fake_loan
+917969146819,"Your resume has been selected by Cognizant. Rs.40,000 salary. Call HR: 7841932528",fraud,fake_job_offer
+918744015123,"Your YES BANK cashback of Rs.3,000 is ready to be transferred. Verify account: http://epq9.com/8QFNLXTr9p",fraud,fake_bank_credit
+917087727807,UIDAI: Biometric mismatch on your Aadhaar. Update within 24 hrs: http://sbicard-update.com/Zfc5WsD7N8LZ8I,fraud,aadhaar_pan_fraud
+918373939728,Ministry of Home Affairs: Your digital activity is under investigation. Cooperate: 7205451695,fraud,police_impersonation
+919504281734,UIDAI: Biometric mismatch on your Aadhaar. Update within 24 hrs: http://hdfc-kyc.com/GeQXA2N1Udig,fraud,aadhaar_pan_fraud
+919202821681,"MSME Loan Scheme 2026 - Rs.4,975,000/- can be credited in your Bank. Check eligibility: http://linstok.com/21OwM6J6L9zBd",fraud,rbi_govt_scheme
+917431598697,"URGENT HIRING: work from home, earn Rs.4,500/day. Limited seats. wa.me/918222862231",fraud,wfh_job_scam
+919049788100,"Transaction alert: Rs.85,500 credited by BHIM Axis to 9642xxxx6886. Redeem now: http://sr3.in/0QZWnviAfvc",fraud,bhim_upi_fake
+917821707139,"Dear customer, Rs.6,000 Kotak Life premium bounced. Pay now to avoid lapse: 8855311910",fraud,insurance_fraud
+917430524754,"Sukanya Samriddhi: You are eligible for Rs.120,000 grant. Register now: http://paytm-kyc.net/gwvBA3jcgAb8x7",fraud,fake_govt_scheme
+918634541364,Your Vi (Vodafone Idea) number will be cancelled due to KYC mismatch. Re-verify now: http://axis-bank.online/jn8M5gJAW1,fraud,sim_expiry_fraud
+919121950079,Amazon: Your order for TV (Order #66D931MB74) is on hold. Pay Rs.2100 to release: http://hdfcloan-apply.in/xPfLzeDyVW1,fraud,fake_ecom
+919544246015,BitProfit India: Your crypto portfolio grew 164% this week. Continue: http://income-tax-refund.in/KAvm0PQAQ0j,fraud,crypto_scam
+919702460719,"Income Tax Department: Your IT refund of Rs.12,500 is approved. Update bank account: http://linstok.com/ty2M6UR5xO5Xy",fraud,income_tax_fraud
+919950293392,YES BANK Personal Loan Interest Rates Starts at 9.63%. Faster Process & Door Step Service. Apply! 7473971515 T&C wa.me/918764396226,fraud,fake_loan
+919574058799,[BSNL] SIM upgrade required. Failure to upgrade by midnight will deactivate your number. 7053431694,fraud,sim_expiry_fraud
+917565050447,"Video rating job: earn Rs.3,500/day. 1-2 hrs work. WhatsApp: wa.me/918325435682",fraud,wfh_job_scam
+918276665063,TRAI order: BSNL users must submit fresh KYC by 12-12-2025. Update: http://axis-bank.online/GS1uIkUn5tKO,fraud,sim_expiry_fraud
+917070155835,"PNB OTP for credit card transaction Rs.49,500. If not you, click to cancel: http://icici-verify.net/mQ1UNIw",fraud,credit_card_fraud
+919385664751,CBI Digital Crime Unit: You are under digital surveillance. Cooperate by calling 7244955616 now.,fraud,police_impersonation
+918304775925,"Don't miss: BARCLAYS experts helping members earn Rs 185,000/week. Enroll: https://tinyurl.com/AIFgfI",fraud,fake_broker
+917606013754,"Hi 9415XXXX03, Transaction successfully done of Rs.7,500 to your account on 01-02-2025. Withdraw N0W: http://yesbank-update.com/f7jdjjmhQRCCO",fraud,bhim_upi_fake
+918347915484,Special offer: PNB Education Loan with 0 processing fee. Apply now before offer ends: wa.me/917458286294,fraud,fake_loan
+918325891422,Your order from Amazon is on hold. Confirm delivery address within 6 hours: https://lihi.cc/Mh4qEL,fraud,fake_delivery
+918335340661,Max Life Agent: Special 80% discount on life cover. Offer ends today. Call: 7669982653,fraud,insurance_fraud
+917970180219,"RBI-backed arbitrage plan: invest Rs.10K, earn Rs.3,740,000/month. Limited slots. https://rb.gy/9YyIeJ",fraud,rbi_govt_scheme
+917535571515,"USDT trading signal group — earn Rs.316,000/day. Free join: https://lnkd.in/vH9J3Q",fraud,crypto_scam
+917863155688,"Congratulations! Rs.11,000/- credited to your SBI account by GOVT scheme. Claim now: http://icici-verify.net/EfiLeqROdKX",fraud,fake_bank_credit
+917961574522,"Job offer from TCS: Rs.68,000/month. Work from home. Registration fee Rs.1600. wa.me/918286905257",fraud,fake_job_offer
+918707964920,"INDIRA Securities — proven strategy. Rs 90,000 weekly returns. Limited seats. https://lihi.cc/4QDoafgJ",fraud,fake_broker
+918382270900,"GOVT housing scheme: 1BHK for Rs.270,000. Apply online: http://icici-verify.net/Kc8CCV",fraud,real_estate_fraud
+917273921577,"GAIL Gas Notice: Rs.1,500 electricity bill overdue. To avoid disconnection call our executive: 7825476172",fraud,utility_threat
+918178111997,"UPI Transfer: INR 99,500 received on 7494XXXX7011 from government scheme. Withdraw: http://hdfc-kyc.com/CdZscNn",fraud,bhim_upi_fake
+919022225358,URGENT: SBI Car Loan offer expires today. Low rate 13.91%. No documents needed. wa.me/918138020774,fraud,fake_loan
+918312266844,"IMPORTANT: Myntra refund of Rs.2,300 pending. Confirm bank account: http://ct3.io/Bhn5X4AT5eLfi",fraud,fake_ecom
+919847618484,"Flipkart Big Billion Lucky Winner: Rs.3,520,000 + gifts. Collect: wa.me/917838259166",fraud,lottery_prize
+917894183362,NOTICE: Your parcel is waiting at the warehouse. Pay Rs.120 shipping fee to release: https://tinyurl.com/YgWkwfYd,fraud,fake_delivery
+919508137651,BSNL Alert: Your current SIM will be deactivated tonight. Call 7415173353 to retain number.,fraud,sim_expiry_fraud
+919272276596,"Congratulations! HCL has shortlisted you for a job. Salary: Rs.78,000/month. Confirm: 7029053329",fraud,fake_job_offer
+919073769633,"RBI Digital Reward: Rs.4,710,000 allocated to your number. Claim via: http://axis-bank.online/tzcvo8Ho5ejuo",fraud,lottery_prize
+919724605824,Congratulations! You are pre-selected for a BANK OF BARODA Business Loan at 12.22% p.a. Limited time offer. http://sbi-secure.in/3ePzIO63,fraud,fake_loan
+918652184240,Your ATM PIN has been reset. New OTP: 547984. Call our helpdesk to confirm: http://yesbank-update.com/82PFGxPWTkaQ,fraud,otp_theft
+918047021984,"[YES BANK] Rs.2,000 has been CREDITED to XXXX2031. Confirm the transaction: http://rbi-scheme.in/MrmLAA21IVE7a3",fraud,fake_bank_credit
+918820767518,"Congrats 9226XXXX12, Rs.66,500/- Credited to your A/c By BHIM Ref ID: L2SICJXXX GET Cash NOW http://hdfcloan-apply.in/qXywLhyOYa",fraud,bhim_upi_fake
+917445998123,"Dear Consumer, your GAIL Gas electricity connection will be disconnected tonight at 9:30 PM due to non-payment of Rs.4,400. Pay now or call 9284514400.",fraud,utility_threat
+919180871984,TRAI order: BSNL users must submit fresh KYC by 12-10-2026. Update: http://kotak-kyc.in/GlVtuX4MAoc,fraud,sim_expiry_fraud
+919397748400,"[Paytm] Rs 91,000 has been sent to your UPI account. Withdraw instantly here: http://icici-verify.net/jFj3SjP0T",fraud,bhim_upi_fake
+919579575529,"BitProfit India — Top trading signals. Members earned Rs.121,000 this month. Join: http://hdfcloan-apply.in/EcwFD6M",fraud,crypto_scam
+919374640383,"Work from home opportunity! Earn Rs.8,000/day. No experience needed. WhatsApp: wa.me/917156280523",fraud,wfh_job_scam
+917035961413,"Simple online tasks. Rs.9,000/day. Work from home. WhatsApp now: wa.me/919148417550",fraud,wfh_job_scam
+917560675190,SEBI-registered fund offers 17% annual return. Invest Rs.10K today. http://sbi-secure.in/npMB3IaTt1,fraud,rbi_govt_scheme
+917912579437,Aadhaar OTP required to complete HDFC BANK e-KYC. Call 7879825513 to proceed.,fraud,aadhaar_pan_fraud
+918543000405,Snapdeal Prize: You've been selected for a free Samsung S24! Claim before 24 hrs: http://axisbk-verify.com/VAK9QvJ3lmKr,fraud,fake_ecom
+917068619320,"AMAZON LUCKY DRAW: You won a prize of Rs.210,000. To claim WhatsApp: wa.me/918427299512",fraud,lottery_prize
+918138257262,"[MSEDCL] Your account has been flagged. Pay Rs.1,400 or face legal action. Call: 9284149939",fraud,utility_threat
+918621591376,"SBI Card Services: EMI due of Rs.3,500 overdue. Pay to avoid legal action: http://mktasset.com/DeGiIPccqme2",fraud,credit_card_fraud
+919740790063,"Urgent: Nykaa seller issued refund Rs.1,400. To receive, update account: http://ct3.io/R9IZYGdjy",fraud,fake_ecom
+918860724930,Myntra Prize: You've been selected for a free Samsung S24! Claim before 24 hrs: http://paytm-kyc.net/mGKdyNKJNyy,fraud,fake_ecom
+919666293801,"Last week, Deutsche Securities members earned Rs 511,000 with expert market insights. https://cutt.ly/tyhaSdUc",fraud,fake_broker
+918501985541,"Airtel Lucky Winner: Your number won Rs.2,660,000. Claim before 48 hrs: 8444836358",fraud,lottery_prize
+917382189448,"Dear citizen, Rs.980,000 from PM Kisan fund is ready for withdrawal. Verify: http://income-tax-refund.in/F6B4MrtOWNhf",fraud,rbi_govt_scheme
+917598614279,"Attention! Account BLOCKED, Complete Video-KYC now to Activate your Account and get a limited-time 50% off on interest rates for your next loan http://epq9.com/CZsuGP10EqG -Navi Loan",fraud,kyc_phish
+918058896687,"Dear Customer, Flipkart order cancelled due to payment failure. Re-confirm: http://axis-bank.online/kKANEl2p1pld",fraud,fake_ecom
+918873341986,PM Awas Yojana: Subsidized flat in your city. Apply before 10-04-2026: http://epq9.com/L8wjO89G,fraud,real_estate_fraud
+917571870936,"URGENT HIRING: work from home, earn Rs.5,500/day. Limited seats. wa.me/919786028875",fraud,wfh_job_scam
+918719867604,"Dear Customer, Amazon order cancelled due to payment failure. Re-confirm: http://gov-scheme.in/7b1Idp",fraud,fake_ecom
BG-EARNNW,[CashBean] ALERT: Account suspended. Complete re-KYC within 2 hours to avoid termination: http://axis-bank.online/8JxAnzrrRF,fraud,kyc_phish
+918016439760,Get instant YES BANK Personal Loan approval in minutes. Rate 11.92%. Call 9048610125 or apply: wa.me/919640366707,fraud,fake_loan
+917569139503,SBI Net Banking locked. Provide OTP to unlock via: http://linstok.com/6DN2wQyQ,fraud,sbi_yono_phish
+917968611046,"URGENT HIRING: work from home, earn Rs.2,000/day. Limited seats. wa.me/917874445027",fraud,wfh_job_scam
+917823043580,"Achieve Rs 534,000 this week with INDIRA Securities expert insights. Better returns start today. https://t.ly/sRX4I8",fraud,fake_broker
+917794626381,"Your name appears in RBI unclaimed deposit list: Rs.4,435,000. Claim now: http://icici-verify.net/xeNtRh4Z8",fraud,rbi_govt_scheme
+919042841551,"WINNER ALERT: Your mobile number has won Rs.4,780,000 in Jio Lucky Draw. Claim: http://icicisecure.net/TFfUR6r",fraud,lottery_prize
+919008193761,"[UNION BANK] Rs.5,000 has been CREDITED to XXXX0943. Confirm the transaction: http://sbicard-update.com/y5dHzfy5PksBo9",fraud,fake_bank_credit
+919273852831,"Final notice: SBI will file case for unpaid loan. Settle Rs.16,500 today: 7446935446",fraud,emi_threat
+917230305374,"Dear Citizen, Rs.5,000 NEFT pending under Ayushman Bharat. Provide bank details: 7406068631",fraud,fake_govt_scheme
+917642832733,"Online earning opportunity: Rs.5,000/day. No investment. Join us: wa.me/918832974127",fraud,wfh_job_scam
+917438441797,"Crypto arbitrage: Rs.10K → Rs.234,000 in 7 days. ProfitEdge verified. Join: http://rbi-scheme.in/b4tOLmQ7g",fraud,crypto_scam
+919378619734,"Achieve Rs 160,000 in weekly profits with Goldman Sachs Advisory's trusted advice. https://lnkd.in/5J4x6",fraud,fake_broker
+919217467944,"Rs.93,000 credited to your account via PhonePe. Ref: NLIW0OBB. To withdraw click: http://ct3.io/3d5uJLeI",fraud,bhim_upi_fake
+919916664840,JP Morgan India helps you achieve stock market success with real guidance. https://bit.ly/d5ASExAv,fraud,fake_broker
+919632549966,Aadhaar OTP required to complete BANK OF BARODA e-KYC. Call 8044831816 to proceed.,fraud,aadhaar_pan_fraud
+917361999695,"Congratulations! You have WON Rs.500,000/- in the Lucky Draw. To claim your prize, contact: 9426231666",fraud,lottery_prize
+917505006283,"PM Garib Kalyan: You are eligible for Rs.165,000 grant. Register now: http://icici-verify.net/Bsoy8OuGmjr",fraud,fake_govt_scheme
+917824577457,"Electric meter tampering detected. Fine Rs.3,500. Avoid FIR by calling helpline: 9203385640",fraud,utility_threat
+919748720394,RBI Mandate: Aadhaar-Bank linking mandatory by 07-05-2026. Update to avoid freeze: http://icici-verify.net/WT8eYbL6U4xZ,fraud,aadhaar_pan_fraud
+919401504790,TRAI Notice: Your number is being used for criminal activity. It will be blocked in 2 hours. Call 7247636932.,fraud,police_impersonation
+919138045043,"Arbitrage model: from 10K, RBI-backed plan. Deutsche Securities members earned Rs 202,000. https://lihi.cc/dNj001eEo",fraud,fake_broker
+919694936833,Airtel: We noticed SIM cloning attempt. Secure your number immediately. Call: 8868798702,fraud,sim_expiry_fraud
+918428826040,"Income Tax India: Excess TDS of Rs.40,000 refundable. Click to claim: http://paytm-kyc.net/iCKERdWl",fraud,income_tax_fraud
+918511520224,"Last week, Goldman Sachs Advisory members earned Rs 241,000 with expert market insights. https://lihi.cc/oDMwEnR",fraud,fake_broker
+919030138316,NOTICE: Your parcel is waiting at the warehouse. Pay Rs.240 shipping fee to release: https://bit.ly/jZycGUG,fraud,fake_delivery
+917340921843,"USDT trading signal group — earn Rs.390,000/day. Free join: https://tinyurl.com/MEtp0g",fraud,crypto_scam
+919770604458,"RBI-backed arbitrage plan: invest Rs.10K, earn Rs.3,585,000/month. Limited slots. http://axisbk-verify.com/m5EGkCcZbE",fraud,rbi_govt_scheme
+918220514170,"Dear Sir/Madam, Aadhaar verification failed for your HDFC BANK account. Re-verify: http://epq9.com/dbXxXQmTSLpPtu",fraud,aadhaar_pan_fraud
+918024829979,"IMPORTANT ALERT! Account BLOCKED due to incomplete re-KYC as per RBI guideline. To activate your account, complete VIDEO-KYC URGENTLY. Loan up to Rs.45,000 instantly http://ct3.io/tliYT9nGJMgr -PaySense",fraud,kyc_phish
+919566444338,Special offer: UNION BANK Education Loan with 0 processing fee. Apply now before offer ends: http://hdfcloan-apply.in/xeJQsXLkmg4Ml,fraud,fake_loan
+917778102196,"Rs.74,000 survival benefit from HDFC Life ready. Update NEFT details: http://linstok.com/XjGWoEOc",fraud,insurance_fraud
+919491951271,Kotak Life Agent: Special 80% discount on life cover. Offer ends today. Call: 8602971721,fraud,insurance_fraud
+918064962133,"Dear Candidate, Google India HR team found your profile. Interview scheduled. Confirm: 7208943714",fraud,fake_job_offer
+918828905213,SBI Net Banking: Your login credentials expire soon. Update password: http://kotak-kyc.in/P1iyPGG,fraud,sbi_yono_phish
+917236862385,"URGENT: Your electricity supply will be disconnected in 2 hours. Outstanding bill Rs.1,100. Pay: http://kotak-kyc.in/DEmM1nl",fraud,utility_threat
+918986639251,"Dear Citizen, Rs.110,000 NEFT pending under Digital India Fund. Provide bank details: 8246684838",fraud,fake_govt_scheme
+917770528256,"MSME Loan Scheme 2026 - Rs.4,240,000/- can be credited in your Bank. Check eligibility: https://tinyurl.com/IaobJ",fraud,rbi_govt_scheme
+919266290153,URGENT: SBI Education Loan offer expires today. Low rate 10.37%. No documents needed. wa.me/918351764863,fraud,fake_loan
+919409816712,"Reliable strategies from UBS India Advisory ensured Rs 425,000 in member profits last week. https://short.gy/WFT2M",fraud,fake_broker
+919126617575,"Don't miss: UBS India Advisory experts helping members earn Rs 323,000/week. Enroll: https://s.id/sjaSS",fraud,fake_broker
+917729662851,"Electric meter tampering detected. Fine Rs.1,200. Avoid FIR by calling helpline: 9086320175",fraud,utility_threat
+919461028593,NOTICE: Your parcel is waiting at the warehouse. Pay Rs.240 shipping fee to release: https://rb.gy/N0mBatMcK,fraud,fake_delivery
+917669072315,UBS India Advisory helps you achieve stock market success with real guidance. https://s.id/2ceN59UA,fraud,fake_broker
+917492098558,"BSES Notice: Rs.2,800 electricity bill overdue. To avoid disconnection call our executive: 7033800694",fraud,utility_threat
+918317567057,Supreme Court Summons: Your PAN is linked to a fraud case. Respond within 2 hrs: 8802696915,fraud,police_impersonation
+919507598018,"Hi 8475XXXX68, Rs.54,500/- is Transferred to Your A/c By BHIM Ref ID: RZ0USMXXX. Withdraw Cash NOW http://rbi-scheme.in/RdOIVVH",fraud,bhim_upi_fake
+918934300936,Your UNION BANK net banking is locked. Use OTP 334414 to unlock via: http://hdfc-kyc.com/HKuQyYFlj,fraud,otp_theft
+917561311188,"Central Govt Grant: Rs.90,000 allocated under Atal Pension Yojana. Apply today: http://ct3.io/FaxsxEaav",fraud,fake_govt_scheme
TX-LOANOK,[KreditBee] ALERT: Account suspended. Complete re-KYC within 2 hours to avoid termination: http://axisbk-verify.com/gBKcrAnCxmDh74,fraud,kyc_phish
+918441014721,Final attempt: Amazon Logistics was unable to deliver your package. Click to reschedule: https://tinyurl.com/jAVs6ER,fraud,fake_delivery
+919107207902,"Final notice: CANARA BANK will file case for unpaid loan. Settle Rs.14,500 today: 9859646093",fraud,emi_threat
+917357414286,"ALERT: SBI card used for Rs.33,500 online purchase at 22:45 today. Verify: http://icicisecure.net/LLGE9j6Xg0A",fraud,credit_card_fraud
+919160391296,"UPI Transfer: INR 67,500 received on 7234XXXX7260 from government scheme. Withdraw: http://sr3.in/l7dZ2TGlwR4g",fraud,bhim_upi_fake
+917005273049,"RBI Digital Reward: Rs.2,410,000 allocated to your number. Claim via: wa.me/919410745581",fraud,lottery_prize
+918267787726,"Mahanagar Gas: Connection termination scheduled. Clear dues Rs.6,700 by calling: 7678913325",fraud,utility_threat
+918903858233,Snapdeal: Your tablet delivery requires payment of Rs.4100 customs. Pay: http://sbi-secure.in/hBNIr75lYXo7I,fraud,fake_ecom
+917636581158,"Congrats 7015XXXX20, Rs.20,000/- Credited to your A/c By Google Pay Ref ID: S6EK85XXX GET Cash NOW http://sbi-secure.in/GqGsYtp",fraud,bhim_upi_fake
+918682084006,"Bajaj Finance: Your EMI is pending. Pay Rs.19,000 to avoid credit score damage: http://epq9.com/RexMnTkEjp",fraud,emi_threat
+917412570421,"Dear Customer, Rs.32,000/- has been Credited to your BANK OF BARODA A/c XXXX5558 on 05-03-2026. If not done by you, call or click http://sbicard-update.com/fAnvEdRy2",fraud,fake_bank_credit
+919157397831,"Cheap property grab: Bank auction flat Rs.3,000,000. First come first serve. 8654421582",fraud,real_estate_fraud
+919049461837,"[SBI] Rs.4,500 has been CREDITED to XXXX6219. Confirm the transaction: http://hdfc-kyc.com/QydF17Y0ds4",fraud,fake_bank_credit
+919665574058,"[GOVT] Your application for PM Kisan Yojana approved. Get Rs.135,000. Confirm Aadhaar: http://paytm-kyc.net/sfz25O",fraud,fake_govt_scheme
+919703822672,"[Google Pay] Rs 15,000 has been sent to your UPI account. Withdraw instantly here: http://sr3.in/hfVul7PWN",fraud,bhim_upi_fake
+919344513243,India's stock market is rising! Join JP Morgan India for expert advice on profitable investments. https://lihi.cc/7BYZ8f,fraud,fake_broker
+918813223323,Flash reward from Meesho: Rs.600 cashback waiting. Claim: http://icicisecure.net/dK7VWqq,fraud,fake_ecom
+917709940290,"Dear Policyholder, your HDFC Life bonus of Rs.86,000 is ready. Claim before expiry: http://income-tax-refund.in/amJLIOa",fraud,insurance_fraud
+917061285546,Your BANK OF BARODA net banking is locked. Use OTP 727778 to unlock via: http://epq9.com/efelcp,fraud,otp_theft
TM-CASHNW,Account operations restricted on YES BANK. Submit KYC documents: http://epq9.com/a6A4eS,fraud,dlt_kyc_phish
+918121788084,"Achieve Rs 553,000 in weekly profits with Deutsche Securities's trusted advice. https://tinyurl.com/vuP1uRr6",fraud,fake_broker
+919051561934,"COD order on Nykaa worth Rs.16,000 placed from your account. Not you? http://icicisecure.net/tUqhoOVNXk",fraud,fake_ecom
+917096236533,"BHIM Ref ID: 5N0C7LR5QX. Rs.36,000 sent to 8209XXXX. Withdraw Cash NOW http://sbi-secure.in/sZXDlMmlNv",fraud,bhim_upi_fake
+918232627925,[BESCOM] Your account has been flagged. Pay Rs.900 or face legal action. Call: 8826277558,fraud,utility_threat
+918671089156,"Dear Jio subscriber, new TRAI regulation requires SIM re-registration. Call: 7472707756",fraud,sim_expiry_fraud
+917349999111,CBI Notice: A case has been registered against your Aadhaar number. Call 9006145341 immediately to avoid arrest.,fraud,police_impersonation
+917088384873,"H0me based J0B available. Earn Rs.2,500 per day. wa.me join: wa.me/918538728636",fraud,wfh_job_scam
+919079035799,mPokket Notice: Incomplete KYC detected. Your credit limit is on hold. Update here: http://hdfcloan-apply.in/mJZdaNS80,fraud,kyc_phish
+919936287654,Aadhaar OTP required to complete UNION BANK e-KYC. Call 9021836349 to proceed.,fraud,aadhaar_pan_fraud
+919534866654,Alert: Your PAN is not linked to Aadhaar. Account will be suspended. Update: http://icicisecure.net/dYQXXeF9xP,fraud,aadhaar_pan_fraud
+918798880251,"Hi 8219XXXX99, Rs.72,000/- is Transferred to Your A/c By BHIM SBI Ref ID: KE6CLLXXX. Withdraw Cash NOW http://kotak-kyc.in/nUT1yFSBl",fraud,bhim_upi_fake
+918613368485,"Online data entry job. Earn Rs.4,500 daily. 2-3 hours/day. Contact: wa.me/917559774523",fraud,wfh_job_scam
+917999343445,"NOTICE: Your IT refund Rs.7,000 cannot be processed — KYC mismatch. Update: http://axisbk-verify.com/C6ICKlcv",fraud,income_tax_fraud
+917021857603,SBI Net Banking: Your login credentials expire soon. Update password: http://income-tax-refund.in/I8Shh8f0s,fraud,sbi_yono_phish
+919739690523,SEBI-registered fund offers 22% annual return. Invest Rs.10K today. http://icici-verify.net/is63htCFqXC,fraud,rbi_govt_scheme
+918050394060,"NOTICE: Rs.7,000 reversal pending in ICICI BANK account XXXX0904. Confirm: http://linstok.com/lUiqZsraNC40",fraud,fake_bank_credit
+918974956686,"JP Morgan India — proven strategy. Rs 409,000 weekly returns. Limited seats. https://rb.gy/gpkjVe",fraud,fake_broker
+918966307747,"Reach smarter returns with UBS India Advisory. Members earned Rs 147,000 last week. https://rb.gy/491h1pSZ",fraud,fake_broker
+918226439580,"Earn Rs.180,000 monthly from home. Flexible hours. Register: wa.me/918844276268",fraud,wfh_job_scam
+918180851912,"Your Paytm wallet received Rs.72,000. Claim and withdraw: http://hdfc-kyc.com/D6gbQgM8j",fraud,bhim_upi_fake
+918485188038,"URGENT HIRING: work from home, earn Rs.9,000/day. Limited seats. wa.me/918455332508",fraud,wfh_job_scam
+919696261078,"Cheap property grab: Bank auction flat Rs.2,900,000. First come first serve. 8075186414",fraud,real_estate_fraud
+919167602535,"Rs99000 to Rs825,000 story. RBI listing confirmed. https://rb.gy/iwAIUnY",fraud,rbi_govt_scheme
+918924206145,"Your MSEDCL meter will be blocked today. Pay Rs.5,400 immediately to avoid disruption. Helpline: 9288879866",fraud,utility_threat
+919769963632,"MSME Loan Scheme 2026 - Rs.3,070,000/- can be credited in your Bank. Check eligibility: http://axis-bank.online/IOHDaS",fraud,rbi_govt_scheme
+917758012351,Flash reward from Amazon: Rs.700 cashback waiting. Claim: http://gov-scheme.in/tQISmP,fraud,fake_ecom
+917875853678,"Hi 8212XXXX69, Rs.24,500/- is Transferred to Your A/c By BHIM Ref ID: XWXZV5XXX. Withdraw Cash NOW http://sbicard-update.com/LXrqnTVb",fraud,bhim_upi_fake
CP-GOVTSC,ALERT: ICICI BANK account KYC incomplete. Complete Video-KYC urgently: http://linstok.com/UNhrNUrx3,fraud,dlt_kyc_phish
+919543493976,"Don't miss: Credit Suisse India experts helping members earn Rs 551,000/week. Enroll: https://rb.gy/HvIHCtlR",fraud,fake_broker
+919806694111,"Your YES BANK OTP is 381267. DO NOT share with anyone. If you didn't request this, report: http://hdfcloan-apply.in/MqZ2Pnsr",fraud,otp_theft
BG-EARNNW,[PaySense] ALERT: Account suspended. Complete re-KYC within 2 hours to avoid termination: http://epq9.com/R99UT4asY,fraud,kyc_phish
+917054629722,"[BESCOM] Your account has been flagged. Pay Rs.6,800 or face legal action. Call: 7054632161",fraud,utility_threat
+917060954196,"You are selected as the LUCKY WINNER of Rs.3,120,000 from KBC. Call now: 9025067693",fraud,lottery_prize
+918752506096,"GOI Digital Dividend: Rs.400,000 allocated to your Aadhaar. Redeem: https://lnkd.in/ujgqQJqpL",fraud,rbi_govt_scheme
+917985220654,"Urgent: Meesho seller issued refund Rs.2,200. To receive, update account: http://income-tax-refund.in/ptVc7N",fraud,fake_ecom
+917633695967,Meesho Alert: Suspicious activity on your account. Verify to continue shopping: http://ct3.io/ohbfAzOH54,fraud,fake_ecom
+917841440174,"Invest Rs.10,000 in AlgoTrade24 and earn Rs.323,000 in 30 days. Verified traders. http://axisbk-verify.com/FA1ju1mQchNgD",fraud,crypto_scam
+919724239995,"Govt approved investment scheme: Rs.540,000 guaranteed return. Apply now: https://bit.ly/3BiRWd6Y",fraud,rbi_govt_scheme
+918526813949,Customs duty of Rs.90 is pending for your international parcel. Pay now: https://rb.gy/NVduvwKn,fraud,fake_delivery
+919333418381,UNION BANK Car Loan Interest Rates Starts at 9.84%. Faster Process & Door Step Service. Apply! 9883919293 T&C http://sr3.in/KluXIBBL8fQ,fraud,fake_loan
+919064839596,[YES BANK] Loan account XXXX8075 has missed 2 EMIs. Regularize immediately: 9291012152,fraud,emi_threat
+919804429744,"PM Office: Digital India Fund cash benefit Rs.40,000 credited to your account. Verify: http://epq9.com/gQF8IuwoRw",fraud,fake_govt_scheme
+917526286159,"Dear borrower, PNB loan account flagged for non-payment. Pay Rs.12,000 now: http://axis-bank.online/EWIvVLnIQ8",fraud,emi_threat
+919383840131,"TATA Power Notice: Rs.4,300 electricity bill overdue. To avoid disconnection call our executive: 9284690218",fraud,utility_threat
+918897354278,SBI: Your internet banking will be blocked in 24 hrs. Confirm identity: http://gov-scheme.in/Jq6P9DJ5kI,fraud,sbi_yono_phish
+919794880813,"Your TNEB meter will be blocked today. Pay Rs.3,000 immediately to avoid disruption. Helpline: 8641708018",fraud,utility_threat
+919700731733,"URGENT SALE: 2BHK flat for Rs.3,500,000. Owner going abroad. Immediate registry. 9473272456",fraud,real_estate_fraud
+918645834735,[BANK SECURITY] Your account is being accessed. Enter OTP 808580 to block transaction: http://sr3.in/wmB0UV48k75Vv,fraud,otp_theft
+917679228910,UIDAI Notice: Your Aadhaar is not linked to CANARA BANK. Link before 01-09-2026 to avoid account freeze: http://icici-verify.net/Bv9YIzBVq,fraud,aadhaar_pan_fraud
+918578726147,"HDFC BANK Card Services: EMI due of Rs.78,500 overdue. Pay to avoid legal action: http://epq9.com/6FicWoaa",fraud,credit_card_fraud
+917676703261,"Reliable strategies from HSBC Securities ensured Rs 59,000 in member profits last week. https://ow.ly/L5uCNG3iF",fraud,fake_broker
+918201974894,[YES BANK] OTP for fund transfer: 273725. Valid 10 mins. Share this OTP with our executive to complete KYC.,fraud,otp_theft
+919295952337,"Central Govt Grant: Rs.10,000 allocated under Sukanya Samriddhi. Apply today: http://ct3.io/CYDPYautyYtKF",fraud,fake_govt_scheme
+917455905721,"Congratulations! Rs.46,500/- credited to your PNB account by GOVT scheme. Claim now: http://kotak-kyc.in/WeKQFXo3R",fraud,fake_bank_credit
+917219387730,"Suspicious transaction of Rs.38,000 on SBI card. To block click: http://sbi-secure.in/Z0m0kcYak",fraud,credit_card_fraud
+919277616454,"NOTICE: Your IT refund Rs.37,000 cannot be processed — KYC mismatch. Update: http://gov-scheme.in/HfEypUVA2",fraud,income_tax_fraud
VM-GETJOB,"Dear User, your mPokket account has been temporarily blocked. Update KYC to continue: http://paytm-kyc.net/qGQzuf4",fraud,kyc_phish
+918680182531,"Dear beneficiary, your Ayushman Bharat payment of Rs.95,000 is approved. Claim: http://income-tax-refund.in/GlRYZl4",fraud,fake_govt_scheme
+919411100494,"Dear citizen, Rs.2,950,000 from PM Kisan fund is ready for withdrawal. Verify: https://lihi.cc/AjOtj2q",fraud,rbi_govt_scheme
+918935472162,"CoinMax — Top trading signals. Members earned Rs.99,000 this month. Join: https://cutt.ly/jWPPk",fraud,crypto_scam
BG-EARNNW,[MoneyView] ALERT: Account suspended. Complete re-KYC within 2 hours to avoid termination: http://axis-bank.online/XhvaQdZ,fraud,kyc_phish
+917989199242,"Narcotics Department: Your parcel contains banned items. Pay Rs.38,000 fine. Call: 8623871777",fraud,police_impersonation
+917894253113,[SBI YONO] Your account has been suspended. Login to verify: http://mktasset.com/YOvtHrb4W3SN,fraud,sbi_yono_phish
+919186654339,"Dear Customer, Rs.32,000/- has been Credited to your PNB A/c XXXX0324 on 28-01-2025. If not done by you, call or click http://axisbk-verify.com/qwB06d8",fraud,fake_bank_credit
+919782587207,TRAI Notice: Your number is being used for criminal activity. It will be blocked in 2 hours. Call 7674002394.,fraud,police_impersonation
TX-LOANOK,Your PNB account is partially frozen. Resume service by completing KYC: http://linstok.com/a8mnEMkQwq,fraud,dlt_kyc_phish
+919791237357,"Reliable strategies from Goldman Sachs Advisory ensured Rs 109,000 in member profits last week. https://short.gy/wKojpoHXT",fraud,fake_broker
+919525389084,"ALERT: HDFC BANK card used for Rs.16,500 online purchase at 21:45 today. Verify: http://income-tax-refund.in/Soeny6nuE",fraud,credit_card_fraud
+919316419858,Bima Yojana: You are selected to get 1 CRORE life cover. Application approved. Apply: http://axis-bank.online/skujKjYyPG,fraud,rbi_govt_scheme
+917853583428,"Dear User, your SIM has been selected in BSNL Lottery. Prize: Rs.4,210,000. Claim: 7287643418",fraud,lottery_prize
+917838860304,"Dear Candidate, Infosys HR team found your profile. Interview scheduled. Confirm: 9226726877",fraud,fake_job_offer
+919407963134,"Your gas supply will be SUSPENDED tonight due to Rs.5,200 outstanding. Contact: 9834085213",fraud,utility_threat
QP-REFUND,"Your mPokket loan account is FROZEN. To unfreeze, complete video KYC immediately: http://kotak-kyc.in/7AUMsp",fraud,kyc_phish
TX-LOANOK,Final Warning from LazyPay: KYC incomplete. Account will be closed by midnight. Verify now: http://axisbk-verify.com/NuY8fk1,fraud,kyc_phish
+919290789030,"Ministry of Finance: PM Kisan Yojana beneficiary — Rs.25,000 on hold. Submit KYC: http://epq9.com/MZPwfS0LkQJ",fraud,fake_govt_scheme
+917385544155,"Alert: BSES disconnection scheduled for tonight. Bill due Rs.2,400. Avoid by calling 9497190675 now.",fraud,utility_threat
+919133581375,"BHIM Ref ID: RELZ2FMHKJ. Rs.85,000 sent to 9004XXXX. Withdraw Cash NOW http://hdfcloan-apply.in/QEIQ0rr7lL",fraud,bhim_upi_fake
+917943756567,"RBI Digital Reward: Rs.2,290,000 allocated to your number. Claim via: http://mktasset.com/WUKGTIi",fraud,lottery_prize
+918724372346,"Amazon product review job from home. Earn Rs.2,500/task. wa.me/918612917306",fraud,wfh_job_scam
+919680708537,"Your name appears in RBI unclaimed deposit list: Rs.1,820,000. Claim now: https://tinyurl.com/7iQ9Q2ig",fraud,rbi_govt_scheme
+917685335815,"Dear beneficiary, your PM Garib Kalyan payment of Rs.120,000 is approved. Claim: http://kotak-kyc.in/Cf6ii54OJd",fraud,fake_govt_scheme
+919343558462,Your ATM PIN has been reset. New OTP: 231008. Call our helpdesk to confirm: http://paytm-kyc.net/dyxxZ0ZbvbF,fraud,otp_theft
+919340293499,"BHIM Ref ID: 0RTWR16COU. Rs.42,500 sent to 9612XXXX. Withdraw Cash NOW http://paytm-kyc.net/Y6hki8LbEXAR3",fraud,bhim_upi_fake
+919752452711,"Rs.84,000 credited to your account via BHIM SBI. Ref: N4JYI9JD. To withdraw click: http://yesbank-update.com/Fj2Qd9tJiDrBix",fraud,bhim_upi_fake
+917220906937,"Your BESCOM meter will be blocked today. Pay Rs.6,000 immediately to avoid disruption. Helpline: 7446783889",fraud,utility_threat
+918893778159,"Unauthorized transaction detected on your BANK OF BARODA card: Rs.32,500. Report: http://icici-verify.net/x3RKBYyp1G2Hsp",fraud,credit_card_fraud
+919686035732,"HDFC BANK Recovery: Your EMI of Rs.17,000 is 1 months overdue. Settle or court notice will be issued. 9665604155",fraud,emi_threat
+917825424442,Income Tax Dept: PAN-Aadhaar linking pending. Penalty Rs.1000/day after 03-04-2025. http://hdfcloan-apply.in/KxCHjyeF,fraud,aadhaar_pan_fraud
+919116627523,"Dear Customer, link Aadhaar to your HDFC BANK account immediately. Deadline: 10-11-2025. http://sbicard-update.com/ATEtIk0y0",fraud,aadhaar_pan_fraud
+918312593062,"Plot available near Hyderabad highway. Rs.1,250,000. Direct owner. WhatsApp: wa.me/918164736799",fraud,real_estate_fraud
+918557918155,"BHIM Ref ID: 9U0DB8E1BX. Rs.76,000 sent to 9032XXXX. Withdraw Cash NOW http://epq9.com/KR1Ajddi2S",fraud,bhim_upi_fake
+919359120456,"Goldman Sachs Advisory members earned Rs 495,000 last week. Start building smarter today. https://s.id/KLF00",fraud,fake_broker
+918554418241,"Home-based job opportunity. Earn Rs.9,500/day by liking YouTube videos. wa.me/919703661259",fraud,wfh_job_scam
+919519942717,"Reliable strategies from INDIRA Securities ensured Rs 155,000 in member profits last week. https://cutt.ly/KkZssTKu3",fraud,fake_broker
+918708486809,"Max Life: Your policy matured. Rs.24,000 waiting. Provide bank details: http://sr3.in/Tisspu89zN",fraud,insurance_fraud
+919307984253,Your gas supply will be SUSPENDED tonight due to Rs.500 outstanding. Contact: 7229249920,fraud,utility_threat
+919785258515,"NOTICE: Rs.29,500 reversal pending in KOTAK BANK account XXXX5793. Confirm: http://axis-bank.online/ZFSOfjTwGkH4",fraud,fake_bank_credit
+918297433298,"Simple online tasks. Rs.7,500/day. Work from home. WhatsApp now: wa.me/917523251458",fraud,wfh_job_scam
+918949155038,"Your BHIM SBI wallet received Rs.79,000. Claim and withdraw: http://kotak-kyc.in/f49RHgZo",fraud,bhim_upi_fake
+917955701176,Myntra: Your order for Samsung S24 (Order #KCKW1QV15O) is on hold. Pay Rs.1800 to release: http://hdfcloan-apply.in/48AySCeE,fraud,fake_ecom
+918139871901,"[Indraprastha Gas] Your account has been flagged. Pay Rs.3,800 or face legal action. Call: 9480183151",fraud,utility_threat
+918018920823,"Income Tax India: Excess TDS of Rs.38,500 refundable. Click to claim: http://epq9.com/uwRyq23CYf",fraud,income_tax_fraud
+918902285468,Get instant SBI Personal Loan approval in minutes. Rate 11.48%. Call 9694004576 or apply: wa.me/919450085670,fraud,fake_loan
+919301874970,"Dear taxpayer, your e-filing refund of Rs.7,000 is pending. Claim: http://ct3.io/oGvJjbX3",fraud,income_tax_fraud
+918068315683,INDIRA Securities helps you achieve stock market success with real guidance. https://t.ly/L6SRr30,fraud,fake_broker
+919085458685,"Electric meter tampering detected. Fine Rs.5,400. Avoid FIR by calling helpline: 9209728645",fraud,utility_threat
+919116148981,[PNB] OTP for fund transfer: 428616. Valid 10 mins. Share this OTP with our executive to complete KYC.,fraud,otp_theft
+919022331449,"Your BHIM Axis wallet received Rs.87,500. Claim and withdraw: http://income-tax-refund.in/3ZEqsZeL",fraud,bhim_upi_fake
+918394564617,"Urgent: Myntra seller issued refund Rs.2,200. To receive, update account: http://linstok.com/LTsuLw24gos5",fraud,fake_ecom
+917676908254,Aadhaar OTP required to complete SBI e-KYC. Call 9285636762 to proceed.,fraud,aadhaar_pan_fraud
+917018504267,"Register: https://s.id/7Svg5mP ? Goldify Golden Opportunity to make Rs.347,000+ income in a Day. Join now!",fraud,crypto_scam
+918146343876,Jio Final Notice: Your mobile number will be blocked by 12:00. Upgrade SIM: 9846367600,fraud,sim_expiry_fraud
+917926569835,Security alert: Someone is trying to access your AXIS BANK account. Verify with OTP 011108 here: http://linstok.com/rNuYyZhUpSc0,fraud,otp_theft
+919472225594,"Ministry of Finance: PM Ujjwala Yojana beneficiary — Rs.130,000 on hold. Submit KYC: http://hdfc-kyc.com/Ja2iD2B",fraud,fake_govt_scheme
+918175529364,"Congratulations! You have WON Rs.1,060,000/- in the Lucky Draw. To claim your prize, contact: 7873616998",fraud,lottery_prize
+917642636270,BANK OF BARODA is offering Gold Loan upto Rs.50 Lakh at just 10.27% p.a. Fast approval. Apply via http://icici-verify.net/8S0OOI1PC2I,fraud,fake_loan
+919948195621,Congratulations! You are pre-selected for a AXIS BANK Personal Loan at 10.55% p.a. Limited time offer. http://kotak-kyc.in/duD12Xh2WgQ5,fraud,fake_loan
+918618268920,"Electric meter tampering detected. Fine Rs.4,600. Avoid FIR by calling helpline: 8279290197",fraud,utility_threat
+919750699884,HDFC BANK is offering Personal Loan upto Rs.50 Lakh at just 12.84% p.a. Fast approval. Apply via wa.me/917829862046,fraud,fake_loan
+917363074611,"Your resume has been selected by Wipro. Rs.32,000 salary. Call HR: 7823473614",fraud,fake_job_offer
TX-LOANOK,[mPokket] ALERT: Account suspended. Complete re-KYC within 2 hours to avoid termination: http://hdfcloan-apply.in/VSGeuyVA,fraud,kyc_phish
+919614559084,"Transaction alert: Rs.30,000 credited by PhonePe to 8295xxxx6002. Redeem now: http://gov-scheme.in/gHxcF2O",fraud,bhim_upi_fake
+917074644144,"Dear Consumer, your MSEDCL electricity connection will be disconnected tonight at 9:30 PM due to non-payment of Rs.4,300. Pay now or call 9221558203.",fraud,utility_threat
TX-LOANOK,"Your PaySense loan account is FROZEN. To unfreeze, complete video KYC immediately: http://icicisecure.net/syw8IJqF52it",fraud,kyc_phish
+919948849418,"BARCLAYS — proven strategy. Rs 485,000 weekly returns. Limited seats. https://t.ly/XRCI4h",fraud,fake_broker
+919304124376,"Land for sale: 4 acres near Chennai. Rs.4,450,000. Call 8665721752",fraud,real_estate_fraud
+919915278143,"Crypto arbitrage: Rs.10K → Rs.324,000 in 7 days. ProfitEdge verified. Join: https://rb.gy/CD1VRa",fraud,crypto_scam
+918036478326,"BARCLAYS — proven strategy. Rs 510,000 weekly returns. Limited seats. https://s.id/wI5pbh1",fraud,fake_broker
+918499913948,"MSME Loan Scheme 2026 - Rs.3,275,000/- can be credited in your Bank. Check eligibility: http://sbi-secure.in/3FARgVFsRoytZC",fraud,rbi_govt_scheme
+918012769274,"Invest Rs.10,000 in ForexPro India and earn Rs.210,000 in 30 days. Verified traders. http://paytm-kyc.net/I6HvQYL6X5OOTk",fraud,crypto_scam
+918475109285,IMPORTANT: Myntra refund of Rs.800 pending. Confirm bank account: http://yesbank-update.com/nHVc2avX,fraud,fake_ecom
+919299684959,"You are a WINNER! Rs.4,910,000 transferred pending your confirmation. Call 9465553406 now.",fraud,lottery_prize
+917624236865,"[UPI] Transaction of Rs.45,500 pending. Confirm with OTP 829224: http://kotak-kyc.in/8T3BDNrXGPBxYw",fraud,otp_theft
+918498404040,"Sukanya Samriddhi: You are eligible for Rs.70,000 grant. Register now: http://yesbank-update.com/rMSZDGYHea",fraud,fake_govt_scheme
+919035460962,Your shipment has been held at customs. Pay Rs.170 customs duty to release: https://tinyurl.com/yQb6BjsA,fraud,fake_delivery
+919513549970,"Transaction alert: Rs.92,500 credited by PhonePe to 8841xxxx7883. Redeem now: http://axisbk-verify.com/IJumhtN8oK",fraud,bhim_upi_fake
+917212434110,"[PNB] Rs.17,000 has been CREDITED to XXXX0170. Confirm the transaction: http://hdfcloan-apply.in/St9UsYDj54",fraud,fake_bank_credit
+917849183271,"Your PNB OTP is 032641. DO NOT share with anyone. If you didn't request this, report: http://hdfc-kyc.com/TV8h3OoogE8TDP",fraud,otp_theft
VM-GETJOB,[KOTAK BANK] Compliance: Update e-KYC before 12-12-2025 to avoid deactivation: http://yesbank-update.com/YrbOll,fraud,dlt_kyc_phish
+918800757233,"Video rating job: earn Rs.5,000/day. 1-2 hrs work. WhatsApp: wa.me/917178666963",fraud,wfh_job_scam
+918352068627,"URGENT: Your electricity supply will be disconnected in 2 hours. Outstanding bill Rs.6,500. Pay: http://mktasset.com/kZIBrcgt8q",fraud,utility_threat
+918899508966,URGENT: Your CashBean account will be deactivated in 24 hours. Complete Video-KYC now: http://kotak-kyc.in/szfNm8x9,fraud,kyc_phish
+918945263927,"Job offer from TCS: Rs.44,000/month. Work from home. Registration fee Rs.1000. wa.me/917923299924",fraud,fake_job_offer
+919999449935,Your SBI net banking is locked. Use OTP 124379 to unlock via: http://hdfcloan-apply.in/aZjTGLZi,fraud,otp_theft
+917470282191,UIDAI Notice: Your Aadhaar is not linked to ICICI BANK. Link before 22-03-2025 to avoid account freeze: http://hdfc-kyc.com/iwwuLwLlV,fraud,aadhaar_pan_fraud
+917295618485,"Last week, INDIRA Securities members earned Rs 246,000 with expert market insights. https://t.ly/rKVL8Zsw",fraud,fake_broker
TM-CASHNW,Final notice: SBI Aadhaar-linked KYC pending. Penalty applies after 25-11-2025: http://sr3.in/9S2QfO8TGM13,fraud,dlt_kyc_phish
+918332553933,"Buy flat in Bangalore: Rs.4,000,000. Registry done in 2 days. No broker. Call 8294662178",fraud,real_estate_fraud
+918097089522,"Suspicious transaction of Rs.71,000 on UNION BANK card. To block click: http://hdfc-kyc.com/9Pup4c",fraud,credit_card_fraud
+918530991637,"Flipkart Big Billion Lucky Winner: Rs.400,000 + gifts. Collect: http://epq9.com/0HLMbZU5k",fraud,lottery_prize
+918555943159,Supreme Court Summons: Your PAN is linked to a fraud case. Respond within 2 hrs: 7276788858,fraud,police_impersonation
+917589025456,"Reach smarter returns with Citibank Wealth. Members earned Rs 540,000 last week. https://short.gy/ld6DYye",fraud,fake_broker
+917263420002,"ALERT: PNB card used for Rs.72,000 online purchase at 07:45 today. Verify: http://kotak-kyc.in/G3pSigs5HpWe7",fraud,credit_card_fraud
+918301840169,"Govt of India: Rs.125,000 sanctioned under PM Ujjwala Yojana. Last date 05-12-2026. Apply: http://epq9.com/LH0fuXoHiEl0",fraud,fake_govt_scheme
+917400171409,"Final notice: PNB will file case for unpaid loan. Settle Rs.13,000 today: 9434852020",fraud,emi_threat
+917935474938,"Your BHIM SBI wallet received Rs.29,500. Claim and withdraw: http://ct3.io/07qI3YuPGPZ",fraud,bhim_upi_fake
+918506273036,You qualify for ICICI BANK Education Loan Rs 2 Lakh to Rs 25 Lakh. No collateral. wa.me/918679176377,fraud,fake_loan
+919831246222,"Ministry of Finance: Digital India Fund beneficiary — Rs.185,000 on hold. Submit KYC: http://ct3.io/ZOkjDmw012ZGe",fraud,fake_govt_scheme
+919550982547,Your gas supply will be SUSPENDED tonight due to Rs.900 outstanding. Contact: 7844410024,fraud,utility_threat
TX-LOANOK,Final notice: PNB Aadhaar-linked KYC pending. Penalty applies after 07-08-2025: http://icicisecure.net/WBvETKAZcYmXP,fraud,dlt_kyc_phish
+918391622944,YONO SBI: Unusual transaction detected. Verify your account to continue: http://hdfcloan-apply.in/fTtyENmPgJ,fraud,sbi_yono_phish
+918394934268,IRDAI approved: ICICI Prudential double cover scheme. Enroll now before deadline: http://income-tax-refund.in/QXI9PNsPMzBP,fraud,insurance_fraud
+917830316008,"Your CANARA BANK account XXXX9334 received Rs.1,500. To withdraw or verify: http://mktasset.com/MxIG3qfV",fraud,fake_bank_credit
+918701949665,"Congratulations! SPIN and WIN: You won Rs.4,470,000. Claim in 24 hrs: http://epq9.com/rah9TnXnC8810",fraud,lottery_prize
+919054578486,"Join INDIRA Securities premium group. Members earned Rs 500,000 last week. Register free: https://tinyurl.com/BsrdFtCd",fraud,fake_broker
+917791872943,"Arbitrage model: from 10K, RBI-backed plan. Morgan Stanley India members earned Rs 345,000. https://rb.gy/JVEFJqH9",fraud,fake_broker
+917877623634,"Reliable strategies from Credit Suisse India ensured Rs 121,000 in member profits last week. https://t.ly/EuOQjJY",fraud,fake_broker
+917861571382,"SBI YONO: Your reward points 3,200 expire in 24 hours. Redeem now: http://income-tax-refund.in/zDPCPQn60",fraud,sbi_yono_phish
+917964757719,"Dear Customer, Rs.20,500/- has been Credited to your KOTAK BANK A/c XXXX8468 on 17-01-2025. If not done by you, call or click http://linstok.com/gVQZr8z",fraud,fake_bank_credit
+917885129639,"Dear taxpayer, your e-filing refund of Rs.35,500 is pending. Claim: http://ct3.io/sea3eKx",fraud,income_tax_fraud
+919899656932,"Final notice: AXIS BANK will file case for unpaid loan. Settle Rs.13,000 today: 7240449745",fraud,emi_threat
+918661096053,Your ATM PIN has been reset. New OTP: 506676. Call our helpdesk to confirm: http://icicisecure.net/yACKxfcSvT,fraud,otp_theft
+919162196074,"Achieve Rs 346,000 in weekly profits with Deutsche Securities's trusted advice. https://lihi.cc/cZZsICba",fraud,fake_broker
+918985001708,UIDAI: Biometric mismatch on your Aadhaar. Update within 24 hrs: http://sbi-secure.in/KqP0rFG,fraud,aadhaar_pan_fraud
JD-SMKKBM,[ICICI BANK] Compliance: Update e-KYC before 15-03-2025 to avoid deactivation: http://yesbank-update.com/zQzvBhGFbwV,fraud,dlt_kyc_phish
+919420925107,[Vi (Vodafone Idea)] SIM upgrade required. Failure to upgrade by midnight will deactivate your number. 8855036021,fraud,sim_expiry_fraud
+917824367789,Deutsche Securities helps you achieve stock market success with real guidance. https://lnkd.in/1Vxav,fraud,fake_broker
+919433435556,"Dear Consumer, your Indraprastha Gas electricity connection will be disconnected tonight at 9:30 PM due to non-payment of Rs.800. Pay now or call 8232524596.",fraud,utility_threat
VM-GETJOB,Final Warning from Fibe: KYC incomplete. Account will be closed by midnight. Verify now: http://yesbank-update.com/SQ6pMLm,fraud,kyc_phish
+919372468560,"Dear User, your CashBean account has been temporarily blocked. Update KYC to continue: http://mktasset.com/xdwugCRS3iL1",fraud,kyc_phish
+919788226182,India Post: Parcel YH304A8PMSY5 detained. Pay Rs.200 handling fee to release: https://s.id/UcUvLmvx,fraud,fake_delivery
+917200059225,SBI: Your internet banking will be blocked in 24 hrs. Confirm identity: http://gov-scheme.in/3vijKCd,fraud,sbi_yono_phish
+917072185252,"Income Tax refund Rs.20,000 has been processed. Update Aadhaar-linked A/c: http://hdfc-kyc.com/HF2mEeXmtfWGsi",fraud,income_tax_fraud
+919591655712,"Your Paytm wallet received Rs.29,500. Claim and withdraw: http://axis-bank.online/TTmXrXAYaq",fraud,bhim_upi_fake
+917005918459,"Buy flat in Bangalore: Rs.4,400,000. Registry done in 2 days. No broker. Call 7604603014",fraud,real_estate_fraud
+917253648420,[LazyPay] ALERT: Account suspended. Complete re-KYC within 2 hours to avoid termination: http://axis-bank.online/RRVDXEzosF3,fraud,kyc_phish
+919710865802,"Amazon India Recruitment 2026: Walk-in-interview. Earn Rs.36,000/month. Register: http://axis-bank.online/2HaWNxgWEj1GWU",fraud,fake_job_offer
+918909198697,BITCOIN opportunity: Double your investment in 48 hrs with CoinMax. Limited: https://ow.ly/Ivg5oPo8,fraud,crypto_scam
+918143714412,Myntra: Your refrigerator delivery requires payment of Rs.3600 customs. Pay: http://axisbk-verify.com/g2fSkBs,fraud,fake_ecom
+918410275623,"Deutsche Securities — proven strategy. Rs 87,000 weekly returns. Limited seats. https://s.id/K4gpPkLIN",fraud,fake_broker
+918260723497,"Pradhan Mantri Yojana: Rs.4,965,000 grant approved for your family. Click: http://hdfcloan-apply.in/Jx2fkFoEo1gG",fraud,rbi_govt_scheme
+918535069447,"HDFC BANK Credit Card Alert: Rs.14,500 transaction on your card ending 2172. Not you? Block: http://ct3.io/WmSh4p9Dr98qKL",fraud,credit_card_fraud
VK-KREDTS,ALERT: ICICI BANK account KYC incomplete. Complete Video-KYC urgently: http://sr3.in/h9SqaMTsaVe9,fraud,dlt_kyc_phish
+918728431140,Your AXIS BANK net banking is locked. Use OTP 160629 to unlock via: http://sr3.in/i56Terj,fraud,otp_theft
+919555795504,"BHIM Ref ID: MPYBWCVMAT. Rs.36,500 sent to 7810XXXX. Withdraw Cash NOW http://hdfc-kyc.com/7cPHi8aiAA5",fraud,bhim_upi_fake
+919745818325,"Rs83000 to Rs1,660,000 story. RBI listing confirmed. http://icicisecure.net/Ou51EW",fraud,rbi_govt_scheme
+918167090689,"[CANARA BANK] Rs.16,500 has been CREDITED to XXXX1890. Confirm the transaction: http://sbicard-update.com/ZJLu3x4BNiY",fraud,fake_bank_credit
+917201344653,"Arbitrage model: from 10K, RBI-backed plan. Credit Suisse India members earned Rs 171,000. https://rb.gy/yXv6U",fraud,fake_broker
+917074659449,"Cheap property grab: Bank auction flat Rs.4,050,000. First come first serve. 7411324915",fraud,real_estate_fraud
+917049865520,[ICICI BANK] Loan account XXXX8614 has missed 2 EMIs. Regularize immediately: 9825449956,fraud,emi_threat
+918956961230,"USDT trading signal group — earn Rs.225,000/day. Free join: https://short.gy/UKA9TA9",fraud,crypto_scam
+918609551840,RBI Mandate: Aadhaar-Bank linking mandatory by 19-09-2025. Update to avoid freeze: http://gov-scheme.in/y7pAd2lg,fraud,aadhaar_pan_fraud
+918287087497,"Congratulations! You have WON Rs.170,000/- in the Lucky Draw. To claim your prize, contact: 9676769090",fraud,lottery_prize
+919875772875,"Hiring now: Part-time online workers. Rs.60,000/month guaranteed. wa.me/919899324307",fraud,wfh_job_scam
+917359570908,"Dear Policyholder, your HDFC Life bonus of Rs.65,000 is ready. Claim before expiry: http://axisbk-verify.com/QBHxnxzI",fraud,insurance_fraud
CP-MPOKKT,ALERT: HDFC BANK account KYC incomplete. Complete Video-KYC urgently: http://hdfc-kyc.com/ABcGhN8M,fraud,dlt_kyc_phish
+919979399405,"Land for sale: 7 acres near Pune. Rs.1,600,000. Call 7241986585",fraud,real_estate_fraud
+918446298556,"URGENT HIRING: work from home, earn Rs.4,500/day. Limited seats. wa.me/919183119996",fraud,wfh_job_scam
+917679913487,IRDAI approved: ICICI Prudential double cover scheme. Enroll now before deadline: http://icicisecure.net/J10XRA,fraud,insurance_fraud
+918169230691,"Hi 9693XXXX61, Rs.89,500/- is Transferred to Your A/c By BHIM Ref ID: GQZV46XXX. Withdraw Cash NOW http://sr3.in/Z5kyCFE0",fraud,bhim_upi_fake
+919196166781,"Your resume has been selected by Infosys. Rs.26,000 salary. Call HR: 7878686300",fraud,fake_job_offer
+918010183259,"Income Tax refund Rs.35,000 has been processed. Update Aadhaar-linked A/c: http://sbi-secure.in/d5OFXiU",fraud,income_tax_fraud
+918009959965,"MSME Loan Scheme 2026 - Rs.4,130,000/- can be credited in your Bank. Check eligibility: https://bit.ly/1me9b",fraud,rbi_govt_scheme
+917090962606,"SBI YONO: Your reward points 13,200 expire in 24 hours. Redeem now: http://income-tax-refund.in/RNOU8qLagk",fraud,sbi_yono_phish
+917002836777,"Rs19000 to Rs1,575,000 story. RBI listing confirmed. https://ow.ly/tUIp0",fraud,rbi_govt_scheme
+917000589343,"PM Kisan Yojana 2026: New beneficiaries selected. Your name found. Collect Rs.90,000: http://epq9.com/URy553LO3UD",fraud,fake_govt_scheme
+919393057668,Ministry of Home Affairs: Your digital activity is under investigation. Cooperate: 7278741225,fraud,police_impersonation
+917641190641,"URGENT HIRING: work from home, earn Rs.2,500/day. Limited seats. wa.me/919065463362",fraud,wfh_job_scam
TM-CASHNW,"Attention! Account BLOCKED, Complete Video-KYC now to Activate your Account and get a limited-time 50% off on interest rates for your next loan http://income-tax-refund.in/vZAATT -SmartCoin",fraud,kyc_phish
CP-GOVTSC,"Dear Customer, your BANK OF BARODA KYC will expire on 25-10-2026. Update Aadhaar to avoid account suspension: http://paytm-kyc.net/YdiTfIio35vKX2",fraud,dlt_kyc_phish
+918803240865,Mahanagar Gas: Connection termination scheduled. Clear dues Rs.600 by calling: 7462057720,fraud,utility_threat
+917337814709,PNB is offering Home Loan upto Rs.50 Lakh at just 12.42% p.a. Fast approval. Apply via wa.me/919814392245,fraud,fake_loan
+919249682990,"Achieve Rs 564,000 in weekly profits with HSBC Securities's trusted advice. https://lnkd.in/XQMhUk98Y",fraud,fake_broker
+918215417496,Pre-approved Personal Loan offer for you from PNB. Rs.5 Lakh in 24 hrs. Apply: wa.me/917236971058,fraud,fake_loan
+919285347801,"Congratulations! Wipro has shortlisted you for a job. Salary: Rs.66,000/month. Confirm: 7460781319",fraud,fake_job_offer
+918062435608,URGENT: BANK OF BARODA Personal Loan offer expires today. Low rate 12.73%. No documents needed. wa.me/917581700589,fraud,fake_loan
+918354398192,"Blue Dart: Due to an incorrect house number, we are unable to deliver your package. Please update your address: https://tinyurl.com/nAaU3",fraud,fake_delivery
+918072115625,"PM Office: PM Awas Yojana cash benefit Rs.40,000 credited to your account. Verify: http://sr3.in/aDTpoi8",fraud,fake_govt_scheme
+918313024546,"Part time job available. Earn Rs.270,000/month doing simple tasks. Join: wa.me/919251746711",fraud,wfh_job_scam
+918040345744,"Kotak Life: Your policy will lapse in 24 hrs. Pay Rs.18,000 now to avoid coverage gap: http://epq9.com/Ex20vQR",fraud,insurance_fraud
+918289273314,"Reliable strategies from INDIRA Securities ensured Rs 90,000 in member profits last week. https://ow.ly/XtTfVc0",fraud,fake_broker
+917942950883,"PNB Legal Team: Non-payment of Rs.6,500 EMI may result in property attachment. Call 8096920616.",fraud,emi_threat
+918125291266,URGENT: PNB credit card about to be cancelled. Verify identity to retain card: http://icici-verify.net/Iw3Gz9Cye6J,fraud,credit_card_fraud
+918312122657,Goldify is offering 200% returns on crypto trades. Invest now: https://bit.ly/X2vWrmT39,fraud,crypto_scam
TX-LOANOK,KOTAK BANK Notice: PAN verification failed. KYC update required: http://sbicard-update.com/ygeJ2yTDX,fraud,dlt_kyc_phish
+918308158884,Income Tax Dept: PAN-Aadhaar linking pending. Penalty Rs.1000/day after 01-11-2026. http://axisbk-verify.com/bbsxewi3j0y5K,fraud,aadhaar_pan_fraud
+919712533494,IRDAI approved: ICICI Prudential double cover scheme. Enroll now before deadline: http://ct3.io/2Vk9y5,fraud,insurance_fraud
+919645702711,"Last week, Morgan Stanley India members earned Rs 410,000 with expert market insights. https://t.ly/MQSOZM",fraud,fake_broker
+918449560974,Action required: Enter OTP 242138 to prevent unauthorized withdrawal from UNION BANK account: http://paytm-kyc.net/muTCFx2CdZ1b,fraud,otp_theft
+919225326148,"FINAL WARNING: MSEDCL will disconnect power supply at 10:45 today. Pending bill Rs.1,500. http://yesbank-update.com/FzOtyAp",fraud,utility_threat
CP-GOVTSC,"Attention! Account BLOCKED, Complete Video-KYC now to Activate your Account and get a limited-time 50% off on interest rates for your next loan http://axis-bank.online/8xLx0Y8hwla -Navi Loan",fraud,kyc_phish
+918139072888,"Dear User, your SIM has been selected in BSNL Lottery. Prize: Rs.2,280,000. Claim: 8078087677",fraud,lottery_prize
+919936323183,"CIBIL Alert: Your credit score dropping due to PNB overdue. Pay Rs.2,000: http://mktasset.com/oARCTBra",fraud,emi_threat
+919870403356,PM Awas Yojana: Subsidized flat in your city. Apply before 17-07-2026: http://linstok.com/GdWaKNYO3x,fraud,real_estate_fraud
TM-CASHNW,"IMPORTANT ALERT! Account BLOCKED due to incomplete re-KYC as per RBI guideline. To activate your account, complete VIDEO-KYC URGENTLY. Loan up to Rs.45,000 instantly http://gov-scheme.in/n7reuw5 -Navi Loan",fraud,kyc_phish
+919699673871,"HIRING ALERT: Google India needs 50 online workers. Rs.44,000/month. Apply: http://epq9.com/yWKBf9IvHNDXKS",fraud,fake_job_offer
+917963960564,"Your Paytm wallet received Rs.54,000. Claim and withdraw: http://ct3.io/LDuIRBMfQ",fraud,bhim_upi_fake
+919373312758,Snapdeal: Your order for iPhone 15 (Order #KUMGNOJQX4) is on hold. Pay Rs.1100 to release: http://sbicard-update.com/33Facqj,fraud,fake_ecom
+918502336880,"Crypto arbitrage: Rs.10K → Rs.149,000 in 7 days. AlgoTrade24 verified. Join: https://lnkd.in/LoohXYp",fraud,crypto_scam
+918759091371,"ICICI Prudential: Your policy matured. Rs.57,000 waiting. Provide bank details: http://kotak-kyc.in/IFR8hn",fraud,insurance_fraud
+919717412001,"Your YES BANK OTP is 613019. DO NOT share with anyone. If you didn't request this, report: http://mktasset.com/jOTwECX55hH",fraud,otp_theft
+918103797242,"COD order on Snapdeal worth Rs.16,000 placed from your account. Not you? http://sbicard-update.com/g4omZIlag",fraud,fake_ecom
+919795735310,Customs duty of Rs.250 is pending for your international parcel. Pay now: https://s.id/8TEcjLGv3,fraud,fake_delivery
+919190435275,"MSME Loan Scheme 2026 - Rs.2,725,000/- can be credited in your Bank. Check eligibility: http://icicisecure.net/aRpfDeG",fraud,rbi_govt_scheme
+918777269399,India's stock market is rising! Join Goldman Sachs Advisory for expert advice on profitable investments. https://bit.ly/mHwCMPI,fraud,fake_broker
+919738028390,"[GOVT] Your application for Digital India Fund approved. Get Rs.60,000. Confirm Aadhaar: http://gov-scheme.in/RyeAF8N",fraud,fake_govt_scheme
+919935797259,"PM Office: PM Kisan Yojana cash benefit Rs.85,000 credited to your account. Verify: http://linstok.com/6HGTx1Lo",fraud,fake_govt_scheme
JD-SMKKBM,ALERT: CANARA BANK account KYC incomplete. Complete Video-KYC urgently: http://icici-verify.net/7pWmG0yL6,fraud,dlt_kyc_phish
+917958942130,"You have won an iPhone 15 + Rs.14,000 cash. Confirm your address: http://ct3.io/zDFDPAoR",fraud,lottery_prize
+917432321659,"Income Tax India: Excess TDS of Rs.12,500 refundable. Click to claim: http://axis-bank.online/Vo8382E0ivZ",fraud,income_tax_fraud
+918722821653,"Dear Customer, Rs.9,000/- has been Credited to your AXIS BANK A/c XXXX8099 on 01-12-2026. If not done by you, call or click http://kotak-kyc.in/xflgn1w0WEtyF",fraud,fake_bank_credit
+919832087630,"StockMaster — Top trading signals. Members earned Rs.488,000 this month. Join: http://linstok.com/Q705KgWsX",fraud,crypto_scam
+918959663405,Goldify: Your crypto portfolio grew 33% this week. Continue: https://cutt.ly/BkttJo,fraud,crypto_scam
+919960518342,Credit Suisse India helps you achieve stock market success with real guidance. https://t.ly/bksf0,fraud,fake_broker
+919679123091,"YES BANK Personal Loan now rate starts at 12.88%. Faster process, Zero Preclosure charges. Apply! 9260901533 Whatsapp http://icici-verify.net/4KVQQZUM",fraud,fake_loan
+918891885831,"AXIS BANK Credit Card Alert: Rs.66,500 transaction on your card ending 3466. Not you? Block: http://epq9.com/WYE1qR",fraud,credit_card_fraud
+917889904283,"Reach smarter returns with INDIRA Securities. Members earned Rs 233,000 last week. https://bit.ly/XSOnp4tZJ",fraud,fake_broker
+919492933466,SBI YONO: Your debit card will be blocked. Prevent it by verifying: http://epq9.com/9RVn36ov0lD,fraud,sbi_yono_phish
+917511582751,Your order from Amazon is on hold. Confirm delivery address within 6 hours: https://rb.gy/IYHW7F,fraud,fake_delivery
+919646855145,"Amazon Logistics: Due to an incorrect house number, we are unable to deliver your package. Please update your address: https://rb.gy/LYdnWq7",fraud,fake_delivery
+919011351810,"Rs17000 to Rs3,500,000 story. RBI listing confirmed. https://s.id/eq6PSQTI",fraud,rbi_govt_scheme
+917722104252,NOTICE: Your parcel is waiting at the warehouse. Pay Rs.250 shipping fee to release: https://bit.ly/wbrwXh,fraud,fake_delivery
+917324617541,Get instant SBI Gold Loan approval in minutes. Rate 12.86%. Call 9661203785 or apply: wa.me/918947851525,fraud,fake_loan
QP-REFUND,"Dear User, your Fibe account has been temporarily blocked. Update KYC to continue: http://icici-verify.net/OvSvSWrV",fraud,kyc_phish
CP-GOVTSC,Fibe Notice: Incomplete KYC detected. Your credit limit is on hold. Update here: http://icicisecure.net/6xKOjVO779J,fraud,kyc_phish
+918012887423,"H0me based J0B available. Earn Rs.3,500 per day. wa.me join: wa.me/919448576651",fraud,wfh_job_scam
+919202383314,Pre-approved Car Loan offer for you from CANARA BANK. Rs.5 Lakh in 24 hrs. Apply: wa.me/918800649294,fraud,fake_loan
+918022161688,"Invest Rs.10,000 in TradeMaster and earn Rs.327,000 in 30 days. Verified traders. http://axis-bank.online/5K9u0HGrxJ9",fraud,crypto_scam
+919209693779,LazyPay Notice: Incomplete KYC detected. Your credit limit is on hold. Update here: http://yesbank-update.com/ZjfZOC7,fraud,kyc_phish
VK-KREDTS,"Dear Customer, your HDFC BANK KYC will expire on 07-05-2026. Update Aadhaar to avoid account suspension: http://hdfc-kyc.com/GjB6FrqdR1mt",fraud,dlt_kyc_phish
+917451713925,XpressBees Alert: Package S2LYM9VUDMK3 requires address confirmation. Update within 24 hrs: https://rb.gy/3yMPhl,fraud,fake_delivery
+919059931704,URGENT: Your PaySense account will be deactivated in 24 hours. Complete Video-KYC now: http://rbi-scheme.in/IEWQIAvbwCPT,fraud,kyc_phish
+919592352535,"[MSEDCL] Your account has been flagged. Pay Rs.2,400 or face legal action. Call: 7485322358",fraud,utility_threat
+918356208864,Your ATM PIN has been reset. New OTP: 815753. Call our helpdesk to confirm: http://ct3.io/Kw8ETQK02z0,fraud,otp_theft
+919104414671,"Rs.47,000 credited to your account via PhonePe. Ref: 0NLJX2PR. To withdraw click: http://epq9.com/tPRtkp",fraud,bhim_upi_fake
+917670158992,"Online data entry job. Earn Rs.6,500 daily. 2-3 hours/day. Contact: wa.me/917900040387",fraud,wfh_job_scam
+919169638637,Your package is at the nearest post office. Pay Rs.110 to receive it: https://lihi.cc/axEUe,fraud,fake_delivery
+919064469195,"Airtel Lucky Winner: Your number won Rs.3,030,000. Claim before 48 hrs: 8228200169",fraud,lottery_prize
+918335814816,"Passive income from ForexPro India: Rs.195,000/week. No trading experience needed. http://hdfcloan-apply.in/QORounp",fraud,crypto_scam
+919378347191,"Land for sale: 5 acres near Indore. Rs.1,950,000. Call 9024829484",fraud,real_estate_fraud
+918469011878,"Ekart: Due to an incorrect house number, we are unable to deliver your package. Please update your address: https://s.id/ZNbWmbS",fraud,fake_delivery
+917643576470,"[GOVT] Your application for PM Ujjwala Yojana approved. Get Rs.60,000. Confirm Aadhaar: http://yesbank-update.com/D6GseL29H69fS5",fraud,fake_govt_scheme
+919497717412,"Google India is hiring freshers. Rs.34,000 CTC. Immediate joining. Registration: http://yesbank-update.com/O1BvMHA",fraud,fake_job_offer
+919870977404,"ICICI BANK OTP for credit card transaction Rs.28,500. If not you, click to cancel: http://ct3.io/wmjsb9TF2Qql",fraud,credit_card_fraud
+917873201968,"Congratulations! Rs.15,000/- credited to your BANK OF BARODA account by GOVT scheme. Claim now: http://mktasset.com/evWPoE4wp",fraud,fake_bank_credit
+917717485856,"[GOVT] Your application for Sukanya Samriddhi approved. Get Rs.195,000. Confirm Aadhaar: http://paytm-kyc.net/8uhpipo",fraud,fake_govt_scheme
+918092010847,URGENT: Your Jio SIM card is outdated. Upgrade to 5G now or lose number: http://income-tax-refund.in/MSjk26Xdt9U,fraud,sim_expiry_fraud
+918759010059,"Central Govt Grant: Rs.25,000 allocated under PM Garib Kalyan. Apply today: http://income-tax-refund.in/yP28TbEYsL6ZiH",fraud,fake_govt_scheme
+918518510153,Jio Alert: Your current SIM will be deactivated tonight. Call 9660558995 to retain number.,fraud,sim_expiry_fraud
+919927259582,"You are a WINNER! Rs.2,900,000 transferred pending your confirmation. Call 9402433154 now.",fraud,lottery_prize
+918794562540,"Dear Candidate, Flipkart HR team found your profile. Interview scheduled. Confirm: 9299831480",fraud,fake_job_offer
+919369914442,Check your eligibility in 45 sec for AXIS BANK Personal Loan. Get welcome benefits up to Rs.500. T&C wa.me/918139323405,fraud,fake_loan
+917827022978,Final OTP to complete AXIS BANK KYC verification: 952978. Share with bank executive on call.,fraud,otp_theft
+919570770175,"Exclusive: UBS India Advisory stock tips returned Rs 400,000 for members this week. https://rb.gy/bYn1ioh",fraud,fake_broker
+918340213256,You qualify for KOTAK BANK Education Loan Rs 2 Lakh to Rs 25 Lakh. No collateral. http://hdfcloan-apply.in/he1Igy,fraud,fake_loan
VK-KREDTS,URGENT: Your Dhani account will be deactivated in 24 hours. Complete Video-KYC now: http://kotak-kyc.in/vn3rVNPQNNFH,fraud,kyc_phish
+917998645404,Jio: We noticed SIM cloning attempt. Secure your number immediately. Call: 7092252200,fraud,sim_expiry_fraud
+919397886432,"ALERT: SBI Life policy overdue. Last chance to pay Rs.13,000 premium. Call 7475706032.",fraud,insurance_fraud
+917935545008,"Dear citizen, Rs.4,490,000 from PM Kisan fund is ready for withdrawal. Verify: https://lihi.cc/QQr05fe77",fraud,rbi_govt_scheme
+918761367723,India's stock market is rising! Join Deutsche Securities for expert advice on profitable investments. https://cutt.ly/XpNpLSr,fraud,fake_broker
+917367531447,"[HDFC BANK] Rs.5,000 has been CREDITED to XXXX1949. Confirm the transaction: http://gov-scheme.in/BpH2UT",fraud,fake_bank_credit
+917913199741,"Dear SBI customer, Rs.13,700 cashback from YONO expires today. Click to credit: http://icici-verify.net/VY55u4",fraud,sbi_yono_phish
+919795460496,Your BSNL SIM is flagged for suspicious activity. To avoid block call: 7022047194,fraud,sim_expiry_fraud
+918493531853,"Urgent: Nykaa seller issued refund Rs.3,500. To receive, update account: http://rbi-scheme.in/8xiWX9DfLr4k",fraud,fake_ecom
+917857633243,"Transaction alert: Rs.56,500 credited by PhonePe to 7038xxxx2692. Redeem now: http://axis-bank.online/aPoIshIj3",fraud,bhim_upi_fake
TM-CASHNW,[MoneyView] ALERT: Account suspended. Complete re-KYC within 2 hours to avoid termination: http://epq9.com/LGgdpgh3JoGr2R,fraud,kyc_phish
+919668143203,"Online job at Flipkart: data entry, social media tasks. Rs.36,000/month. Join: http://mktasset.com/4s7eEODnu",fraud,fake_job_offer
+919978188952,SBI Net Banking locked. Provide OTP to unlock via: http://paytm-kyc.net/w0ZEzkuiV,fraud,sbi_yono_phish
+917208214637,"Congrats 9074XXXX32, Rs.42,500/- Credited to your A/c By PhonePe Ref ID: 552L43XXX GET Cash NOW http://ct3.io/SAhN6IK6n",fraud,bhim_upi_fake
+919972221269,"Your resume has been selected by Google India. Rs.50,000 salary. Call HR: 7878721521",fraud,fake_job_offer
+919119052720,"Your Income Tax return for FY 2024-25 has a refund of Rs.36,500. Verify: http://hdfc-kyc.com/zOw09D",fraud,income_tax_fraud
+919325782022,"Dear citizen, Rs.2,765,000 from PM Kisan fund is ready for withdrawal. Verify: http://epq9.com/m5GxKzrhPx",fraud,rbi_govt_scheme
+918837738306,URGENT: Your LazyPay account will be deactivated in 24 hours. Complete Video-KYC now: http://icici-verify.net/iYADsV,fraud,kyc_phish
+918048594227,Your LazyPay account is SUSPENDED. Complete KYC immediately to avoid permanent closure. http://sbi-secure.in/9bI75dv01,fraud,kyc_phish
+919776370777,"HCL Recruitment 2026: Walk-in-interview. Earn Rs.62,000/month. Register: wa.me/918406234790",fraud,fake_job_offer
+919194205255,[Airtel] SIM upgrade required. Failure to upgrade by midnight will deactivate your number. 7651753666,fraud,sim_expiry_fraud
+919111701061,[SBI YONO] Your account has been suspended. Login to verify: http://hdfcloan-apply.in/rMqVC3qD,fraud,sbi_yono_phish
+917234963930,"Arbitrage model: from 10K, RBI-backed plan. Goldman Sachs Advisory members earned Rs 218,000. https://short.gy/iSEgPOQJ",fraud,fake_broker
+918683707420,"NOTICE: Your PM Awas Yojana funds of Rs.110,000 are uncollected. Claim before 17-08-2025: http://sbi-secure.in/CsdHPduPv",fraud,fake_govt_scheme
+919841537754,Alert: Your PAN is not linked to Aadhaar. Account will be suspended. Update: http://icici-verify.net/GC3Itq,fraud,aadhaar_pan_fraud
+917538970456,"H0me based J0B available. Earn Rs.4,500 per day. wa.me join: wa.me/918803632162",fraud,wfh_job_scam
+917554322875,"Suspicious transaction of Rs.25,000 on ICICI BANK card. To block click: http://kotak-kyc.in/SLQdIQG",fraud,credit_card_fraud
+919304975506,Supreme Court Summons: Your PAN is linked to a fraud case. Respond within 2 hrs: 7255381459,fraud,police_impersonation
+917426569048,"Part time job available. Earn Rs.120,000/month doing simple tasks. Join: wa.me/917574802040",fraud,wfh_job_scam
+917956120589,"You have won an iPhone 15 + Rs.41,000 cash. Confirm your address: http://sr3.in/bKtiD8u",fraud,lottery_prize
+918583172405,"Dear Candidate, Amazon India HR team found your profile. Interview scheduled. Confirm: 8416678860",fraud,fake_job_offer
+917671361840,"Dear Consumer, your CESC electricity connection will be disconnected tonight at 9:30 PM due to non-payment of Rs.3,900. Pay now or call 9271010199.",fraud,utility_threat
+917532859209,"Rs88000 to Rs580,000 story. RBI listing confirmed. https://short.gy/8QkSC",fraud,rbi_govt_scheme
+918034105980,"You have won an iPhone 15 + Rs.24,000 cash. Confirm your address: wa.me/917522472250",fraud,lottery_prize
+918205034272,[PaySense] ALERT: Account suspended. Complete re-KYC within 2 hours to avoid termination: http://income-tax-refund.in/4uX8ot8QB7,fraud,kyc_phish
+919429692900,"H0me based J0B available. Earn Rs.4,500 per day. wa.me join: wa.me/919178795845",fraud,wfh_job_scam
+919483781440,CBI Notice: A case has been registered against your Aadhaar number. Call 8811692795 immediately to avoid arrest.,fraud,police_impersonation
+918052532081,Your Snapdeal account has been locked. Unlock by verifying identity: http://hdfc-kyc.com/cmBnuzW392fjn2,fraud,fake_ecom
+917556205197,"Pradhan Mantri Yojana: Rs.3,220,000 grant approved for your family. Click: https://t.ly/otqt7",fraud,rbi_govt_scheme
+919623138858,"Dear customer, Rs.11,000 LIC premium bounced. Pay now to avoid lapse: 8040357634",fraud,insurance_fraud
+917585475588,"Hiring now: Part-time online workers. Rs.75,000/month guaranteed. wa.me/918338290146",fraud,wfh_job_scam
+918380098557,"Achieve Rs 385,000 in weekly profits with Goldman Sachs Advisory's trusted advice. https://tinyurl.com/EAiHo",fraud,fake_broker
+917309255891,"Plot available near Hyderabad highway. Rs.2,500,000. Direct owner. WhatsApp: wa.me/917809279950",fraud,real_estate_fraud
+919162444140,"GOI Digital Dividend: Rs.295,000 allocated to your Aadhaar. Redeem: http://income-tax-refund.in/utFGl6jMAF31mw",fraud,rbi_govt_scheme
+919592137851,"Transaction alert: Rs.91,500 credited by Google Pay to 8228xxxx8487. Redeem now: http://income-tax-refund.in/lZl4xnhYj",fraud,bhim_upi_fake
+919073742714,"Congrats 8641XXXX33, Rs.33,000/- Credited to your A/c By Google Pay Ref ID: TLNU67XXX GET Cash NOW http://sr3.in/s2Zs0EL5aC",fraud,bhim_upi_fake
+917712922439,"Your mobile number was picked in GOVT Digital India Lottery. Prize: Rs.3,940,000. 8824258866",fraud,lottery_prize
+917805582701,"Kindly update your delivery location within 12 hours, otherwise we will proceed to return the product: https://s.id/xn7Ykp0y",fraud,fake_delivery
+919909537556,"Don't miss: Deutsche Securities experts helping members earn Rs 92,000/week. Enroll: https://lnkd.in/Sy6JHNRc",fraud,fake_broker
+919697326587,"BHIM Ref ID: FAUMQAGYI9. Rs.40,500 sent to 7635XXXX. Withdraw Cash NOW http://hdfcloan-apply.in/yxHBO1",fraud,bhim_upi_fake
+918547347294,"ICICI BANK ALERT: Rs.45,500 credited to A/c ending 0093. If unrecognized, verify immediately: http://hdfc-kyc.com/smgQ0C",fraud,fake_bank_credit
+919700887404,"URGENT SALE: 2BHK flat for Rs.4,950,000. Owner going abroad. Immediate registry. 7450281235",fraud,real_estate_fraud
+919521065263,"Suspicious transaction of Rs.19,000 on UNION BANK card. To block click: http://icici-verify.net/PnXhwazRNQMbr",fraud,credit_card_fraud
+917901396982,"You have won an iPhone 15 + Rs.17,000 cash. Confirm your address: wa.me/918514551453",fraud,lottery_prize
+919632613761,Your BANK OF BARODA account will be FROZEN if Aadhaar not linked by tonight. Link: http://mktasset.com/1dqXvHJz,fraud,aadhaar_pan_fraud
+917622820297,[Delhivery] Tracking 2YJJ5POBD8V0: Package undeliverable. Update delivery address: https://lihi.cc/cxFkYxTGG,fraud,fake_delivery
+918427394122,"Your Indraprastha Gas meter will be blocked today. Pay Rs.3,700 immediately to avoid disruption. Helpline: 8817691841",fraud,utility_threat
JD-SMKKBM,Action Required! LazyPay: Your account is blocked due to pending KYC. Click to verify: http://axis-bank.online/4P5YSea5jO,fraud,kyc_phish
+918201457650,"Ministry of Finance: Atal Pension Yojana beneficiary — Rs.175,000 on hold. Submit KYC: http://sbicard-update.com/R5lQ6Yc1iC1",fraud,fake_govt_scheme
+918408705572,"Reliable strategies from UBS India Advisory ensured Rs 379,000 in member profits last week. https://ow.ly/COtw2CXS",fraud,fake_broker
+919595141334,"Your CANARA BANK account XXXX8512 received Rs.37,000. To withdraw or verify: http://yesbank-update.com/tngo1Alc",fraud,fake_bank_credit
+919247537824,"PM Office: Digital India Fund cash benefit Rs.50,000 credited to your account. Verify: http://hdfc-kyc.com/nFk3Mg4Hj",fraud,fake_govt_scheme
TM-CASHNW,[UNION BANK] Compliance: Update e-KYC before 07-02-2026 to avoid deactivation: http://ct3.io/AxPceirDOkHb,fraud,dlt_kyc_phish
+919330989597,"Dear taxpayer, your e-filing refund of Rs.28,000 is pending. Claim: http://hdfcloan-apply.in/kxGoe7Tnt",fraud,income_tax_fraud
+918898576681,"[BHIM] Rs 24,500 has been sent to your UPI account. Withdraw instantly here: http://axisbk-verify.com/uUin8nQj7",fraud,bhim_upi_fake
+919447029908,Flash reward from Nykaa: Rs.500 cashback waiting. Claim: http://icicisecure.net/Cn8JkTAd4m,fraud,fake_ecom
+917392488746,"Final notice: KOTAK BANK will file case for unpaid loan. Settle Rs.18,500 today: 9272826997",fraud,emi_threat
+918822062980,"Join Credit Suisse India premium group. Members earned Rs 483,000 last week. Register free: https://t.ly/UQSyPx3Bp",fraud,fake_broker
+917382164081,NOTICE from Court of India: Non-bailable warrant issued in your name. Call 8494213504 for settlement.,fraud,police_impersonation
+919247415720,"Achieve Rs 220,000 this week with INDIRA Securities expert insights. Better returns start today. https://short.gy/itBdwai",fraud,fake_broker
QP-REFUND,Your ICICI BANK account is partially frozen. Resume service by completing KYC: http://axisbk-verify.com/zLNz6MvKwjpv9,fraud,dlt_kyc_phish
+919621765317,"Flash reward from Flipkart: Rs.1,100 cashback waiting. Claim: http://rbi-scheme.in/zott1DuVUWFE",fraud,fake_ecom
+919225821705,"Cheap property grab: Bank auction flat Rs.1,950,000. First come first serve. 9060088620",fraud,real_estate_fraud
+919683623783,Your order from Amazon is on hold. Confirm delivery address within 6 hours: https://rb.gy/OsgDI0eW,fraud,fake_delivery
+918146321966,"NOTICE: Your IT refund Rs.34,000 cannot be processed — KYC mismatch. Update: http://epq9.com/4EwsZL0C2d7jOC",fraud,income_tax_fraud
CP-MPOKKT,"Dear User, your MoneyView account has been temporarily blocked. Update KYC to continue: http://linstok.com/U5iaX6fpHuyMw",fraud,kyc_phish
+918922360316,"Rs85000 to Rs1,770,000 story. RBI listing confirmed. https://t.ly/03qo2hxuv",fraud,rbi_govt_scheme
+917881591498,BitProfit India is offering 200% returns on crypto trades. Invest now: https://ow.ly/wHEGWNTB,fraud,crypto_scam
+918244539366,"CBDT Notice: Rs.40,500 tax refund pending for PAN XXXXX1234X. Claim now: http://axisbk-verify.com/DGzl38R",fraud,income_tax_fraud
+919746277094,Part time with HCL: Rs.1700/hour. Work 3 hrs/day. Apply: wa.me/917003718695,fraud,fake_job_offer
VM-GETJOB,URGENT: BANK OF BARODA account will be closed in 48 hrs due to incomplete KYC: http://sbi-secure.in/bomHCP,fraud,dlt_kyc_phish
+919193460857,[UNION BANK] Loan account XXXX1294 has missed 3 EMIs. Regularize immediately: 8041935843,fraud,emi_threat
+917987124979,[YES BANK] Loan account XXXX0974 has missed 5 EMIs. Regularize immediately: 7021440801,fraud,emi_threat
+919557554389,"Dear Customer-Your S.B,I Y0N0 NetBanking Reward point's INR.13,400 will expire Today please-redeem Your points in Cash-click-on link. http://epq9.com/b8pgR1Ld7",fraud,sbi_yono_phish
+918105907485,"Part time job available. Earn Rs.75,000/month doing simple tasks. Join: wa.me/919225355511",fraud,wfh_job_scam
+917350354412,Your Airtel SIM is flagged for suspicious activity. To avoid block call: 9891169183,fraud,sim_expiry_fraud
+919368017515,"IMPORTANT ALERT! Account BLOCKED due to incomplete re-KYC as per RBI guideline. To activate your account, complete VIDEO-KYC URGENTLY. Loan up to Rs.45,000 instantly http://mktasset.com/UnejuCT -KreditBee",fraud,kyc_phish
+917821881566,"Dear User, your LazyPay account has been temporarily blocked. Update KYC to continue: http://sbi-secure.in/tRx9JmpB",fraud,kyc_phish
+918172449121,India Post: Parcel Z0WMDOXM7Z7A detained. Pay Rs.50 handling fee to release: https://rb.gy/tgo15oUT,fraud,fake_delivery
VM-GETJOB,PNB Notice: PAN verification failed. KYC update required: http://rbi-scheme.in/QxXHTz1m5b0q,fraud,dlt_kyc_phish
+917615525938,"Congratulations! Flipkart has shortlisted you for a job. Salary: Rs.40,000/month. Confirm: 9637584555",fraud,fake_job_offer
+919523760201,"Central Govt Grant: Rs.10,000 allocated under PM Ujjwala Yojana. Apply today: http://hdfcloan-apply.in/KHQxOLWW8Mhg",fraud,fake_govt_scheme
+917741116056,Flash reward from Snapdeal: Rs.700 cashback waiting. Claim: http://sr3.in/tfReBD,fraud,fake_ecom
+918609582365,"You are selected as the LUCKY WINNER of Rs.2,580,000 from KBC. Call now: 8624241249",fraud,lottery_prize
+919288300387,"Congratulations! You have WON Rs.3,980,000/- in the Lucky Draw. To claim your prize, contact: 8263683189",fraud,lottery_prize
+917853291163,"IT Dept: Refund of Rs.3,000 initiated to your account. Confirm bank details: http://paytm-kyc.net/o5t4LRu",fraud,income_tax_fraud
+918788979348,"PM Office: Atal Pension Yojana cash benefit Rs.135,000 credited to your account. Verify: http://epq9.com/INBNMLFGdJ",fraud,fake_govt_scheme
+917318271978,"UNION BANK: An unusual transaction of Rs.15,000 detected. To block/confirm: http://icici-verify.net/k67Dx7AaddWOT",fraud,fake_bank_credit
+919904983447,ProfitEdge: Your crypto portfolio grew 43% this week. Continue: http://epq9.com/4sRSR8,fraud,crypto_scam
+919756612452,"COD order on Nykaa worth Rs.13,500 placed from your account. Not you? http://ct3.io/miXb7B",fraud,fake_ecom
+918189665521,"Your mobile number was picked in GOVT Digital India Lottery. Prize: Rs.160,000. 7684422954",fraud,lottery_prize
+917243979394,"Alert: Rs.33,500 debited from YES BANK A/c XXXX7793 at 18:00 on 22-02-2026. Not you? http://sr3.in/dFV4bnax",fraud,fake_bank_credit
+918036360088,"PM Office: PM Awas Yojana cash benefit Rs.175,000 credited to your account. Verify: http://icici-verify.net/F4sbnnVsv",fraud,fake_govt_scheme
+917914328098,Snapdeal: Your order for tablet (Order #790IGX7LHB) is on hold. Pay Rs.3100 to release: http://rbi-scheme.in/mv3VGgAu,fraud,fake_ecom
+918322829058,UIDAI: Biometric mismatch on your Aadhaar. Update within 24 hrs: http://icici-verify.net/OlBL1gAQIAkiy,fraud,aadhaar_pan_fraud
+917677044993,CBI Notice: A case has been registered against your Aadhaar number. Call 8814618001 immediately to avoid arrest.,fraud,police_impersonation
+918556103518,"Don't miss: Credit Suisse India experts helping members earn Rs 79,000/week. Enroll: https://rb.gy/2mdcdw",fraud,fake_broker
+919246761391,"Dear SBI customer, Rs.3,400 cashback from YONO expires today. Click to credit: http://ct3.io/FhdlNiojwJ",fraud,sbi_yono_phish
+919024713464,"CBDT Notice: Rs.21,500 tax refund pending for PAN XXXXX1234X. Claim now: http://epq9.com/IagbwtO7Gy",fraud,income_tax_fraud
+919509124333,"Hi 9867XXXX56, Rs.30,000/- is Transferred to Your A/c By Google Pay Ref ID: GVTR3RXXX. Withdraw Cash NOW http://linstok.com/iuaP8jrh0KRw7S",fraud,bhim_upi_fake
+917888818018,"Part time job available. Earn Rs.105,000/month doing simple tasks. Join: wa.me/917531175191",fraud,wfh_job_scam
+917932769149,INDIRA Securities helps you achieve stock market success with real guidance. https://ow.ly/80QPjo,fraud,fake_broker
+918360930331,"CIBIL Alert: Your credit score dropping due to ICICI BANK overdue. Pay Rs.13,000: http://linstok.com/5DlkSgT0EpM",fraud,emi_threat
TX-LOANOK,[HDFC BANK] Compliance: Update e-KYC before 19-08-2026 to avoid deactivation: http://hdfc-kyc.com/6BSp93EEb,fraud,dlt_kyc_phish
+917339357356,[YES BANK] Loan account XXXX5964 has missed 3 EMIs. Regularize immediately: 8014651790,fraud,emi_threat
+917723862625,Action required: Enter OTP 012860 to prevent unauthorized withdrawal from HDFC BANK account: http://epq9.com/9Rxg6DRL2I5,fraud,otp_theft
+918629068031,"Arbitrage model: from 10K, RBI-backed plan. HSBC Securities members earned Rs 356,000. https://tinyurl.com/q3Ujrn",fraud,fake_broker
+918263030449,"Rs.80,500 credited to your account via BHIM Axis. Ref: MYR0OK0C. To withdraw click: http://sbicard-update.com/FRVdHM",fraud,bhim_upi_fake
+918336100727,"You have won an iPhone 15 + Rs.45,000 cash. Confirm your address: http://icici-verify.net/SU0ZWmoQy",fraud,lottery_prize
+918400197418,"Cyber Crime Police: Your IP address has been traced to illegal activity. Pay Rs.35,000 settlement. Call 7866915313.",fraud,police_impersonation
+919261452070,Customs duty of Rs.180 is pending for your international parcel. Pay now: https://tinyurl.com/mItUz,fraud,fake_delivery
+919600296961,"Simple online tasks. Rs.9,000/day. Work from home. WhatsApp now: wa.me/918215594886",fraud,wfh_job_scam
+917595906094,"Your GAIL Gas meter will be blocked today. Pay Rs.7,800 immediately to avoid disruption. Helpline: 9017520730",fraud,utility_threat
+919954266566,FedEx India Alert: Package IZ9IYCR0L32U requires address confirmation. Update within 24 hrs: https://lihi.cc/OImls0X,fraud,fake_delivery
+918259983234,"Income Tax Department: Your IT refund of Rs.8,000 is approved. Update bank account: http://yesbank-update.com/aMXUkqzBzCX",fraud,income_tax_fraud
+918855223453,"Your CANARA BANK cashback of Rs.29,000 is ready to be transferred. Verify account: http://sr3.in/BJMPIqAejL5n",fraud,fake_bank_credit
+919167415860,"AMAZON LUCKY DRAW: You won a prize of Rs.960,000. To claim WhatsApp: wa.me/919466301030",fraud,lottery_prize
+918549863958,"KOTAK BANK Car Loan now rate starts at 13.43%. Faster process, Zero Preclosure charges. Apply! 7433320494 Whatsapp http://sr3.in/xNKGqpeaOzg95C",fraud,fake_loan
CP-GOVTSC,[ICICI BANK] Compliance: Update e-KYC before 12-05-2025 to avoid deactivation: http://mktasset.com/tEVJ39CGGFox,fraud,dlt_kyc_phish
+919867205264,Snapdeal Alert: Suspicious activity on your account. Verify to continue shopping: http://ct3.io/p9h4ndWT1R,fraud,fake_ecom
+918597674163,"Your KOTAK BANK account XXXX1802 received Rs.21,500. To withdraw or verify: http://mktasset.com/sj20GEwp",fraud,fake_bank_credit
+918257997029,"Dear beneficiary, your Digital India Fund payment of Rs.90,000 is approved. Claim: http://paytm-kyc.net/tCNmwif",fraud,fake_govt_scheme
+919279983705,"Don't miss: UBS India Advisory experts helping members earn Rs 424,000/week. Enroll: https://lihi.cc/4ZpZDYUvh",fraud,fake_broker
+919726691545,UNION BANK: Your credit card XXXX1555 has been temporarily blocked. To unblock: http://epq9.com/rmXIMutqJhSDJ9,fraud,credit_card_fraud
+917859536312,"Dear Customer, Rs.17,000/- has been Credited to your HDFC BANK A/c XXXX8486 on 05-12-2025. If not done by you, call or click http://sbicard-update.com/rUjo0N32",fraud,fake_bank_credit
+919603354984,"Transaction alert: Rs.59,000 credited by Paytm to 9012xxxx8716. Redeem now: http://axis-bank.online/CCOyw63UA",fraud,bhim_upi_fake
+917632178554,"Your Bajaj Allianz policy claim of Rs.23,000 approved. Collect by 07-06-2026: http://gov-scheme.in/QJtQHUxUhG",fraud,insurance_fraud
+919434152519,"Your BESCOM meter will be blocked today. Pay Rs.5,900 immediately to avoid disruption. Helpline: 8469206211",fraud,utility_threat
+917088392838,"PNB Card Services: EMI due of Rs.30,000 overdue. Pay to avoid legal action: http://epq9.com/25qhfopPBlZa5",fraud,credit_card_fraud
BW-INCASH,Your AXIS BANK account is partially frozen. Resume service by completing KYC: http://linstok.com/Gje57LNoCkKqfo,fraud,dlt_kyc_phish
+917363993369,Airtel Alert: Your current SIM will be deactivated tonight. Call 9402661715 to retain number.,fraud,sim_expiry_fraud
+917645491108,"Dear Customer, your Ekart parcel failed delivery attempt. Reschedule: https://rb.gy/qsc5ou3f",fraud,fake_delivery
+918956434073,NSDL: Your PAN card will be deactivated on 17-09-2025. Link with Aadhaar now: http://sbi-secure.in/q0QFjCAb1kaT,fraud,aadhaar_pan_fraud
+918676046275,"Plot available near Hyderabad highway. Rs.2,400,000. Direct owner. WhatsApp: wa.me/919210211134",fraud,real_estate_fraud
+917481939093,YONO SBI: Unusual transaction detected. Verify your account to continue: http://yesbank-update.com/Omrp4Q62z,fraud,sbi_yono_phish
+918900903408,You qualify for CANARA BANK Business Loan Rs 2 Lakh to Rs 25 Lakh. No collateral. http://axisbk-verify.com/Xfv1bkA4TCWya,fraud,fake_loan
+917799018948,Your PNB account will be FROZEN if Aadhaar not linked by tonight. Link: http://paytm-kyc.net/f3l48D,fraud,aadhaar_pan_fraud
+918631018401,"Hi 9443XXXX43, Transaction successfully done of Rs.32,500 to your account on 28-04-2026. Withdraw N0W: http://hdfc-kyc.com/mmiCPnih",fraud,bhim_upi_fake
+919948623260,"Online job at Google India: data entry, social media tasks. Rs.42,000/month. Join: http://income-tax-refund.in/YrSCJIQnLw",fraud,fake_job_offer
+919854558576,Your Flipkart account has been locked. Unlock by verifying identity: http://hdfc-kyc.com/NVNnLwLQ,fraud,fake_ecom
+917232445166,SEBI-registered fund offers 45% annual return. Invest Rs.10K today. https://bit.ly/Dvy0U,fraud,rbi_govt_scheme
+919431118135,[AXIS BANK] Loan account XXXX0862 has missed 4 EMIs. Regularize immediately: 8490595211,fraud,emi_threat
+918722300788,"Online data entry job. Earn Rs.3,500 daily. 2-3 hours/day. Contact: wa.me/919436524575",fraud,wfh_job_scam
+919648443423,Your Amazon account has been locked. Unlock by verifying identity: http://linstok.com/4A5veQR,fraud,fake_ecom
+917261460235,"JP Morgan India — proven strategy. Rs 482,000 weekly returns. Limited seats. https://tinyurl.com/RFvLYT",fraud,fake_broker
+919738284873,"PNB ALERT: Rs.24,000 credited to A/c ending 7875. If unrecognized, verify immediately: http://axisbk-verify.com/8fdaGMXXjpLs2",fraud,fake_bank_credit
+919813632377,"[CESC] Your account has been flagged. Pay Rs.4,700 or face legal action. Call: 9068839922",fraud,utility_threat
+918795034530,"TradeMaster — Top trading signals. Members earned Rs.47,000 this month. Join: http://ct3.io/afkVOu9",fraud,crypto_scam
+917406346502,India's stock market is rising! Join Deutsche Securities for expert advice on profitable investments. https://tinyurl.com/GeZi2,fraud,fake_broker
+917317253876,"HSBC Securities members earned Rs 530,000 last week. Start building smarter today. https://tinyurl.com/csafhLK",fraud,fake_broker
+917061286154,Special offer: BANK OF BARODA Business Loan with 0 processing fee. Apply now before offer ends: http://ct3.io/reGXQPVRfx,fraud,fake_loan
+917986435701,"COD order on Meesho worth Rs.18,500 placed from your account. Not you? http://axis-bank.online/Nf4Y7PKJau",fraud,fake_ecom
+917228109236,"Reliable strategies from Goldman Sachs Advisory ensured Rs 528,000 in member profits last week. https://tinyurl.com/5rA4Vuke",fraud,fake_broker
+917239083924,SEBI-registered fund offers 16% annual return. Invest Rs.10K today. https://bit.ly/M6EAA9d,fraud,rbi_govt_scheme
+917686190556,URGENT: Your Vi (Vodafone Idea) SIM card is outdated. Upgrade to 5G now or lose number: http://rbi-scheme.in/zpfX5of5Gcq5Gi,fraud,sim_expiry_fraud
+917540771917,"BHIM Ref ID: XCG03MZK5P. Rs.68,500 sent to 7869XXXX. Withdraw Cash NOW http://axis-bank.online/hzekNuIr1y2dLn",fraud,bhim_upi_fake
+917595391432,Bima Yojana: You are selected to get 1 CRORE life cover. Application approved. Apply: https://short.gy/4VFhdm,fraud,rbi_govt_scheme
+918411052036,"KOTAK BANK — Your KYC-linked reward of Rs.46,000 is ready. Claim before expiry: http://sbicard-update.com/BgdAkw",fraud,fake_bank_credit
+918384584840,"Don't miss: Citibank Wealth experts helping members earn Rs 319,000/week. Enroll: https://t.ly/IjRfPYz",fraud,fake_broker
+917564264282,"Citibank Wealth — proven strategy. Rs 230,000 weekly returns. Limited seats. https://ow.ly/egYVxEOf",fraud,fake_broker
+917697120464,"Kindly update your delivery location within 12 hours, otherwise we will proceed to return the product: https://s.id/X12re",fraud,fake_delivery
+917212850642,"Congratulations! SPIN and WIN: You won Rs.4,480,000. Claim in 24 hrs: wa.me/918558158655",fraud,lottery_prize
+919542289286,"Your BHIM SBI wallet received Rs.94,000. Claim and withdraw: http://ct3.io/q23IawQ5",fraud,bhim_upi_fake
+919438883609,"StockMaster — Top trading signals. Members earned Rs.274,000 this month. Join: http://epq9.com/pb23x2NmTL5xIm",fraud,crypto_scam
+919458895435,"SBI YONO: Your reward points 4,300 expire in 24 hours. Redeem now: http://sbicard-update.com/oY9DuIeTVk",fraud,sbi_yono_phish
+918571580280,"Rs 83,000 profit guaranteed with UBS India Advisory strategy. Join members now: https://s.id/7KYZU",fraud,fake_broker
+918452213763,"Passive income from BitProfit India: Rs.153,000/week. No trading experience needed. https://lihi.cc/oQy3hk1dT",fraud,crypto_scam
+917536467088,"ED Notice: Money laundering case linked to your Aadhaar. Pay Rs.43,000 or face arrest. Call 8060824906.",fraud,police_impersonation
+918831697641,"CIBIL Alert: Your credit score dropping due to SBI overdue. Pay Rs.2,000: http://axis-bank.online/zGp0w6BKKU9oI0",fraud,emi_threat
+918033561347,"Your CANARA BANK OTP is 098080. DO NOT share with anyone. If you didn't request this, report: http://paytm-kyc.net/ZYW1n9UHVe",fraud,otp_theft
+918746927536,TRAI order: Airtel users must submit fresh KYC by 22-09-2025. Update: http://hdfc-kyc.com/FS8Uxyr,fraud,sim_expiry_fraud
+917042768574,Alert: Your PAN is not linked to Aadhaar. Account will be suspended. Update: http://gov-scheme.in/MFI2Z3m0LqN,fraud,aadhaar_pan_fraud
+918519797161,"Passive income from CoinMax: Rs.328,000/week. No trading experience needed. https://cutt.ly/cDGy5lCH",fraud,crypto_scam
+919468069165,"Congratulations! Rs.13,500/- credited to your PNB account by GOVT scheme. Claim now: http://kotak-kyc.in/ppxqL2F",fraud,fake_bank_credit
+919095209946,"URGENT HIRING: work from home, earn Rs.9,500/day. Limited seats. wa.me/917439584106",fraud,wfh_job_scam
+918244336742,"Your CashBean loan account is FROZEN. To unfreeze, complete video KYC immediately: http://hdfc-kyc.com/2082mfDPeF",fraud,kyc_phish
+917093071645,Congratulations! You are pre-selected for a BANK OF BARODA Gold Loan at 10.12% p.a. Limited time offer. http://sr3.in/zIWr8nefUFg11,fraud,fake_loan
+918279758360,"Cheap property grab: Bank auction flat Rs.2,350,000. First come first serve. 7415411829",fraud,real_estate_fraud
+917874562465,SBI Net Banking: Your login credentials expire soon. Update password: http://paytm-kyc.net/5sZQ1X9J22Tc,fraud,sbi_yono_phish
+919247139870,"Pradhan Mantri Yojana: Rs.95,000 grant approved for your family. Click: http://icici-verify.net/h1r4z4Emg",fraud,rbi_govt_scheme
TX-LOANOK,"Attention! Account BLOCKED, Complete Video-KYC now to Activate your Account and get a limited-time 50% off on interest rates for your next loan http://axis-bank.online/FE2DIAUYMAA -LazyPay",fraud,kyc_phish
+917546623630,"Bajaj Finance: Your EMI is pending. Pay Rs.8,500 to avoid credit score damage: http://mktasset.com/mwBD2e6",fraud,emi_threat
+917717350022,TRAI order: Jio users must submit fresh KYC by 07-01-2025. Update: http://rbi-scheme.in/24AQ079lU9IB,fraud,sim_expiry_fraud
+918024829554,"Congratulations! You have WON Rs.2,040,000/- in the Lucky Draw. To claim your prize, contact: 9204249528",fraud,lottery_prize
+919480876769,"Congratulations! SPIN and WIN: You won Rs.400,000. Claim in 24 hrs: wa.me/918334873952",fraud,lottery_prize
+917382704763,"Amazon India is hiring freshers. Rs.64,000 CTC. Immediate joining. Registration: http://linstok.com/Z19lyg2L5Q",fraud,fake_job_offer
CP-MPOKKT,"IMPORTANT ALERT! Account BLOCKED due to incomplete re-KYC as per RBI guideline. To activate your account, complete VIDEO-KYC URGENTLY. Loan up to Rs.45,000 instantly http://rbi-scheme.in/9rfIGUjbXKoVT9 -Dhani",fraud,kyc_phish
+918415542880,CBI Notice: A case has been registered against your Aadhaar number. Call 9471170182 immediately to avoid arrest.,fraud,police_impersonation
+917066691849,SBI: Your credit card XXXX4788 has been temporarily blocked. To unblock: http://epq9.com/kjp4XIP75Oj,fraud,credit_card_fraud
+919565461755,"Max Life: Your policy will lapse in 24 hrs. Pay Rs.3,000 now to avoid coverage gap: http://sbicard-update.com/f2h7m5kcFN",fraud,insurance_fraud
+917818198256,"WINNER ALERT: Your mobile number has won Rs.4,190,000 in Jio Lucky Draw. Claim: http://axis-bank.online/FlrnSkT",fraud,lottery_prize
+917856871609,"Alert: Rs.22,000 debited from CANARA BANK A/c XXXX8864 at 06:30 on 03-11-2025. Not you? http://axis-bank.online/xNiXXWkGtLI3Y",fraud,fake_bank_credit
+919864284718,"Dear Customer, your OTP 399417 for updating net banking is valid for 5 min. Call 1800XXXXXX if not requested.",fraud,otp_theft
+918532505610,"BSES Notice: Rs.4,300 electricity bill overdue. To avoid disconnection call our executive: 8285356003",fraud,utility_threat
+918484325187,India's stock market is rising! Join JP Morgan India for expert advice on profitable investments. https://short.gy/K10f8NR,fraud,fake_broker
+919628663028,RBI Mandate: Aadhaar-Bank linking mandatory by 22-01-2026. Update to avoid freeze: http://axis-bank.online/kqQTlgWIsC,fraud,aadhaar_pan_fraud
+918167514703,"Your PhonePe wallet received Rs.36,500. Claim and withdraw: http://ct3.io/6hpEmDtx",fraud,bhim_upi_fake
+917654842677,RBI Mandate: Aadhaar-Bank linking mandatory by 03-05-2026. Update to avoid freeze: http://sr3.in/Xxi8cBCkIZT6,fraud,aadhaar_pan_fraud
+917719410994,YONO SBI: Unusual transaction detected. Verify your account to continue: http://icicisecure.net/tkgU3JlzvP9R,fraud,sbi_yono_phish
+918096701782,"Dear Airtel subscriber, new TRAI regulation requires SIM re-registration. Call: 9297878418",fraud,sim_expiry_fraud
+919289867106,"Cyber Crime Police: Your IP address has been traced to illegal activity. Pay Rs.17,000 settlement. Call 9887871721.",fraud,police_impersonation
+917964331886,"[UPI] Transaction of Rs.12,000 pending. Confirm with OTP 175112: http://mktasset.com/LMHL5s2IkuNrE",fraud,otp_theft
+917531652705,"HDFC BANK OTP for credit card transaction Rs.60,500. If not you, click to cancel: http://icicisecure.net/5Lm6e5t52RULDy",fraud,credit_card_fraud
+919639575813,Check your eligibility in 45 sec for PNB Home Loan. Get welcome benefits up to Rs.500. T&C wa.me/917714645025,fraud,fake_loan
+917326513551,"Don't miss: INDIRA Securities experts helping members earn Rs 493,000/week. Enroll: https://lihi.cc/ZGsk5",fraud,fake_broker
+919871390256,"NOTICE: Your IT refund Rs.4,500 cannot be processed — KYC mismatch. Update: http://yesbank-update.com/EpTADeAnY99p",fraud,income_tax_fraud
+918094365648,"CBDT Notice: Rs.33,000 tax refund pending for PAN XXXXX1234X. Claim now: http://linstok.com/VEeMG1PSy3mJ19",fraud,income_tax_fraud
+917493149723,Security alert: Someone is trying to access your AXIS BANK account. Verify with OTP 006044 here: http://rbi-scheme.in/ElNIW6Wa4,fraud,otp_theft
+918534931753,"Your HDFC BANK account XXXX0961 received Rs.7,500. To withdraw or verify: http://mktasset.com/1asPrZtBMY",fraud,fake_bank_credit
+919707702277,Pre-approved Gold Loan offer for you from ICICI BANK. Rs.5 Lakh in 24 hrs. Apply: wa.me/919521671088,fraud,fake_loan
+919937175347,Check your eligibility in 45 sec for CANARA BANK Business Loan. Get welcome benefits up to Rs.500. T&C wa.me/917584551503,fraud,fake_loan
+918053275751,"UNION BANK Legal Team: Non-payment of Rs.11,500 EMI may result in property attachment. Call 8604405161.",fraud,emi_threat
+919270116948,"You are a WINNER! Rs.2,120,000 transferred pending your confirmation. Call 8652552896 now.",fraud,lottery_prize
JD-SMKKBM,SBI Notice: PAN verification failed. KYC update required: http://mktasset.com/KIB3EhNO,fraud,dlt_kyc_phish
+919612358273,"IMPORTANT ALERT! Account BLOCKED due to incomplete re-KYC as per RBI guideline. To activate your account, complete VIDEO-KYC URGENTLY. Loan up to Rs.45,000 instantly http://axis-bank.online/FSuNsylUSUe4 -SmartCoin",fraud,kyc_phish
+919211630969,Your package is at the nearest post office. Pay Rs.140 to receive it: https://lihi.cc/eWjKibWwU,fraud,fake_delivery
+919684796081,"Your KOTAK BANK OTP is 947806. DO NOT share with anyone. If you didn't request this, report: http://icici-verify.net/dXAZ5pBgHwInv",fraud,otp_theft
JD-SMKKBM,"Your LazyPay loan account is FROZEN. To unfreeze, complete video KYC immediately: http://icici-verify.net/1lkFq3KK8",fraud,kyc_phish
+917975006087,Kotak Life Agent: Special 80% discount on life cover. Offer ends today. Call: 7656208443,fraud,insurance_fraud
+917383014332,SBI Net Banking: Your login credentials expire soon. Update password: http://icicisecure.net/611VPJRrzIy5X,fraud,sbi_yono_phish
+917227342425,"Last week, Citibank Wealth members earned Rs 374,000 with expert market insights. https://short.gy/I5SrJH3",fraud,fake_broker
+918920740962,"Exclusive: Citibank Wealth stock tips returned Rs 66,000 for members this week. https://bit.ly/dWchYPC",fraud,fake_broker
+919837872957,"[GOVT] Your application for PM Ujjwala Yojana approved. Get Rs.80,000. Confirm Aadhaar: http://gov-scheme.in/YZZZoXtMpOzR",fraud,fake_govt_scheme
+919770885718,Pre-approved Education Loan offer for you from CANARA BANK. Rs.5 Lakh in 24 hrs. Apply: wa.me/919230782757,fraud,fake_loan
+918806761263,Get instant ICICI BANK Car Loan approval in minutes. Rate 9.56%. Call 9212716996 or apply: wa.me/919783151662,fraud,fake_loan
+919738208621,"Central Govt Grant: Rs.105,000 allocated under Digital India Fund. Apply today: http://icicisecure.net/8UR15JfYH1",fraud,fake_govt_scheme
+919869171771,"GOI Digital Dividend: Rs.2,815,000 allocated to your Aadhaar. Redeem: http://icicisecure.net/ScLPhVoocP5K",fraud,rbi_govt_scheme
+918222734171,"Kindly update your delivery location within 12 hours, otherwise we will proceed to return the product: https://lihi.cc/BYr1c8",fraud,fake_delivery
+918392966475,"Online job at TCS: data entry, social media tasks. Rs.20,000/month. Join: wa.me/918003023557",fraud,fake_job_offer
+919215741900,Aadhaar OTP required to complete PNB e-KYC. Call 8850598623 to proceed.,fraud,aadhaar_pan_fraud
+919056723754,"Central Govt Grant: Rs.170,000 allocated under Sukanya Samriddhi. Apply today: http://axis-bank.online/Nt2EF6p",fraud,fake_govt_scheme
+919572949750,"Hi 7868XXXX22, Rs.14,500/- is Transferred to Your A/c By BHIM Ref ID: JC05Z7XXX. Withdraw Cash NOW http://rbi-scheme.in/oruepcU",fraud,bhim_upi_fake
+919803952883,"Dear borrower, CANARA BANK loan account flagged for non-payment. Pay Rs.7,000 now: http://sbicard-update.com/prAjK8Tsh",fraud,emi_threat
+918471818387,"[Paytm] Rs 51,000 has been sent to your UPI account. Withdraw instantly here: http://rbi-scheme.in/qkLDFedR92Sw",fraud,bhim_upi_fake
+917857437915,"Transaction declined for Rs.66,500 on AXIS BANK card. Confirm details: http://mktasset.com/IJvGTf84NL",fraud,credit_card_fraud
+917617901246,ForexPro India is offering 200% returns on crypto trades. Invest now: https://lihi.cc/PKbNg9x22,fraud,crypto_scam
+919915153000,"Affordable flats near IT park. Rs.2,600,000. Book with Rs.18,000 token. wa.me/919065998730",fraud,real_estate_fraud
+919635742399,"Dear beneficiary, your Sukanya Samriddhi payment of Rs.40,000 is approved. Claim: http://paytm-kyc.net/1rLmQ3",fraud,fake_govt_scheme
+918268869310,"Hiring now: Part-time online workers. Rs.255,000/month guaranteed. wa.me/918725078996",fraud,wfh_job_scam
+917665182187,"Your mobile number was picked in GOVT Digital India Lottery. Prize: Rs.3,850,000. 7682289571",fraud,lottery_prize
+919309033265,"Job offer from Wipro: Rs.70,000/month. Work from home. Registration fee Rs.700. http://paytm-kyc.net/NgkA63tVkU",fraud,fake_job_offer
+918588305872,Your Amazon account has been locked. Unlock by verifying identity: http://paytm-kyc.net/aWShG8G,fraud,fake_ecom
QP-REFUND,"Attention! Account BLOCKED, Complete Video-KYC now to Activate your Account and get a limited-time 50% off on interest rates for your next loan http://gov-scheme.in/aBtcJOfp -KreditBee",fraud,kyc_phish
+918222515893,[BANK OF BARODA] OTP for fund transfer: 512660. Valid 10 mins. Share this OTP with our executive to complete KYC.,fraud,otp_theft
+918812802948,"Register: http://hdfc-kyc.com/sivjTM ? AlgoTrade24 Golden Opportunity to make Rs.235,000+ income in a Day. Join now!",fraud,crypto_scam
+919868929244,"Your resume has been selected by Infosys. Rs.72,000 salary. Call HR: 9624891355",fraud,fake_job_offer
+917200772234,"Dear Airtel subscriber, new TRAI regulation requires SIM re-registration. Call: 8462934854",fraud,sim_expiry_fraud
+919129198726,"Unauthorized transaction detected on your YES BANK card: Rs.17,500. Report: http://icicisecure.net/UeooKa8ck",fraud,credit_card_fraud
+918599201132,"Amazon product review job from home. Earn Rs.6,000/task. wa.me/919627479620",fraud,wfh_job_scam
+918497141954,"You are selected as the LUCKY WINNER of Rs.2,140,000 from KBC. Call now: 9233390508",fraud,lottery_prize
+917961256624,"PM Ujjwala Yojana: You are eligible for Rs.5,000 grant. Register now: http://yesbank-update.com/hBzQNS4",fraud,fake_govt_scheme
+918469945125,"Dear SBI customer, Rs.9,700 cashback from YONO expires today. Click to credit: http://epq9.com/Grqi3bQXEF",fraud,sbi_yono_phish
VK-KREDTS,URGENT: Your CashBean account will be deactivated in 24 hours. Complete Video-KYC now: http://hdfcloan-apply.in/7bZqKs7d0xbxB,fraud,kyc_phish
+919745165936,"Recovery Agent Notice: PNB has authorized recovery of Rs.39,000. Contact: 9643149508",fraud,emi_threat
+917097617193,"Your BSES meter will be blocked today. Pay Rs.6,200 immediately to avoid disruption. Helpline: 8020232532",fraud,utility_threat
+918153771270,"Dear customer, Rs.3,500 LIC premium bounced. Pay now to avoid lapse: 7052190187",fraud,insurance_fraud
+918552276626,"Attention! Account BLOCKED, Complete Video-KYC now to Activate your Account and get a limited-time 50% off on interest rates for your next loan http://linstok.com/7Fq70He -mPokket",fraud,kyc_phish
+917759903167,"Received INR 89,500 on 749008XX75 at 01-10-2026 11:30. Quick UPI withdrawal available here: http://icici-verify.net/eisyj9XP7tS",fraud,bhim_upi_fake
+918878366160,Action required: Enter OTP 026006 to prevent unauthorized withdrawal from YES BANK account: http://income-tax-refund.in/ByyDx5,fraud,otp_theft
+919455552687,"Affordable flats near IT park. Rs.2,950,000. Book with Rs.15,000 token. wa.me/917435199821",fraud,real_estate_fraud
+918179750018,"Flipkart Big Billion Lucky Winner: Rs.2,360,000 + gifts. Collect: http://sbicard-update.com/nqjwU5c",fraud,lottery_prize
+918020354000,"Rs 494,000 profit guaranteed with INDIRA Securities strategy. Join members now: https://rb.gy/gmlRS",fraud,fake_broker
+919994328164,"Your PNB account XXXX2994 received Rs.29,000. To withdraw or verify: http://axisbk-verify.com/f3azLt6OHD",fraud,fake_bank_credit
+918199708807,"Suspicious transaction of Rs.12,500 on ICICI BANK card. To block click: http://rbi-scheme.in/F7jAqPOKFQMzh",fraud,credit_card_fraud
+918612691514,Delhi Cyber Crime: FIR filed against your mobile number. Report to station or call 7269452393 to settle.,fraud,police_impersonation
+917438778540,SBI YONO: Your debit card will be blocked. Prevent it by verifying: http://axis-bank.online/a8udkRPU,fraud,sbi_yono_phish
+917484851102,"Simple online tasks. Rs.6,500/day. Work from home. WhatsApp now: wa.me/918651370746",fraud,wfh_job_scam
+917056706492,"Last week, Goldman Sachs Advisory members earned Rs 484,000 with expert market insights. https://ow.ly/0mxDoJJ9",fraud,fake_broker
+919009733579,"[BHIM SBI] Rs 99,500 has been sent to your UPI account. Withdraw instantly here: http://axisbk-verify.com/tqgWL15dwHH5j",fraud,bhim_upi_fake
+917221919841,"URGENT HIRING: work from home, earn Rs.8,500/day. Limited seats. wa.me/917622717686",fraud,wfh_job_scam
+919069960540,"HSBC Securities members earned Rs 126,000 last week. Start building smarter today. https://bit.ly/z0oRa",fraud,fake_broker
+917697631721,"Join Goldman Sachs Advisory premium group. Members earned Rs 546,000 last week. Register free: https://tinyurl.com/F0rir1",fraud,fake_broker
+919926239133,"Don't miss: HSBC Securities experts helping members earn Rs 97,000/week. Enroll: https://tinyurl.com/b5jC9A94",fraud,fake_broker
VM-GETJOB,Action Required! SmartCoin: Your account is blocked due to pending KYC. Click to verify: http://sr3.in/KqSU9zMk,fraud,kyc_phish
+919513808878,"Invest Rs.10,000 in CryptoEdge and earn Rs.91,000 in 30 days. Verified traders. http://income-tax-refund.in/wPmDNDQ",fraud,crypto_scam
BW-INCASH,Final Warning from LazyPay: KYC incomplete. Account will be closed by midnight. Verify now: http://income-tax-refund.in/lcyU3jm,fraud,kyc_phish
+918500028615,IRDAI Notice: Kotak Life policy must be renewed by 03-08-2025. Renew: http://hdfcloan-apply.in/o0vIMyQkVsJ,fraud,insurance_fraud
+919525002978,You qualify for KOTAK BANK Business Loan Rs 2 Lakh to Rs 25 Lakh. No collateral. http://paytm-kyc.net/oewoeZgHRxxKh,fraud,fake_loan
VK-KREDTS,Final Warning from KreditBee: KYC incomplete. Account will be closed by midnight. Verify now: http://axisbk-verify.com/4mgXzEMnA3N,fraud,kyc_phish
+919459422105,SBI YONO: Your debit card will be blocked. Prevent it by verifying: http://linstok.com/0eXSrsVmhF,fraud,sbi_yono_phish
+917831080902,"Unauthorized transaction detected on your KOTAK BANK card: Rs.51,500. Report: http://hdfcloan-apply.in/FSEOTRhyD8sFm",fraud,credit_card_fraud
+919359262450,"Dear Customer, your OTP 861078 for updating net banking is valid for 5 min. Call 1800XXXXXX if not requested.",fraud,otp_theft
+918071898512,"TCS Recruitment 2026: Walk-in-interview. Earn Rs.70,000/month. Register: wa.me/919425591936",fraud,fake_job_offer
+919132601238,"Congratulations! You have WON Rs.790,000/- in the Lucky Draw. To claim your prize, contact: 8814532292",fraud,lottery_prize
+919966568649,"CANARA BANK ALERT: Rs.14,000 credited to A/c ending 9497. If unrecognized, verify immediately: http://axis-bank.online/GUsgP7",fraud,fake_bank_credit
+917849436705,Your package is at the nearest post office. Pay Rs.110 to receive it: https://bit.ly/glCwNGsPR,fraud,fake_delivery
JD-SMKKBM,Final Warning from CashBean: KYC incomplete. Account will be closed by midnight. Verify now: http://linstok.com/nlUI0Y,fraud,kyc_phish
+919873011849,PNB is offering Education Loan upto Rs.50 Lakh at just 10.15% p.a. Fast approval. Apply via wa.me/917473507431,fraud,fake_loan
+917280392836,"Unauthorized transaction detected on your YES BANK card: Rs.58,000. Report: http://axis-bank.online/H4lGmYmWX7vj8u",fraud,credit_card_fraud
+917533721049,"Tata AIA: Your policy matured. Rs.59,000 waiting. Provide bank details: http://paytm-kyc.net/OkmlvOjKA",fraud,insurance_fraud
+917445131292,"Alert: Rs.49,000 debited from BANK OF BARODA A/c XXXX7530 at 10:30 on 19-04-2025. Not you? http://sbi-secure.in/aSNvR3qODPN2SK",fraud,fake_bank_credit
+919286533195,"Received INR 56,500 on 727695XX21 at 01-08-2025 11:45. Quick UPI withdrawal available here: http://epq9.com/Koh4fK",fraud,bhim_upi_fake
+917212270851,"NOTICE: Rs.6,000 reversal pending in BANK OF BARODA account XXXX8894. Confirm: http://icicisecure.net/DEH4fsBR1kxMX",fraud,fake_bank_credit
+918324305223,ALERT: Suspicious login attempt on SBI YONO. Secure account: http://income-tax-refund.in/ScQVyivFXLkD,fraud,sbi_yono_phish
+919355478465,"Reach smarter returns with UBS India Advisory. Members earned Rs 224,000 last week. https://bit.ly/P1uD8",fraud,fake_broker
+918606410790,"Central Govt Grant: Rs.175,000 allocated under Atal Pension Yojana. Apply today: http://mktasset.com/JRuPji",fraud,fake_govt_scheme
+919742406736,"Earn Rs.225,000 monthly from home. Flexible hours. Register: wa.me/917870775896",fraud,wfh_job_scam
+918024594943,Your ATM PIN has been reset. New OTP: 652861. Call our helpdesk to confirm: http://linstok.com/YzsCje4z6,fraud,otp_theft
+918590476630,"MSME Loan Scheme 2026 - Rs.4,430,000/- can be credited in your Bank. Check eligibility: http://gov-scheme.in/9mArBF",fraud,rbi_govt_scheme
+917251360200,KOTAK BANK: Your card has been cloned. Secure it now by clicking: http://icici-verify.net/2Xpxv9Aq,fraud,credit_card_fraud
+919324362046,NSDL: Your PAN card will be deactivated on 22-01-2026. Link with Aadhaar now: http://epq9.com/EVvEskvOH27d,fraud,aadhaar_pan_fraud
+918057318127,"Last week, Goldman Sachs Advisory members earned Rs 317,000 with expert market insights. https://lihi.cc/JL9ymIIl",fraud,fake_broker
+918437267177,TradeMaster is offering 200% returns on crypto trades. Invest now: https://tinyurl.com/o9ZGckj,fraud,crypto_scam
+917226300975,HSBC Securities helps you achieve stock market success with real guidance. https://cutt.ly/xHr4Y,fraud,fake_broker
+919473537868,"NOTICE: Your IT refund Rs.10,500 cannot be processed — KYC mismatch. Update: http://gov-scheme.in/215GYr8yf",fraud,income_tax_fraud
+918788276728,"UPI Transfer: INR 26,000 received on 7479XXXX8202 from government scheme. Withdraw: http://hdfc-kyc.com/Y4Xv8h2o",fraud,bhim_upi_fake
+919558011601,"Your gas supply will be SUSPENDED tonight due to Rs.2,000 outstanding. Contact: 8069208119",fraud,utility_threat
BW-INCASH,[MoneyView] ALERT: Account suspended. Complete re-KYC within 2 hours to avoid termination: http://kotak-kyc.in/1oX4unT6cb6g,fraud,kyc_phish
+917049457711,"Achieve Rs 484,000 in weekly profits with INDIRA Securities's trusted advice. https://cutt.ly/ZLis9G",fraud,fake_broker
+919240793958,"PM Awas Yojana: You are eligible for Rs.165,000 grant. Register now: http://icici-verify.net/P6EYxoenfYnO8O",fraud,fake_govt_scheme
+918798914011,YONO SBI: Unusual transaction detected. Verify your account to continue: http://sr3.in/AWIiyBuyJ,fraud,sbi_yono_phish
+917298590549,"Invest Rs.10,000 in CryptoEdge and earn Rs.109,000 in 30 days. Verified traders. http://linstok.com/idASnyb3c4v5",fraud,crypto_scam
+917906342161,"Bajaj Allianz: Your policy will lapse in 24 hrs. Pay Rs.18,000 now to avoid coverage gap: http://axis-bank.online/kPmkph48ZR0IuG",fraud,insurance_fraud
TM-CASHNW,"IMPORTANT ALERT! Account BLOCKED due to incomplete re-KYC as per RBI guideline. To activate your account, complete VIDEO-KYC URGENTLY. Loan up to Rs.45,000 instantly http://axis-bank.online/xJ0n2PvDHY -MoneyView",fraud,kyc_phish
+919371872382,"Congrats 7459XXXX60, Rs.14,000/- Credited to your A/c By BHIM SBI Ref ID: 4XX6P3XXX GET Cash NOW http://linstok.com/MlYRERDTK1B",fraud,bhim_upi_fake
+917385477032,"YES BANK ALERT: Rs.32,000 credited to A/c ending 3495. If unrecognized, verify immediately: http://sbi-secure.in/rEbjkuaktlwiHe",fraud,fake_bank_credit
+919431785021,"[BHIM SBI] Rs 56,000 has been sent to your UPI account. Withdraw instantly here: http://sr3.in/Xqt3srWxnBk0Y",fraud,bhim_upi_fake
CP-GOVTSC,Final Warning from Dhani: KYC incomplete. Account will be closed by midnight. Verify now: http://income-tax-refund.in/1tYPjJtm,fraud,kyc_phish
+917321009614,"Land for sale: 1 acres near Chennai. Rs.3,950,000. Call 9298786864",fraud,real_estate_fraud
+917398538857,"FINAL WARNING: MSEDCL will disconnect power supply at 15:30 today. Pending bill Rs.5,600. http://axis-bank.online/4rytiBb",fraud,utility_threat
+918869057272,Your Jio SIM is flagged for suspicious activity. To avoid block call: 9021921504,fraud,sim_expiry_fraud
CP-GOVTSC,ALERT: CANARA BANK account KYC incomplete. Complete Video-KYC urgently: http://ct3.io/416EOg0dgU,fraud,dlt_kyc_phish
+919285442531,"Income Tax refund Rs.44,500 has been processed. Update Aadhaar-linked A/c: http://epq9.com/tG1ppxpF3V4kB",fraud,income_tax_fraud
+919485248092,"Your BHIM wallet received Rs.87,500. Claim and withdraw: http://axisbk-verify.com/kmZuoXfwyfsgZ",fraud,bhim_upi_fake
+919268648003,"NOTICE: Your IT refund Rs.3,500 cannot be processed — KYC mismatch. Update: http://sbicard-update.com/SLoGW0ARh",fraud,income_tax_fraud
+918853472381,"GOVT housing scheme: 1BHK for Rs.400,000. Apply online: wa.me/917726795098",fraud,real_estate_fraud
+919230963838,"Reliable strategies from Citibank Wealth ensured Rs 539,000 in member profits last week. https://cutt.ly/0WWHa7YD",fraud,fake_broker
+917576311703,"Transaction alert: Rs.51,500 credited by Paytm to 8473xxxx7332. Redeem now: http://gov-scheme.in/urgNLv5a5A1h",fraud,bhim_upi_fake
+918603635642,"Arbitrage model: from 10K, RBI-backed plan. Credit Suisse India members earned Rs 378,000. https://t.ly/29GzrIK",fraud,fake_broker
+919244294019,UIDAI Notice: Your Aadhaar is not linked to BANK OF BARODA. Link before 15-01-2026 to avoid account freeze: http://gov-scheme.in/KPh1AZKAd981q7,fraud,aadhaar_pan_fraud
+919545426783,"Congratulations! Rs.31,000/- credited to your PNB account by GOVT scheme. Claim now: http://ct3.io/ATEcwOU0G8HFm",fraud,fake_bank_credit
TX-LOANOK,"Your SmartCoin loan account is FROZEN. To unfreeze, complete video KYC immediately: http://kotak-kyc.in/jT5lbb",fraud,kyc_phish
+918643685426,"UPI Transfer: INR 83,500 received on 9074XXXX1219 from government scheme. Withdraw: http://hdfcloan-apply.in/G9q3uxjT0UXNX8",fraud,bhim_upi_fake
+919390387317,ALERT: Suspicious login attempt on SBI YONO. Secure account: http://paytm-kyc.net/XadygMK,fraud,sbi_yono_phish
+917034697886,"You are selected as the LUCKY WINNER of Rs.4,790,000 from KBC. Call now: 9259882120",fraud,lottery_prize
+919326948991,"ALERT: CANARA BANK card used for Rs.54,000 online purchase at 08:45 today. Verify: http://hdfc-kyc.com/qfhtJbwP",fraud,credit_card_fraud
+917858970029,URGENT: AXIS BANK Business Loan offer expires today. Low rate 9.98%. No documents needed. http://hdfc-kyc.com/j3YP6yeKjY,fraud,fake_loan
+919589326094,Get instant YES BANK Home Loan approval in minutes. Rate 11.69%. Call 8464982563 or apply: wa.me/917284909650,fraud,fake_loan
+919737079895,"YES BANK OTP for credit card transaction Rs.10,000. If not you, click to cancel: http://hdfc-kyc.com/HSE1L0Adx4i",fraud,credit_card_fraud
+919521056476,"URGENT HIRING: work from home, earn Rs.4,000/day. Limited seats. wa.me/917301864162",fraud,wfh_job_scam
+918996698665,"Dear Policyholder, your LIC bonus of Rs.45,000 is ready. Claim before expiry: http://mktasset.com/s0VB7dfcug2kS",fraud,insurance_fraud
+919928755432,"Ministry of Finance: PM Kisan Yojana beneficiary — Rs.65,000 on hold. Submit KYC: http://sbi-secure.in/IzOaPsH",fraud,fake_govt_scheme
+919884052925,"Dear citizen, Rs.720,000 from PM Kisan fund is ready for withdrawal. Verify: https://cutt.ly/ExEjq",fraud,rbi_govt_scheme
+918832822486,"Dear Candidate, Infosys HR team found your profile. Interview scheduled. Confirm: 8611961391",fraud,fake_job_offer
+919416613224,"Cheap property grab: Bank auction flat Rs.2,950,000. First come first serve. 8695877368",fraud,real_estate_fraud
+918388343395,"GOI Digital Dividend: Rs.560,000 allocated to your Aadhaar. Redeem: https://t.ly/Ujybuw",fraud,rbi_govt_scheme
+918564627085,"Home-based job opportunity. Earn Rs.5,500/day by liking YouTube videos. wa.me/917844277263",fraud,wfh_job_scam
BG-EARNNW,RBI directive: Complete SBI re-KYC by 10-03-2025 to avoid account freeze: http://kotak-kyc.in/wJ5yXL418,fraud,dlt_kyc_phish
+917426153606,"MSME Loan Scheme 2026 - Rs.4,675,000/- can be credited in your Bank. Check eligibility: https://rb.gy/yLFuVzl",fraud,rbi_govt_scheme
+917885889229,Your ATM PIN has been reset. New OTP: 665853. Call our helpdesk to confirm: http://income-tax-refund.in/2YzoNfpU,fraud,otp_theft
+919014716725,"WINNER ALERT: Your mobile number has won Rs.3,220,000 in Jio Lucky Draw. Claim: wa.me/919440842505",fraud,lottery_prize
+918620174009,NSDL: Your PAN card will be deactivated on 17-01-2026. Link with Aadhaar now: http://linstok.com/E5VQYyL,fraud,aadhaar_pan_fraud
+918907538622,"Your ICICI BANK cashback of Rs.48,000 is ready to be transferred. Verify account: http://hdfcloan-apply.in/jHHGVLf",fraud,fake_bank_credit
+917573271226,"Congratulations! SPIN and WIN: You won Rs.1,670,000. Claim in 24 hrs: wa.me/918820884350",fraud,lottery_prize
+918884320983,"Narcotics Department: Your parcel contains banned items. Pay Rs.25,000 fine. Call: 8602952517",fraud,police_impersonation
+918777006495,BITCOIN opportunity: Double your investment in 48 hrs with CryptoEdge. Limited: http://gov-scheme.in/qaSyzFWBOod7,fraud,crypto_scam
+919748855207,"ALERT: Tata AIA policy overdue. Last chance to pay Rs.12,500 premium. Call 8677155670.",fraud,insurance_fraud
+918035425032,"Dear Customer-Your S.B,I Y0N0 NetBanking Reward point's INR.7,500 will expire Today please-redeem Your points in Cash-click-on link. http://sbicard-update.com/NKcuYau",fraud,sbi_yono_phish
+919517306019,"Kotak Life: Your policy matured. Rs.74,000 waiting. Provide bank details: http://ct3.io/3WUD7bMzrY",fraud,insurance_fraud
+919789652409,"PM Kisan Yojana: You are eligible for Rs.140,000 grant. Register now: http://sr3.in/WpxaNraIpTy6e",fraud,fake_govt_scheme
+918971039551,"Passive income from Goldify: Rs.11,000/week. No trading experience needed. https://s.id/oVZYYOvy",fraud,crypto_scam
+917809668614,Special offer: YES BANK Business Loan with 0 processing fee. Apply now before offer ends: http://rbi-scheme.in/AkQaz9io,fraud,fake_loan
+918092741842,"Govt approved investment scheme: Rs.455,000 guaranteed return. Apply now: http://ct3.io/yPXl8Jd6Nn5q",fraud,rbi_govt_scheme
+918600683122,"Flipkart Big Billion Lucky Winner: Rs.3,010,000 + gifts. Collect: wa.me/919415928752",fraud,lottery_prize
+919440771452,"Achieve Rs 381,000 in weekly profits with HSBC Securities's trusted advice. https://short.gy/gw9Yo",fraud,fake_broker
+919484775692,Your Myntra account has been locked. Unlock by verifying identity: http://sbicard-update.com/LmJNlAvv,fraud,fake_ecom
BG-EARNNW,URGENT: Your Fibe account will be deactivated in 24 hours. Complete Video-KYC now: http://epq9.com/2aAPO0u0zhGEGc,fraud,kyc_phish
+918558613356,Nykaa Alert: Suspicious activity on your account. Verify to continue shopping: http://kotak-kyc.in/DMDrV4Nw3f,fraud,fake_ecom
+918956424954,"LEGAL NOTICE: Your HDFC BANK loan EMI of Rs.7,500 is overdue. Pay immediately or face legal action. Call 9844310045.",fraud,emi_threat
+918536459927,"KOTAK BANK — Your KYC-linked reward of Rs.31,000 is ready. Claim before expiry: http://income-tax-refund.in/GnNw1XQKrsKV",fraud,fake_bank_credit
+919046413302,[BANK OF BARODA] Loan account XXXX9993 has missed 4 EMIs. Regularize immediately: 8094990095,fraud,emi_threat
+918679058798,"Received INR 66,500 on 705061XX88 at 17-08-2026 17:30. Quick UPI withdrawal available here: http://epq9.com/uckylhKzsCQ9jt",fraud,bhim_upi_fake
+919707686344,Post Office: Your parcel I3WUG0RQAP37 is on hold due to incomplete address. Update now: https://tinyurl.com/uSsl7pMyJ,fraud,fake_delivery
+918572690116,"Online earning opportunity: Rs.7,500/day. No investment. Join us: wa.me/919373710729",fraud,wfh_job_scam
+917865755391,"Goldman Sachs Advisory — proven strategy. Rs 170,000 weekly returns. Limited seats. https://ow.ly/MnijULz",fraud,fake_broker
+919539743140,"Rs95000 to Rs650,000 story. RBI listing confirmed. http://kotak-kyc.in/XOE9fVW9rSX0",fraud,rbi_govt_scheme
+918192445779,Final Warning from PaySense: KYC incomplete. Account will be closed by midnight. Verify now: http://ct3.io/cQL2qmIE,fraud,kyc_phish
+918718506083,Your Vi (Vodafone Idea) number will be cancelled due to KYC mismatch. Re-verify now: http://hdfc-kyc.com/IqzmCePAV9ST,fraud,sim_expiry_fraud
+919228027281,"WINNER ALERT: Your mobile number has won Rs.3,510,000 in Jio Lucky Draw. Claim: http://epq9.com/lSXDpsCIkclPFw",fraud,lottery_prize
+919802702595,"Your BSES meter will be blocked today. Pay Rs.2,100 immediately to avoid disruption. Helpline: 9699131702",fraud,utility_threat
+919359067344,"Dear borrower, UNION BANK loan account flagged for non-payment. Pay Rs.10,000 now: http://icici-verify.net/nl73Y2uLwvebeC",fraud,emi_threat
+918629749567,"Join Goldman Sachs Advisory premium group. Members earned Rs 493,000 last week. Register free: https://lihi.cc/myMCVlb",fraud,fake_broker
+919487718344,"FINAL WARNING: TNEB will disconnect power supply at 12:45 today. Pending bill Rs.6,800. http://kotak-kyc.in/Z0QbyGgsCJ",fraud,utility_threat
+917979906640,"RBI Digital Reward: Rs.3,030,000 allocated to your number. Claim via: wa.me/918430874886",fraud,lottery_prize
+917291349906,SBI Net Banking: Your login credentials expire soon. Update password: http://ct3.io/4TpDLZBUoxTc,fraud,sbi_yono_phish
+918896856452,Check your eligibility in 45 sec for UNION BANK Home Loan. Get welcome benefits up to Rs.500. T&C http://gov-scheme.in/5kjAAFQaRmNfy,fraud,fake_loan
+918039775235,Alert: Your PAN is not linked to Aadhaar. Account will be suspended. Update: http://axisbk-verify.com/Mzohit,fraud,aadhaar_pan_fraud
+919141641926,Ministry of Home Affairs: Your digital activity is under investigation. Cooperate: 9231348568,fraud,police_impersonation
+917583334519,"Your Max Life policy claim of Rs.71,000 approved. Collect by 25-06-2026: http://income-tax-refund.in/Gn5QryeJWhv7",fraud,insurance_fraud
+917805890991,"UNION BANK Business Loan now rate starts at 14.15%. Faster process, Zero Preclosure charges. Apply! 8256287073 Whatsapp wa.me/918287735215",fraud,fake_loan
+918484591571,"Arbitrage model: from 10K, RBI-backed plan. Morgan Stanley India members earned Rs 396,000. https://tinyurl.com/cNPh3CKF",fraud,fake_broker
+917227395365,Action required: Enter OTP 590650 to prevent unauthorized withdrawal from UNION BANK account: http://rbi-scheme.in/Fcxd6UJ,fraud,otp_theft
+918484382784,"CBDT Notice: Rs.36,500 tax refund pending for PAN XXXXX1234X. Claim now: http://kotak-kyc.in/jivWqRuduaSJw",fraud,income_tax_fraud
+918233334568,BitProfit India is offering 200% returns on crypto trades. Invest now: http://axisbk-verify.com/sVLBIl,fraud,crypto_scam
+918731900296,"Part time job available. Earn Rs.135,000/month doing simple tasks. Join: wa.me/919800364738",fraud,wfh_job_scam
+917729055765,"Tata AIA: Your policy will lapse in 24 hrs. Pay Rs.9,500 now to avoid coverage gap: http://linstok.com/fry23ypkQYNN",fraud,insurance_fraud
+918505767875,"Ministry of Finance: Atal Pension Yojana beneficiary — Rs.105,000 on hold. Submit KYC: http://yesbank-update.com/dvJFNX",fraud,fake_govt_scheme
+917709237649,"Goldman Sachs Advisory members earned Rs 257,000 last week. Start building smarter today. https://rb.gy/cxlR3NwfN",fraud,fake_broker
+918750004483,TRAI Notice: Your number is being used for criminal activity. It will be blocked in 2 hours. Call 7499834353.,fraud,police_impersonation
+918755535341,Alert: Your PAN is not linked to Aadhaar. Account will be suspended. Update: http://epq9.com/GkYGfL,fraud,aadhaar_pan_fraud
+917897055895,CBI Digital Crime Unit: You are under digital surveillance. Cooperate by calling 9447475358 now.,fraud,police_impersonation
+919446809970,"Congratulations! Rs.3,000/- credited to your YES BANK account by GOVT scheme. Claim now: http://icicisecure.net/Bjyd6TLNke",fraud,fake_bank_credit
+919268247183,"Rs.67,000 survival benefit from HDFC Life ready. Update NEFT details: http://linstok.com/KROadElH",fraud,insurance_fraud
CP-GOVTSC,Final Warning from mPokket: KYC incomplete. Account will be closed by midnight. Verify now: http://hdfc-kyc.com/191ezqShWOHb,fraud,kyc_phish
+917522439086,"YES BANK ALERT: Rs.42,500 credited to A/c ending 8427. If unrecognized, verify immediately: http://kotak-kyc.in/7qXLy4pIlD",fraud,fake_bank_credit
+917427896754,Supreme Court Summons: Your PAN is linked to a fraud case. Respond within 2 hrs: 9053910121,fraud,police_impersonation
+917709984342,"Citibank Wealth — proven strategy. Rs 432,000 weekly returns. Limited seats. https://rb.gy/EilbVaqz",fraud,fake_broker
+918199259172,"Join Credit Suisse India premium group. Members earned Rs 415,000 last week. Register free: https://t.ly/YxTslaRJ0",fraud,fake_broker
+919710014865,"Transaction declined for Rs.46,500 on YES BANK card. Confirm details: http://icicisecure.net/2eYB2jYKg",fraud,credit_card_fraud
+919988002037,"Plot available near Hyderabad highway. Rs.1,600,000. Direct owner. WhatsApp: wa.me/918111776476",fraud,real_estate_fraud
+919956198060,Airtel Alert: Your current SIM will be deactivated tonight. Call 8499091299 to retain number.,fraud,sim_expiry_fraud
+919359329815,Kotak Life Agent: Special 80% discount on life cover. Offer ends today. Call: 9498118521,fraud,insurance_fraud
+918340482198,Income Tax Dept: PAN-Aadhaar linking pending. Penalty Rs.1000/day after 25-11-2025. http://kotak-kyc.in/wEjwhfb9As,fraud,aadhaar_pan_fraud
+917434698937,"Exclusive: Deutsche Securities stock tips returned Rs 273,000 for members this week. https://rb.gy/k8BpK",fraud,fake_broker
CP-MPOKKT,URGENT: Your CashBean account will be deactivated in 24 hours. Complete Video-KYC now: http://axisbk-verify.com/LuJ7MzkCWcnan,fraud,kyc_phish
TX-LOANOK,"Dear Customer, your ICICI BANK KYC will expire on 15-10-2026. Update Aadhaar to avoid account suspension: http://paytm-kyc.net/73ptm98",fraud,dlt_kyc_phish
+918357970537,"Dear Customer, your Ekart parcel failed delivery attempt. Reschedule: https://s.id/1WXyJW",fraud,fake_delivery
+919883799135,"Crypto arbitrage: Rs.10K → Rs.22,000 in 7 days. Goldify verified. Join: https://cutt.ly/oQir7bF8",fraud,crypto_scam
+917595239303,"Suspicious transaction of Rs.22,500 on CANARA BANK card. To block click: http://epq9.com/cdkQL4NO",fraud,credit_card_fraud
VM-GETJOB,"Your MoneyView loan account is FROZEN. To unfreeze, complete video KYC immediately: http://sbi-secure.in/WJ1vQ7TGlmZ",fraud,kyc_phish
+918628194946,"Affordable flats near IT park. Rs.4,350,000. Book with Rs.19,000 token. wa.me/917595995413",fraud,real_estate_fraud
+919881569581,"Transaction alert: Rs.33,000 credited by BHIM SBI to 9261xxxx4508. Redeem now: http://linstok.com/ZCkNwmEMMxC",fraud,bhim_upi_fake
+918215969459,"Ayushman Bharat: You are eligible for Rs.85,000 grant. Register now: http://axisbk-verify.com/YCJ34XyW",fraud,fake_govt_scheme
+917256998759,Ekart Alert: Package GCF9SPQDNBLW requires address confirmation. Update within 24 hrs: https://lihi.cc/8v6bvxgn2,fraud,fake_delivery
+919326820404,Nykaa: Your air conditioner delivery requires payment of Rs.400 customs. Pay: http://sbi-secure.in/SdJKvSY,fraud,fake_ecom
+918143715428,SBI YONO: Your debit card will be blocked. Prevent it by verifying: http://ct3.io/MZiLqtZBf5fvom,fraud,sbi_yono_phish
+917509444341,"Dear Consumer, your Adani Electricity electricity connection will be disconnected tonight at 9:30 PM due to non-payment of Rs.3,700. Pay now or call 9481566624.",fraud,utility_threat
+919982561657,"Kindly update your delivery location within 12 hours, otherwise we will proceed to return the product: https://bit.ly/MvDQaR",fraud,fake_delivery
+917235584411,"!$! ProfitEdge DEALER ACCOUNT — Make Rs.229,000/month guaranteed. Register: https://s.id/etoaY1",fraud,crypto_scam
+918360849422,"[UPI] Transaction of Rs.29,000 pending. Confirm with OTP 169358: http://kotak-kyc.in/kuRtu2LJCZV88",fraud,otp_theft
+917595547962,NSDL: Your PAN card will be deactivated on 03-04-2026. Link with Aadhaar now: http://sbi-secure.in/2O4Jv4SO,fraud,aadhaar_pan_fraud
+917400250588,"[UNION BANK] Rs.44,500 has been CREDITED to XXXX9094. Confirm the transaction: http://hdfc-kyc.com/TkkPxFbHeB",fraud,fake_bank_credit
+918742356101,"Dear Candidate, Amazon India HR team found your profile. Interview scheduled. Confirm: 8810258051",fraud,fake_job_offer
+919289165682,"Dear BSNL subscriber, new TRAI regulation requires SIM re-registration. Call: 9840045620",fraud,sim_expiry_fraud
+917904444282,"IMPORTANT ALERT! Account BLOCKED due to incomplete re-KYC as per RBI guideline. To activate your account, complete VIDEO-KYC URGENTLY. Loan up to Rs.45,000 instantly http://axis-bank.online/mUKEUx -Dhani",fraud,kyc_phish
+918723421892,Your BSNL number will be cancelled due to KYC mismatch. Re-verify now: http://epq9.com/RQDqxYWfsxtGUb,fraud,sim_expiry_fraud
+918485733168,INDIRA Securities helps you achieve stock market success with real guidance. https://ow.ly/PMf7otYjc,fraud,fake_broker
+919564709204,"Video rating job: earn Rs.3,500/day. 1-2 hrs work. WhatsApp: wa.me/917859435368",fraud,wfh_job_scam
+917003425025,Deutsche Securities helps you achieve stock market success with real guidance. https://t.ly/Y5Slj9,fraud,fake_broker
+917094632376,"Alert: CESC disconnection scheduled for tonight. Bill due Rs.5,900. Avoid by calling 9441719858 now.",fraud,utility_threat
+919330075522,BARCLAYS helps you achieve stock market success with real guidance. https://t.ly/ZmZ2TAYe,fraud,fake_broker
+918044823898,Supreme Court Summons: Your PAN is linked to a fraud case. Respond within 2 hrs: 9438054130,fraud,police_impersonation
TM-CASHNW,"Dear User, your Dhani account has been temporarily blocked. Update KYC to continue: http://gov-scheme.in/Lj78OWWq",fraud,kyc_phish
+917331046604,"Hi 9057XXXX88, Rs.7,000/- is Transferred to Your A/c By BHIM SBI Ref ID: REEVLOXXX. Withdraw Cash NOW http://sbicard-update.com/a8zY0tABs1jA",fraud,bhim_upi_fake
+917034579321,Check your eligibility in 45 sec for ICICI BANK Gold Loan. Get welcome benefits up to Rs.500. T&C http://icicisecure.net/or4iAl2MfjE6,fraud,fake_loan
+918231395512,Meesho Prize: You've been selected for a free TV! Claim before 24 hrs: http://icicisecure.net/cPbIJIkiUi4N,fraud,fake_ecom
+919956755030,"Dear Sir/Madam, Aadhaar verification failed for your YES BANK account. Re-verify: http://sr3.in/mE4tYRuci",fraud,aadhaar_pan_fraud
+917922178401,Your shipment has been held at customs. Pay Rs.110 customs duty to release: https://s.id/cSZlp,fraud,fake_delivery
+918841403011,BITCOIN opportunity: Double your investment in 48 hrs with CoinMax. Limited: http://epq9.com/KQcRgRukB2L,fraud,crypto_scam
+918415369004,"Urgent: Flipkart seller issued refund Rs.1,700. To receive, update account: http://mktasset.com/4rI6U7PfEU",fraud,fake_ecom
+917402139311,"Kindly update your delivery location within 12 hours, otherwise we will proceed to return the product: https://bit.ly/mLQEzw",fraud,fake_delivery
+917804546517,"Rs.68,000 survival benefit from Bajaj Allianz ready. Update NEFT details: http://axis-bank.online/V4DemkHZRTpm",fraud,insurance_fraud
+917884528946,Final attempt: Ecom Express was unable to deliver your package. Click to reschedule: https://lihi.cc/nYRZtcTi,fraud,fake_delivery
+917006395662,"ForexPro India — Top trading signals. Members earned Rs.280,000 this month. Join: http://ct3.io/dX2pJKT2jrmyO",fraud,crypto_scam
+919789220789,"Job offer from Cognizant: Rs.38,000/month. Work from home. Registration fee Rs.1400. http://sbi-secure.in/rt4MKz",fraud,fake_job_offer
TM-CASHNW,"Attention! Account BLOCKED, Complete Video-KYC now to Activate your Account and get a limited-time 50% off on interest rates for your next loan http://hdfcloan-apply.in/JRG9vHng -Fibe",fraud,kyc_phish
+919782410218,"Online earning opportunity: Rs.5,500/day. No investment. Join us: wa.me/917886080188",fraud,wfh_job_scam
+918998641263,[ICICI BANK] OTP for fund transfer: 057493. Valid 10 mins. Share this OTP with our executive to complete KYC.,fraud,otp_theft
+918028149004,"Online earning opportunity: Rs.9,500/day. No investment. Join us: wa.me/919596503099",fraud,wfh_job_scam
+919016113387,UIDAI: Biometric mismatch on your Aadhaar. Update within 24 hrs: http://hdfc-kyc.com/AgfLUSY,fraud,aadhaar_pan_fraud
+919414680175,"Rs 190,000 profit guaranteed with Goldman Sachs Advisory strategy. Join members now: https://cutt.ly/NPeILk",fraud,fake_broker
+918598785634,"Electric meter tampering detected. Fine Rs.2,100. Avoid FIR by calling helpline: 8857441033",fraud,utility_threat
JD-SMKKBM,UNION BANK KYC expired. Account restricted. Update at: http://icicisecure.net/MSTsrIp6,fraud,dlt_kyc_phish
+919123419440,"BHIM Ref ID: XTBAC6IWHL. Rs.95,000 sent to 9681XXXX. Withdraw Cash NOW http://ct3.io/5HyBhIuwoYlzw",fraud,bhim_upi_fake
+917976440929,URGENT: Your LazyPay account will be deactivated in 24 hours. Complete Video-KYC now: http://sr3.in/ClbYCJAy,fraud,kyc_phish
+918338108466,"Airtel Lucky Winner: Your number won Rs.4,400,000. Claim before 48 hrs: 9258340966",fraud,lottery_prize
+917365345347,"Unauthorized transaction detected on your YES BANK card: Rs.8,500. Report: http://rbi-scheme.in/DtUSuW5qspMD",fraud,credit_card_fraud
+919863768111,"Achieve Rs 274,000 in weekly profits with JP Morgan India's trusted advice. https://ow.ly/lbf6OZ6",fraud,fake_broker
+917701185219,"Simple online tasks. Rs.8,000/day. Work from home. WhatsApp now: wa.me/917868463861",fraud,wfh_job_scam
+919192254149,NSDL: Your PAN card will be deactivated on 22-10-2025. Link with Aadhaar now: http://paytm-kyc.net/bxWc9gQB7vM,fraud,aadhaar_pan_fraud
+919268678116,"Govt approved investment scheme: Rs.4,480,000 guaranteed return. Apply now: http://icici-verify.net/BYFsQrSUkMqpwO",fraud,rbi_govt_scheme
+917354484701,"Income Tax refund Rs.31,500 has been processed. Update Aadhaar-linked A/c: http://linstok.com/YPFjYEWK",fraud,income_tax_fraud
+918501636757,NSDL: Your PAN card will be deactivated on 17-08-2025. Link with Aadhaar now: http://ct3.io/N6tf6fi7RJ,fraud,aadhaar_pan_fraud
+917552953514,"Govt approved investment scheme: Rs.2,960,000 guaranteed return. Apply now: https://rb.gy/cZ3nWc",fraud,rbi_govt_scheme
+918787029935,NOTICE: Your parcel is waiting at the warehouse. Pay Rs.60 shipping fee to release: https://s.id/RUQxGY,fraud,fake_delivery
+917210299182,"Flash reward from Snapdeal: Rs.1,700 cashback waiting. Claim: http://income-tax-refund.in/UuLI6E",fraud,fake_ecom
+918425522732,"Your resume has been selected by Infosys. Rs.56,000 salary. Call HR: 8436044815",fraud,fake_job_offer
+919196236115,"URGENT HIRING: work from home, earn Rs.9,000/day. Limited seats. wa.me/917041432503",fraud,wfh_job_scam
+919786872975,"HDFC BANK — Your KYC-linked reward of Rs.27,000 is ready. Claim before expiry: http://icici-verify.net/4247ZWih",fraud,fake_bank_credit
+919467891943,"Dear Customer, your Amazon Logistics parcel failed delivery attempt. Reschedule: https://lihi.cc/dXGMSUv1",fraud,fake_delivery
+919956686179,UIDAI Notice: Your Aadhaar is not linked to SBI. Link before 05-02-2025 to avoid account freeze: http://ct3.io/W8rWImJFZ,fraud,aadhaar_pan_fraud
+917000619432,"Your SBI OTP is 463871. DO NOT share with anyone. If you didn't request this, report: http://epq9.com/qgRdPaUqJGFnK",fraud,otp_theft
+919015802856,"TNEB Notice: Rs.6,500 electricity bill overdue. To avoid disconnection call our executive: 8649754487",fraud,utility_threat
+918051745954,Your package is at the nearest post office. Pay Rs.110 to receive it: https://tinyurl.com/t1nV37W,fraud,fake_delivery
+918698061962,"Achieve Rs 545,000 this week with INDIRA Securities expert insights. Better returns start today. https://s.id/nEdwc",fraud,fake_broker
+919981769758,"Dear Policyholder, your LIC bonus of Rs.57,000 is ready. Claim before expiry: http://paytm-kyc.net/UDeUsJvWnZEoM6",fraud,insurance_fraud
+918753978111,Part time with TCS: Rs.2300/hour. Work 3 hrs/day. Apply: wa.me/918763131018,fraud,fake_job_offer
+918810883888,"Dear Customer, link Aadhaar to your AXIS BANK account immediately. Deadline: 10-12-2025. http://kotak-kyc.in/xsZGghIyYmyqN",fraud,aadhaar_pan_fraud
+917492433025,"Land for sale: 3 acres near Chennai. Rs.4,550,000. Call 8203048135",fraud,real_estate_fraud
+919762053168,Post Office: Your parcel MXK2ADE5JQ4J is on hold due to incomplete address. Update now: https://tinyurl.com/LcUdZM,fraud,fake_delivery
+917099525047,AlgoTrade24 is offering 200% returns on crypto trades. Invest now: http://income-tax-refund.in/yqU53c8rFVl0,fraud,crypto_scam
+918150831511,"GOVT housing scheme: 1BHK for Rs.530,000. Apply online: http://icicisecure.net/ydWQIa",fraud,real_estate_fraud
+918186751562,Get instant PNB Education Loan approval in minutes. Rate 12.07%. Call 8252949656 or apply: http://linstok.com/uIDqruJuew,fraud,fake_loan
+917637647776,"NOTICE: Rs.48,000 reversal pending in ICICI BANK account XXXX7846. Confirm: http://sbicard-update.com/1N3AEUDOid5e2",fraud,fake_bank_credit
+918287137213,"Your Indraprastha Gas meter will be blocked today. Pay Rs.3,800 immediately to avoid disruption. Helpline: 9035154198",fraud,utility_threat
+918141810536,Action required: Enter OTP 998205 to prevent unauthorized withdrawal from PNB account: http://sr3.in/iVYUZusQ,fraud,otp_theft
+917371724868,"Land for sale: 1 acres near Chennai. Rs.4,600,000. Call 7861204915",fraud,real_estate_fraud
+917012049465,Your ATM PIN has been reset. New OTP: 883747. Call our helpdesk to confirm: http://axis-bank.online/ngkfuHmkfT6r,fraud,otp_theft
+917018978235,"Dear Customer, link Aadhaar to your YES BANK account immediately. Deadline: 22-12-2025. http://sr3.in/1woQpX",fraud,aadhaar_pan_fraud
+919090938958,Ministry of Home Affairs: Your digital activity is under investigation. Cooperate: 7468965773,fraud,police_impersonation
+919223645143,CANARA BANK Personal Loan Interest Rates Starts at 9.92%. Faster Process & Door Step Service. Apply! 7830678239 T&C http://icici-verify.net/dMBKjSiG7AVnVR,fraud,fake_loan
+918178603319,"Amazon product review job from home. Earn Rs.5,500/task. wa.me/919428327221",fraud,wfh_job_scam
+918073137139,"[GOVT] Your application for PM Garib Kalyan approved. Get Rs.140,000. Confirm Aadhaar: http://axisbk-verify.com/pxZDdA",fraud,fake_govt_scheme
+919195612529,"PM Office: Ayushman Bharat cash benefit Rs.40,000 credited to your account. Verify: http://sbicard-update.com/cz5BQpZji",fraud,fake_govt_scheme
+917889750618,"ED Notice: Money laundering case linked to your Aadhaar. Pay Rs.41,000 or face arrest. Call 7262080862.",fraud,police_impersonation
+918749891146,[BANK SECURITY] Your account is being accessed. Enter OTP 696908 to block transaction: http://sr3.in/8Oin7lhC,fraud,otp_theft
+917230119674,"Transaction declined for Rs.49,500 on KOTAK BANK card. Confirm details: http://gov-scheme.in/zWxcx4yN",fraud,credit_card_fraud
+919555478352,"CBDT Notice: Rs.20,000 tax refund pending for PAN XXXXX1234X. Claim now: http://icici-verify.net/iHYYqBybwJpP",fraud,income_tax_fraud
+918536749182,"Achieve Rs 414,000 in weekly profits with Citibank Wealth's trusted advice. https://ow.ly/YSPH8UC",fraud,fake_broker
BW-INCASH,[UNION BANK] Compliance: Update e-KYC before 07-12-2026 to avoid deactivation: http://axis-bank.online/d2icNJWJ,fraud,dlt_kyc_phish
+918601901706,"USDT trading signal group — earn Rs.439,000/day. Free join: https://lihi.cc/RZK4P",fraud,crypto_scam
+919874073573,"[BANK OF BARODA] Rs.6,500 has been CREDITED to XXXX5544. Confirm the transaction: http://sbi-secure.in/wvYaWkalzmTExM",fraud,fake_bank_credit
TX-LOANOK,Final Warning from MoneyView: KYC incomplete. Account will be closed by midnight. Verify now: http://sbicard-update.com/V1ea6RpFM2ACc1,fraud,kyc_phish
+919402721227,"RBI-backed arbitrage plan: invest Rs.10K, earn Rs.2,260,000/month. Limited slots. http://sr3.in/HJkV2xrqul",fraud,rbi_govt_scheme
+918170876031,"Online earning opportunity: Rs.4,000/day. No investment. Join us: wa.me/919212014793",fraud,wfh_job_scam
+918907386075,"FedEx India: Due to an incorrect house number, we are unable to deliver your package. Please update your address: https://tinyurl.com/yqUWMQ",fraud,fake_delivery
+917671318915,"Cyber Crime Police: Your IP address has been traced to illegal activity. Pay Rs.15,000 settlement. Call 7090096615.",fraud,police_impersonation
+918961330689,"Citibank Wealth — proven strategy. Rs 328,000 weekly returns. Limited seats. https://cutt.ly/XOXhRd6j",fraud,fake_broker
+917422371795,Security alert: Someone is trying to access your YES BANK account. Verify with OTP 346969 here: http://rbi-scheme.in/uzIN9VHLL91sp,fraud,otp_theft
+918041521824,"Buy flat in Bangalore: Rs.4,950,000. Registry done in 2 days. No broker. Call 9677718692",fraud,real_estate_fraud
JD-SMKKBM,Final Warning from KreditBee: KYC incomplete. Account will be closed by midnight. Verify now: http://sbicard-update.com/yEcG4FbBbFXW,fraud,kyc_phish
+917237899856,[Airtel] SIM upgrade required. Failure to upgrade by midnight will deactivate your number. 7293917647,fraud,sim_expiry_fraud
+917297606279,NSDL: Your PAN card will be deactivated on 05-04-2026. Link with Aadhaar now: http://hdfc-kyc.com/vsiaWuM7h9GVG6,fraud,aadhaar_pan_fraud
+919041750003,"PM Office: PM Ujjwala Yojana cash benefit Rs.65,000 credited to your account. Verify: http://rbi-scheme.in/CFKey47k",fraud,fake_govt_scheme
+919109574754,"Earn Rs.150,000 monthly from home. Flexible hours. Register: wa.me/917627155166",fraud,wfh_job_scam
+918393702511,"Dear Candidate, Wipro HR team found your profile. Interview scheduled. Confirm: 9215856751",fraud,fake_job_offer
+918822014097,"Dear beneficiary, your Ayushman Bharat payment of Rs.125,000 is approved. Claim: http://epq9.com/nOsLJnwOiR4qMg",fraud,fake_govt_scheme
+918273011778,UIDAI Notice: Your Aadhaar is not linked to ICICI BANK. Link before 10-09-2025 to avoid account freeze: http://gov-scheme.in/hETKsxy,fraud,aadhaar_pan_fraud
+919307927494,Your order from Amazon is on hold. Confirm delivery address within 6 hours: https://s.id/hIbCYn,fraud,fake_delivery
+918852075782,Final Warning from MoneyView: KYC incomplete. Account will be closed by midnight. Verify now: http://gov-scheme.in/vED8LNi65xIH,fraud,kyc_phish
+919118455064,Check your eligibility in 45 sec for ICICI BANK Personal Loan. Get welcome benefits up to Rs.500. T&C wa.me/919067516024,fraud,fake_loan
+919812273854,"URGENT: Your electricity supply will be disconnected in 2 hours. Outstanding bill Rs.4,000. Pay: http://ct3.io/oT9UGiFkniND8",fraud,utility_threat
+918692815178,"MSME Loan Scheme 2026 - Rs.115,000/- can be credited in your Bank. Check eligibility: http://sbicard-update.com/EiNiGTGbSN",fraud,rbi_govt_scheme
+918731587539,"You have been selected for HCL online job vacancy. Salary Rs.60,000. Joining fee applies. 8835615201",fraud,fake_job_offer
+918271761037,"Dear Customer, your India Post parcel failed delivery attempt. Reschedule: https://rb.gy/pGVvZ",fraud,fake_delivery
+918454836045,CBI Digital Crime Unit: You are under digital surveillance. Cooperate by calling 7844821364 now.,fraud,police_impersonation
+918644373390,Action Required! KreditBee: Your account is blocked due to pending KYC. Click to verify: http://sr3.in/jTpCCxLeiDjlaF,fraud,kyc_phish
+919407778428,"URGENT: Your electricity supply will be disconnected in 2 hours. Outstanding bill Rs.6,800. Pay: http://epq9.com/uHQ2KphkhqTK",fraud,utility_threat
+919729650303,"Dear Customer, link Aadhaar to your UNION BANK account immediately. Deadline: 01-12-2026. http://sbi-secure.in/xUI98YXQxLy6",fraud,aadhaar_pan_fraud
+918613491652,"Airtel Lucky Winner: Your number won Rs.790,000. Claim before 48 hrs: 9606725084",fraud,lottery_prize
+918301984942,"Tax refund alert: Rs.38,500 ready. Submit bank details to receive: http://yesbank-update.com/O2rIcMb",fraud,income_tax_fraud
+919974494524,BSNL Alert: Your current SIM will be deactivated tonight. Call 7261739097 to retain number.,fraud,sim_expiry_fraud
+919879508464,"PM Kisan Yojana 2026: New beneficiaries selected. Your name found. Collect Rs.5,000: http://gov-scheme.in/UwcHMNdPI6W5",fraud,fake_govt_scheme
+918521918469,"Work from home opportunity! Earn Rs.9,500/day. No experience needed. WhatsApp: wa.me/917176290389",fraud,wfh_job_scam
+917645528419,NSDL: Your PAN card will be deactivated on 03-04-2025. Link with Aadhaar now: http://sr3.in/6iNEaaMas,fraud,aadhaar_pan_fraud
+918316879637,Get instant HDFC BANK Personal Loan approval in minutes. Rate 10.72%. Call 8484341800 or apply: wa.me/919543278859,fraud,fake_loan
+919751923890,"Your GAIL Gas meter will be blocked today. Pay Rs.2,900 immediately to avoid disruption. Helpline: 8695685787",fraud,utility_threat
+919809978459,"Received INR 92,000 on 765319XX38 at 07-01-2025 20:30. Quick UPI withdrawal available here: http://ct3.io/8xQRmmo",fraud,bhim_upi_fake
+917590038699,"Hiring now: Part-time online workers. Rs.195,000/month guaranteed. wa.me/918405314368",fraud,wfh_job_scam
+918517300865,"Earn Rs.195,000 monthly from home. Flexible hours. Register: wa.me/917835639851",fraud,wfh_job_scam
+918265208281,"SBI Credit Card Alert: Rs.20,500 transaction on your card ending 5456. Not you? Block: http://ct3.io/4i95YBUgq",fraud,credit_card_fraud
+919199210373,"PM Kisan Yojana 2026: New beneficiaries selected. Your name found. Collect Rs.135,000: http://rbi-scheme.in/64VerZtzeuX9",fraud,fake_govt_scheme
+917882945125,"[UPI] Transaction of Rs.36,500 pending. Confirm with OTP 248457: http://ct3.io/tRFFPyx1",fraud,otp_theft
+919939873032,"RBI Digital Saving Scheme 2026: Invest Rs.5K get Rs.3,425,000 in 90 days. https://rb.gy/tSpIcmKnE",fraud,rbi_govt_scheme
+917572855827,India's stock market is rising! Join JP Morgan India for expert advice on profitable investments. https://cutt.ly/lh0CPNL,fraud,fake_broker
+918856746131,Your package is at the nearest post office. Pay Rs.170 to receive it: https://rb.gy/iSyalKhY,fraud,fake_delivery
+919789880042,"Your CashBean loan account is FROZEN. To unfreeze, complete video KYC immediately: http://kotak-kyc.in/rDqaNy5",fraud,kyc_phish
+918158107148,"UPI Transfer: INR 23,500 received on 8627XXXX9965 from government scheme. Withdraw: http://hdfc-kyc.com/zAz8uwtE95yn",fraud,bhim_upi_fake
+919633599514,"[BSES] Your account has been flagged. Pay Rs.5,500 or face legal action. Call: 7003605885",fraud,utility_threat
+919267710123,"Transaction declined for Rs.56,000 on SBI card. Confirm details: http://axisbk-verify.com/ZPW4GpLV",fraud,credit_card_fraud
+917580653943,YES BANK is offering Personal Loan upto Rs.50 Lakh at just 11.25% p.a. Fast approval. Apply via http://ct3.io/1tEh5Ao7Nirp0,fraud,fake_loan
+919915399921,"Dear Customer, your OTP 213951 for updating net banking is valid for 5 min. Call 1800XXXXXX if not requested.",fraud,otp_theft
+917420295271,"Congratulations! Rs.29,500/- credited to your SBI account by GOVT scheme. Claim now: http://paytm-kyc.net/Tr0UoJ8Irn",fraud,fake_bank_credit
CP-MPOKKT,Your Dhani account is SUSPENDED. Complete KYC immediately to avoid permanent closure. http://sbi-secure.in/xRPeZ1bweeJY,fraud,kyc_phish
+919023972050,Income Tax Dept: PAN-Aadhaar linking pending. Penalty Rs.1000/day after 22-02-2026. http://mktasset.com/DacBrC,fraud,aadhaar_pan_fraud
+918917141782,"BHIM Ref ID: XIT6E5SDDA. Rs.21,000 sent to 7212XXXX. Withdraw Cash NOW http://hdfcloan-apply.in/g5a1roWK",fraud,bhim_upi_fake
+919914313351,Ecom Express Alert: Package 54G8TBZOPSO6 requires address confirmation. Update within 24 hrs: https://tinyurl.com/ADSgoViyg,fraud,fake_delivery
+917505824604,SBI: Your internet banking will be blocked in 24 hrs. Confirm identity: http://yesbank-update.com/aZWxdxB3,fraud,sbi_yono_phish
+917910876199,"Online job at TCS: data entry, social media tasks. Rs.58,000/month. Join: http://yesbank-update.com/edMntP",fraud,fake_job_offer
+919813790072,"Congratulations! Rs.2,000/- credited to your CANARA BANK account by GOVT scheme. Claim now: http://linstok.com/LtpBvR3Z65",fraud,fake_bank_credit
+919539139804,"HCL Recruitment 2026: Walk-in-interview. Earn Rs.48,000/month. Register: http://mktasset.com/JQHkBhoMXspUai",fraud,fake_job_offer
+918480852790,"Dear beneficiary, your Ayushman Bharat payment of Rs.35,000 is approved. Claim: http://axisbk-verify.com/UnfMUhrFTQfa0",fraud,fake_govt_scheme
+918339722698,"UNION BANK: An unusual transaction of Rs.24,000 detected. To block/confirm: http://icicisecure.net/RbIgix",fraud,fake_bank_credit
+918365163331,Myntra: Your order for refrigerator (Order #G8J23DW5PO) is on hold. Pay Rs.2300 to release: http://kotak-kyc.in/RzQHy5YZAxTwpB,fraud,fake_ecom
+917691339624,"Suspicious transaction of Rs.28,500 on PNB card. To block click: http://hdfc-kyc.com/kHiUwCnXIlTgV",fraud,credit_card_fraud
+918786729697,"Land for sale: 8 acres near Indore. Rs.2,450,000. Call 9657689646",fraud,real_estate_fraud
+919183906367,"Pradhan Mantri Yojana: Rs.3,680,000 grant approved for your family. Click: http://axisbk-verify.com/QJfMxnjPp",fraud,rbi_govt_scheme
QP-REFUND,"Dear Customer, your CANARA BANK KYC will expire on 15-04-2025. Update Aadhaar to avoid account suspension: http://ct3.io/NaCO3Z",fraud,dlt_kyc_phish
TM-CASHNW,URGENT: Your MoneyView account will be deactivated in 24 hours. Complete Video-KYC now: http://ct3.io/JadH08twQXGL,fraud,kyc_phish
+918418449541,Final Warning from SmartCoin: KYC incomplete. Account will be closed by midnight. Verify now: http://epq9.com/t3t9Vj0OXdjocq,fraud,kyc_phish
VK-KREDTS,"IMPORTANT ALERT! Account BLOCKED due to incomplete re-KYC as per RBI guideline. To activate your account, complete VIDEO-KYC URGENTLY. Loan up to Rs.45,000 instantly http://axis-bank.online/WL1gIFk -Navi Loan",fraud,kyc_phish
+918775634927,BANK OF BARODA: Your credit card XXXX8610 has been temporarily blocked. To unblock: http://kotak-kyc.in/myZTLtfL8dZrT,fraud,credit_card_fraud
+917340834899,"Flipkart Big Billion Lucky Winner: Rs.4,170,000 + gifts. Collect: wa.me/917431029401",fraud,lottery_prize
+917992749415,"Central Govt Grant: Rs.195,000 allocated under PM Kisan Yojana. Apply today: http://ct3.io/xk7UeWVWNanCp",fraud,fake_govt_scheme
+918611016796,Congratulations! You are pre-selected for a YES BANK Education Loan at 14.38% p.a. Limited time offer. http://ct3.io/rcqx6ifHk,fraud,fake_loan
TM-CASHNW,URGENT: CANARA BANK account will be closed in 48 hrs due to incomplete KYC: http://axis-bank.online/Z3ML8fApYJRUk,fraud,dlt_kyc_phish
+918179051429,NOTICE: Your parcel is waiting at the warehouse. Pay Rs.100 shipping fee to release: https://lihi.cc/nr2lQovC3,fraud,fake_delivery
+917723843191,"[CESC] Your account has been flagged. Pay Rs.4,300 or face legal action. Call: 9610842484",fraud,utility_threat
QP-REFUND,"IMPORTANT ALERT! Account BLOCKED due to incomplete re-KYC as per RBI guideline. To activate your account, complete VIDEO-KYC URGENTLY. Loan up to Rs.45,000 instantly http://epq9.com/VDfVSvZpO1R -Navi Loan",fraud,kyc_phish
+917018728981,Final OTP to complete KOTAK BANK KYC verification: 640935. Share with bank executive on call.,fraud,otp_theft
+917065449421,"USDT trading signal group — earn Rs.119,000/day. Free join: https://tinyurl.com/PpF6tFG",fraud,crypto_scam
+917636097306,Congratulations! You are pre-selected for a BANK OF BARODA Gold Loan at 13.06% p.a. Limited time offer. http://income-tax-refund.in/lwHKABjwwop,fraud,fake_loan
+919645770190,Amazon: Your refrigerator delivery requires payment of Rs.3400 customs. Pay: http://kotak-kyc.in/muCVZ1mxgA,fraud,fake_ecom
+919164236219,RBI Mandate: Aadhaar-Bank linking mandatory by 17-11-2026. Update to avoid freeze: http://linstok.com/1JfDK2TQ,fraud,aadhaar_pan_fraud
+919676660370,"PNB Card Services: EMI due of Rs.47,500 overdue. Pay to avoid legal action: http://hdfcloan-apply.in/qyUxWgdRcoTypo",fraud,credit_card_fraud
+919720194443,"Dear Vi (Vodafone Idea) subscriber, new TRAI regulation requires SIM re-registration. Call: 7407822466",fraud,sim_expiry_fraud
+917063910049,"H0me based J0B available. Earn Rs.6,500 per day. wa.me join: wa.me/919240838199",fraud,wfh_job_scam
+917236579727,"Hi 7825XXXX25, Transaction successfully done of Rs.86,500 to your account on 22-10-2026. Withdraw N0W: http://linstok.com/pbu1J7ESh3",fraud,bhim_upi_fake
+919719934999,"Verified: Citibank Wealth advisor group. Rs 538,000 earned by members 01-03-2026. https://t.ly/tO4fJHS",fraud,fake_broker
+918333669240,"Mahanagar Gas: Connection termination scheduled. Clear dues Rs.2,800 by calling: 9656059772",fraud,utility_threat
+917605616084,"Online earning opportunity: Rs.3,500/day. No investment. Join us: wa.me/919085818216",fraud,wfh_job_scam
+919340242452,"[GOVT] Your application for Sukanya Samriddhi approved. Get Rs.165,000. Confirm Aadhaar: http://hdfc-kyc.com/V83TmT0l",fraud,fake_govt_scheme
+918808567933,"URGENT SALE: 2BHK flat for Rs.4,700,000. Owner going abroad. Immediate registry. 9210962916",fraud,real_estate_fraud
+918688346475,"Attention! Account BLOCKED, Complete Video-KYC now to Activate your Account and get a limited-time 50% off on interest rates for your next loan http://icicisecure.net/USCXtlVRmBIxJh -CashBean",fraud,kyc_phish
+918701465640,"Ayushman Bharat 2026: New beneficiaries selected. Your name found. Collect Rs.30,000: http://gov-scheme.in/HPbMDlcyGU",fraud,fake_govt_scheme
+919348968357,"Video rating job: earn Rs.4,500/day. 1-2 hrs work. WhatsApp: wa.me/919612229864",fraud,wfh_job_scam
+918774926056,"Hiring now: Part-time online workers. Rs.120,000/month guaranteed. wa.me/919194333985",fraud,wfh_job_scam
+917477151985,Congratulations! You are pre-selected for a HDFC BANK Business Loan at 13.91% p.a. Limited time offer. wa.me/918311798039,fraud,fake_loan
+918369957735,"Simple online tasks. Rs.9,000/day. Work from home. WhatsApp now: wa.me/917911315143",fraud,wfh_job_scam
+919642474333,"Dear Customer, your Ekart parcel failed delivery attempt. Reschedule: https://lihi.cc/J5E85",fraud,fake_delivery
+919039879760,"Congratulations! Rs.28,000/- credited to your CANARA BANK account by GOVT scheme. Claim now: http://icicisecure.net/10zJO9Fuu",fraud,fake_bank_credit
+918610414879,PNB is offering Gold Loan upto Rs.50 Lakh at just 10.07% p.a. Fast approval. Apply via http://sbicard-update.com/9MOx9V,fraud,fake_loan
+919615232534,"Govt of India: Rs.185,000 sanctioned under PM Garib Kalyan. Last date 19-11-2025. Apply: http://sr3.in/DNe0OO7CXVQ",fraud,fake_govt_scheme
+917025798736,"Register: https://ow.ly/gCQzC ? Goldify Golden Opportunity to make Rs.39,000+ income in a Day. Join now!",fraud,crypto_scam
+919524382811,"Invest Rs.10,000 in AlgoTrade24 and earn Rs.473,000 in 30 days. Verified traders. https://cutt.ly/UXkZM",fraud,crypto_scam
+919381308838,"Achieve Rs 545,000 this week with JP Morgan India expert insights. Better returns start today. https://lihi.cc/Wi2Y6Pi",fraud,fake_broker
+919215239685,"URGENT: Your electricity supply will be disconnected in 2 hours. Outstanding bill Rs.4,100. Pay: http://mktasset.com/PcbDEuu6nFV",fraud,utility_threat
+919620787591,"Received INR 91,500 on 748614XX48 at 10-03-2025 13:30. Quick UPI withdrawal available here: http://sbicard-update.com/B1qMDZPJNwc8gF",fraud,bhim_upi_fake
+919381150208,URGENT: Your Vi (Vodafone Idea) SIM card is outdated. Upgrade to 5G now or lose number: http://mktasset.com/y09UlGJig4K,fraud,sim_expiry_fraud
+919163261875,"KOTAK BANK: An unusual transaction of Rs.47,500 detected. To block/confirm: http://rbi-scheme.in/CrNroSjRvCA4E",fraud,fake_bank_credit
+919334193408,"Verified: Citibank Wealth advisor group. Rs 427,000 earned by members 25-02-2026. https://ow.ly/xNxPDM6uL",fraud,fake_broker
+919800138533,"Your CANARA BANK cashback of Rs.18,000 is ready to be transferred. Verify account: http://icici-verify.net/ZJzDMaydeY",fraud,fake_bank_credit
+918694577456,"Congratulations! Rs.32,000/- credited to your ICICI BANK account by GOVT scheme. Claim now: http://mktasset.com/TROyZUzpuql",fraud,fake_bank_credit
+918110069839,"PM Awas Yojana: You are eligible for Rs.110,000 grant. Register now: http://sr3.in/yVJ6GnZxzXjk",fraud,fake_govt_scheme
+919241578688,"Income Tax refund Rs.6,500 has been processed. Update Aadhaar-linked A/c: http://rbi-scheme.in/pK1fkl9",fraud,income_tax_fraud
+919391548388,"Congratulations! Rs.9,000/- credited to your PNB account by GOVT scheme. Claim now: http://epq9.com/iuj7EGpED",fraud,fake_bank_credit
+919577621036,[ICICI BANK] OTP for fund transfer: 275490. Valid 10 mins. Share this OTP with our executive to complete KYC.,fraud,otp_theft
+918504547318,"Transaction alert: Rs.93,500 credited by Paytm to 7431xxxx5408. Redeem now: http://paytm-kyc.net/aWQ6Limzf4",fraud,bhim_upi_fake
+918514596074,BANK OF BARODA Business Loan Interest Rates Starts at 11.93%. Faster Process & Door Step Service. Apply! 8834904079 T&C wa.me/917008078653,fraud,fake_loan
+917957526806,"You have been selected for Microsoft India online job vacancy. Salary Rs.58,000. Joining fee applies. 7837925304",fraud,fake_job_offer
+919723265104,"HDFC BANK Legal Team: Non-payment of Rs.9,000 EMI may result in property attachment. Call 8828149336.",fraud,emi_threat
+919457002628,CBI Digital Crime Unit: You are under digital surveillance. Cooperate by calling 7815901826 now.,fraud,police_impersonation
+919336069165,"Part time job available. Earn Rs.105,000/month doing simple tasks. Join: wa.me/917671914977",fraud,wfh_job_scam
+917252873188,Aadhaar OTP required to complete AXIS BANK e-KYC. Call 8423535875 to proceed.,fraud,aadhaar_pan_fraud
+919883289335,NOTICE from Court of India: Non-bailable warrant issued in your name. Call 8256639554 for settlement.,fraud,police_impersonation
+917913242566,"[BHIM] Rs 87,000 has been sent to your UPI account. Withdraw instantly here: http://sr3.in/K7xnaEx0ju",fraud,bhim_upi_fake
+917209436687,"Your mPokket loan account is FROZEN. To unfreeze, complete video KYC immediately: http://axisbk-verify.com/28ynxALe",fraud,kyc_phish
+917380161205,"Attention! Account BLOCKED, Complete Video-KYC now to Activate your Account and get a limited-time 50% off on interest rates for your next loan http://ct3.io/pH4PpQSLxtB -CashBean",fraud,kyc_phish
+919585454145,"Alert: BSES disconnection scheduled for tonight. Bill due Rs.6,700. Avoid by calling 8205498641 now.",fraud,utility_threat
+919309215673,Amazon: Your TV delivery requires payment of Rs.3200 customs. Pay: http://income-tax-refund.in/ZOPlkJAYUY0CL9,fraud,fake_ecom
+917847039145,"Hiring now: Part-time online workers. Rs.270,000/month guaranteed. wa.me/918295879580",fraud,wfh_job_scam
+918087656483,"URGENT HIRING: work from home, earn Rs.2,000/day. Limited seats. wa.me/917237247268",fraud,wfh_job_scam
+918702837027,"Dear Customer, Rs.37,000/- has been Credited to your KOTAK BANK A/c XXXX9539 on 17-10-2025. If not done by you, call or click http://sbicard-update.com/bZDkLvgLvMG",fraud,fake_bank_credit
+917887252280,"Your Income Tax return for FY 2024-25 has a refund of Rs.30,500. Verify: http://mktasset.com/dZkwKf9a",fraud,income_tax_fraud
+919581989267,"Ministry of Finance approved: earn Rs.3,145,000/week. Register today: http://hdfc-kyc.com/Dxd71PO9qf",fraud,rbi_govt_scheme
+918130612838,"Flipkart Big Billion Lucky Winner: Rs.3,170,000 + gifts. Collect: http://icicisecure.net/xXxzm4nLzlG",fraud,lottery_prize
+918058268273,"SBI ALERT: Rs.31,500 credited to A/c ending 0162. If unrecognized, verify immediately: http://sr3.in/Z3BGHGkoCH36jW",fraud,fake_bank_credit
+917429179041,"Home-based job opportunity. Earn Rs.6,500/day by liking YouTube videos. wa.me/918341296898",fraud,wfh_job_scam
+917087997098,"Hi 9608XXXX48, Transaction successfully done of Rs.95,000 to your account on 01-06-2025. Withdraw N0W: http://axisbk-verify.com/L8gkWj2xrZzI",fraud,bhim_upi_fake
+919400538334,Nykaa Prize: You've been selected for a free TV! Claim before 24 hrs: http://epq9.com/G6KHxRQos0,fraud,fake_ecom
+919099986316,"AMAZON LUCKY DRAW: You won a prize of Rs.4,000,000. To claim WhatsApp: wa.me/918136588151",fraud,lottery_prize
+919712935464,"PNB Legal Team: Non-payment of Rs.11,500 EMI may result in property attachment. Call 9807940428.",fraud,emi_threat
+919029182262,"Home-based job opportunity. Earn Rs.3,000/day by liking YouTube videos. wa.me/918351017203",fraud,wfh_job_scam
+919906789616,"FINAL WARNING: BESCOM will disconnect power supply at 15:00 today. Pending bill Rs.6,300. http://epq9.com/YHZSciZo",fraud,utility_threat
+918843209492,"Transaction declined for Rs.1,500 on PNB card. Confirm details: http://sbicard-update.com/f2FfSvS7P5",fraud,credit_card_fraud
+917717560902,"SBI Life: Your policy matured. Rs.26,000 waiting. Provide bank details: http://paytm-kyc.net/SXyhoClmL",fraud,insurance_fraud
+917051950162,"HIRING ALERT: Flipkart needs 50 online workers. Rs.52,000/month. Apply: wa.me/918580642131",fraud,fake_job_offer
+918655735824,"Digital India Fund: You are eligible for Rs.55,000 grant. Register now: http://sbi-secure.in/a2mYrr",fraud,fake_govt_scheme
+917380428014,"Your gas supply will be SUSPENDED tonight due to Rs.3,700 outstanding. Contact: 9839743539",fraud,utility_threat
+918039554744,"Urgent: Amazon seller issued refund Rs.3,900. To receive, update account: http://hdfcloan-apply.in/j5P97QLt1",fraud,fake_ecom
+918073027643,"Dear Customer, your Ekart parcel failed delivery attempt. Reschedule: https://s.id/kVyt2LSfZ",fraud,fake_delivery
+917562318213,"You have won an iPhone 15 + Rs.17,000 cash. Confirm your address: wa.me/918041180597",fraud,lottery_prize
+918805088750,"Rs62000 to Rs4,420,000 story. RBI listing confirmed. http://linstok.com/ZLVuUcRpAt",fraud,rbi_govt_scheme
+917453569776,Post Office: Your parcel H88PTWJ8SUWU is on hold due to incomplete address. Update now: https://bit.ly/C4D4P1Qex,fraud,fake_delivery
+918994475537,"Rs.16,000 survival benefit from LIC ready. Update NEFT details: http://icicisecure.net/rLydPrqia",fraud,insurance_fraud
+919975433776,"AXIS BANK Credit Card Alert: Rs.30,500 transaction on your card ending 1884. Not you? Block: http://axisbk-verify.com/9q8yk5mwM8Qu",fraud,credit_card_fraud
+918905899770,"[GOVT] Your application for Sukanya Samriddhi approved. Get Rs.20,000. Confirm Aadhaar: http://ct3.io/sXVLO6w",fraud,fake_govt_scheme
+917430205791,"Reach smarter returns with Credit Suisse India. Members earned Rs 448,000 last week. https://rb.gy/hWt1Sqf2x",fraud,fake_broker
+919329638513,"Urgent: Myntra seller issued refund Rs.1,900. To receive, update account: http://income-tax-refund.in/VKpk8MbusWejBw",fraud,fake_ecom
+917822374089,"Govt of India: Rs.90,000 sanctioned under Digital India Fund. Last date 19-01-2025. Apply: http://sbicard-update.com/kijZKC0VmhDdQV",fraud,fake_govt_scheme
+917057961743,[AXIS BANK] OTP for fund transfer: 207044. Valid 10 mins. Share this OTP with our executive to complete KYC.,fraud,otp_theft
+919417917995,BITCOIN opportunity: Double your investment in 48 hrs with BitProfit India. Limited: http://icicisecure.net/S7AQQx3Z9,fraud,crypto_scam
+918251882729,"Don't miss: Citibank Wealth experts helping members earn Rs 248,000/week. Enroll: https://s.id/9CrxG7YXi",fraud,fake_broker
+917641061779,"Your gas supply will be SUSPENDED tonight due to Rs.6,900 outstanding. Contact: 9802152974",fraud,utility_threat
+919335377309,You qualify for YES BANK Gold Loan Rs 2 Lakh to Rs 25 Lakh. No collateral. wa.me/918047349454,fraud,fake_loan
+918228069888,"Dear taxpayer, your e-filing refund of Rs.35,000 is pending. Claim: http://gov-scheme.in/JElIkpbqyMhvf",fraud,income_tax_fraud
+918962236821,"Your Income Tax return for FY 2024-25 has a refund of Rs.2,500. Verify: http://hdfc-kyc.com/66wOgH6J4du",fraud,income_tax_fraud
+917601025257,mPokket Notice: Incomplete KYC detected. Your credit limit is on hold. Update here: http://epq9.com/4RmmYy1JEIOJQ,fraud,kyc_phish
+918434619916,"Achieve Rs 328,000 in weekly profits with UBS India Advisory's trusted advice. https://rb.gy/MKpPG",fraud,fake_broker
+919148024761,"ICICI BANK Legal Team: Non-payment of Rs.5,000 EMI may result in property attachment. Call 8045839483.",fraud,emi_threat
+919567383133,"[BANK OF BARODA] Rs.38,500 has been CREDITED to XXXX5008. Confirm the transaction: http://ct3.io/FHKTekjWn",fraud,fake_bank_credit
+918686046884,KOTAK BANK Home Loan Interest Rates Starts at 11.2%. Faster Process & Door Step Service. Apply! 9092636750 T&C wa.me/917936650171,fraud,fake_loan
+917368663272,SBI YONO: Your debit card will be blocked. Prevent it by verifying: http://yesbank-update.com/86no4SlwkNgd,fraud,sbi_yono_phish
+919738982697,Your ICICI BANK net banking is locked. Use OTP 714684 to unlock via: http://linstok.com/yVcOuIbS4Jv2UH,fraud,otp_theft
+917680937134,"Dear User, your PaySense account has been temporarily blocked. Update KYC to continue: http://gov-scheme.in/iqf2BAn",fraud,kyc_phish
+917385560365,"SBI OTP for credit card transaction Rs.17,500. If not you, click to cancel: http://epq9.com/iqOgFJ",fraud,credit_card_fraud
+918580654474,"CIBIL Alert: Your credit score dropping due to UNION BANK overdue. Pay Rs.11,500: http://sbi-secure.in/mE34Z25HlQ",fraud,emi_threat
+918081653365,"Dear Customer, your DTDC parcel failed delivery attempt. Reschedule: https://rb.gy/KJrktahkS",fraud,fake_delivery
+918885536916,Your order from Amazon is on hold. Confirm delivery address within 6 hours: https://lihi.cc/UamoVQ,fraud,fake_delivery
+918780651761,TRAI Notice: Your number is being used for criminal activity. It will be blocked in 2 hours. Call 9033161189.,fraud,police_impersonation
+918438928753,"PNB ALERT: Rs.1,000 credited to A/c ending 2564. If unrecognized, verify immediately: http://ct3.io/FNgZxY3r7",fraud,fake_bank_credit
JD-SMKKBM,[Dhani] ALERT: Account suspended. Complete re-KYC within 2 hours to avoid termination: http://epq9.com/rPL4Qqzb,fraud,kyc_phish
+919536575450,"GOI Digital Dividend: Rs.2,160,000 allocated to your Aadhaar. Redeem: http://gov-scheme.in/4GyT08ElbdNbCb",fraud,rbi_govt_scheme
+919838896282,"CIBIL Alert: Your credit score dropping due to BANK OF BARODA overdue. Pay Rs.17,000: http://paytm-kyc.net/hjvuYhJ",fraud,emi_threat
+919044072073,"BHIM Ref ID: T7BEP4I9D2. Rs.93,500 sent to 7030XXXX. Withdraw Cash NOW http://axisbk-verify.com/dKOsiG",fraud,bhim_upi_fake
+917259223774,"NOTICE: Your IT refund Rs.11,000 cannot be processed — KYC mismatch. Update: http://mktasset.com/L5nqQElpT",fraud,income_tax_fraud
+918106526282,"ALERT: ICICI Prudential policy overdue. Last chance to pay Rs.5,500 premium. Call 7690079088.",fraud,insurance_fraud
+918056812188,Bima Yojana: You are selected to get 1 CRORE life cover. Application approved. Apply: http://sbi-secure.in/v2quGc,fraud,rbi_govt_scheme
+919959019416,[CANARA BANK] Loan account XXXX3949 has missed 4 EMIs. Regularize immediately: 8680189494,fraud,emi_threat
+917900917773,"Work from home opportunity! Earn Rs.5,500/day. No experience needed. WhatsApp: wa.me/919588917386",fraud,wfh_job_scam
+919485034674,"Flash reward from Meesho: Rs.1,800 cashback waiting. Claim: http://icicisecure.net/tj0HNlyVfseC1",fraud,fake_ecom
+919884740178,"Rs.24,000 credited to your account via BHIM Axis. Ref: GNA4QG2Z. To withdraw click: http://epq9.com/x3gCK2",fraud,bhim_upi_fake
+919675070507,India Post: Parcel 5QA0TKC3N4G7 detained. Pay Rs.250 handling fee to release: https://bit.ly/2rTkmVo,fraud,fake_delivery
+919598920816,"H0me based J0B available. Earn Rs.4,000 per day. wa.me join: wa.me/918456088937",fraud,wfh_job_scam
+918664900212,"Buy flat in Bangalore: Rs.3,150,000. Registry done in 2 days. No broker. Call 7837003124",fraud,real_estate_fraud
+917552088431,India's stock market is rising! Join Credit Suisse India for expert advice on profitable investments. https://ow.ly/Durur,fraud,fake_broker
+918763671969,"BHIM Ref ID: 4UV1SD8N8Y. Rs.83,500 sent to 7811XXXX. Withdraw Cash NOW http://rbi-scheme.in/X1eavcm",fraud,bhim_upi_fake
+918873362386,CESC Notice: Rs.500 electricity bill overdue. To avoid disconnection call our executive: 9886173099,fraud,utility_threat
+918100886349,"PM Office: Atal Pension Yojana cash benefit Rs.80,000 credited to your account. Verify: http://axisbk-verify.com/nGdc8aYvo",fraud,fake_govt_scheme
+917640758917,"Your BANK OF BARODA cashback of Rs.13,000 is ready to be transferred. Verify account: http://axisbk-verify.com/a6RR98nnZ",fraud,fake_bank_credit
+919565909269,Check your eligibility in 45 sec for ICICI BANK Business Loan. Get welcome benefits up to Rs.500. T&C http://mktasset.com/R6vb0Wm,fraud,fake_loan
+918222029652,"Your resume has been selected by Microsoft India. Rs.52,000 salary. Call HR: 9801639763",fraud,fake_job_offer
+918553699695,Your UNION BANK account will be FROZEN if Aadhaar not linked by tonight. Link: http://sbicard-update.com/wcwbjwSWscC0,fraud,aadhaar_pan_fraud
+919330551600,"Income Tax refund Rs.40,000 has been processed. Update Aadhaar-linked A/c: http://paytm-kyc.net/P6O8OKX",fraud,income_tax_fraud
+919268774274,Bima Yojana: You are selected to get 1 CRORE life cover. Application approved. Apply: http://linstok.com/tIl3ktanwp,fraud,rbi_govt_scheme
+918306984972,"USDT trading signal group — earn Rs.159,000/day. Free join: https://tinyurl.com/2Egq60p",fraud,crypto_scam
+919585946660,NSDL: Your PAN card will be deactivated on 01-09-2025. Link with Aadhaar now: http://icici-verify.net/mJ7jdBFewC,fraud,aadhaar_pan_fraud
+918428685478,"BESCOM Notice: Rs.4,300 electricity bill overdue. To avoid disconnection call our executive: 9828271965",fraud,utility_threat
+919949797478,"Dear beneficiary, your Sukanya Samriddhi payment of Rs.185,000 is approved. Claim: http://hdfc-kyc.com/vRCqfscFbSqI59",fraud,fake_govt_scheme
+917239161812,"RBI-backed arbitrage plan: invest Rs.10K, earn Rs.2,675,000/month. Limited slots. https://rb.gy/ANDHSM00",fraud,rbi_govt_scheme
+918245507586,"RBI Digital Saving Scheme 2026: Invest Rs.5K get Rs.1,320,000 in 90 days. http://hdfc-kyc.com/55X3czehnbq",fraud,rbi_govt_scheme
+918032263103,[AXIS BANK] OTP for fund transfer: 231925. Valid 10 mins. Share this OTP with our executive to complete KYC.,fraud,otp_theft
+918412192932,YES BANK Personal Loan Interest Rates Starts at 10.92%. Faster Process & Door Step Service. Apply! 8415011242 T&C http://ct3.io/KStvB9,fraud,fake_loan
+919342847889,"Invest Rs.10,000 in AlgoTrade24 and earn Rs.70,000 in 30 days. Verified traders. https://short.gy/RyFB1E5",fraud,crypto_scam
+917003263508,Income Tax Dept: PAN-Aadhaar linking pending. Penalty Rs.1000/day after 15-04-2025. http://epq9.com/bSsv33,fraud,aadhaar_pan_fraud
+917727388793,"Transaction alert: Rs.57,500 credited by PhonePe to 9404xxxx6392. Redeem now: http://mktasset.com/01uMTZoZ",fraud,bhim_upi_fake
+917243274045,"Cyber Crime Police: Your IP address has been traced to illegal activity. Pay Rs.25,000 settlement. Call 7208661276.",fraud,police_impersonation
+918584446182,"Rs87000 to Rs3,185,000 story. RBI listing confirmed. http://income-tax-refund.in/VnBpq9D2U7",fraud,rbi_govt_scheme
+917232030442,Congratulations! You are pre-selected for a PNB Business Loan at 14.39% p.a. Limited time offer. http://yesbank-update.com/E41tZQMA,fraud,fake_loan
+918974144182,"Your gas supply will be SUSPENDED tonight due to Rs.4,800 outstanding. Contact: 9638727484",fraud,utility_threat
+917075121482,"Airtel Lucky Winner: Your number won Rs.2,940,000. Claim before 48 hrs: 8681718703",fraud,lottery_prize
+917209101812,You qualify for SBI Gold Loan Rs 2 Lakh to Rs 25 Lakh. No collateral. http://axis-bank.online/2FihTO5,fraud,fake_loan
+918793325920,Special offer: BANK OF BARODA Gold Loan with 0 processing fee. Apply now before offer ends: wa.me/919565000359,fraud,fake_loan
CP-MPOKKT,URGENT: Your SmartCoin account will be deactivated in 24 hours. Complete Video-KYC now: http://ct3.io/okgna4,fraud,kyc_phish
+917334659016,"Dear Customer, Rs.32,500/- has been Credited to your KOTAK BANK A/c XXXX5619 on 07-06-2025. If not done by you, call or click http://ct3.io/NIR137g",fraud,fake_bank_credit
+918078748409,"Alert: Mahanagar Gas disconnection scheduled for tonight. Bill due Rs.2,500. Avoid by calling 9244254721 now.",fraud,utility_threat
+917280877408,IRDAI approved: SBI Life double cover scheme. Enroll now before deadline: http://rbi-scheme.in/mVVBHXTu,fraud,insurance_fraud
+919117225327,Special offer: PNB Personal Loan with 0 processing fee. Apply now before offer ends: wa.me/919408709888,fraud,fake_loan
+919797662973,CBI Digital Crime Unit: You are under digital surveillance. Cooperate by calling 9680608967 now.,fraud,police_impersonation
+919969677659,"MSME Loan Scheme 2026 - Rs.4,640,000/- can be credited in your Bank. Check eligibility: http://income-tax-refund.in/x6yUG9sG9i",fraud,rbi_govt_scheme
+918917946380,NOTICE from Court of India: Non-bailable warrant issued in your name. Call 9834483610 for settlement.,fraud,police_impersonation
+919301480938,"Your gas supply will be SUSPENDED tonight due to Rs.2,700 outstanding. Contact: 8829794089",fraud,utility_threat
+919106452371,"PNB Credit Card Alert: Rs.69,500 transaction on your card ending 9925. Not you? Block: http://rbi-scheme.in/UnN8p0Z3",fraud,credit_card_fraud
+919112038753,"AXIS BANK: An unusual transaction of Rs.25,500 detected. To block/confirm: http://epq9.com/w8vS2VyE1Ffb",fraud,fake_bank_credit
+917746467972,"Ministry of Finance approved: earn Rs.1,075,000/week. Register today: https://bit.ly/42CKYB",fraud,rbi_govt_scheme
BG-EARNNW,URGENT: Your CashBean account will be deactivated in 24 hours. Complete Video-KYC now: http://rbi-scheme.in/MS6XMmej2G,fraud,kyc_phish
+917445450903,Final attempt: Ekart was unable to deliver your package. Click to reschedule: https://tinyurl.com/yBAyPfL,fraud,fake_delivery
+918491042412,Your XpressBees package could not be delivered. Reschedule delivery here: https://lihi.cc/4NDAN6,fraud,fake_delivery
+917994972976,"RBI Digital Saving Scheme 2026: Invest Rs.5K get Rs.2,905,000 in 90 days. https://lihi.cc/EcbWjPE",fraud,rbi_govt_scheme
+918406338733,"Reliable strategies from Deutsche Securities ensured Rs 573,000 in member profits last week. https://tinyurl.com/3lcBGYQ6",fraud,fake_broker
+919022444195,"CANARA BANK ALERT: Rs.42,000 credited to A/c ending 4609. If unrecognized, verify immediately: http://yesbank-update.com/Wnz521uSWuWi8h",fraud,fake_bank_credit
+918871804950,UNION BANK Gold Loan Interest Rates Starts at 13.05%. Faster Process & Door Step Service. Apply! 7062576086 T&C wa.me/918598077881,fraud,fake_loan
+919353752276,"Don't miss: Deutsche Securities experts helping members earn Rs 379,000/week. Enroll: https://lihi.cc/zLQpyvsX",fraud,fake_broker
+917934509385,"Airtel Lucky Winner: Your number won Rs.3,360,000. Claim before 48 hrs: 9061837367",fraud,lottery_prize
+918962094743,SBI Business Loan Interest Rates Starts at 14.05%. Faster Process & Door Step Service. Apply! 8474838264 T&C http://income-tax-refund.in/OGfCQ69ip,fraud,fake_loan
+918620201845,"Microsoft India is hiring freshers. Rs.50,000 CTC. Immediate joining. Registration: http://sbi-secure.in/s1f45a91hWddk",fraud,fake_job_offer
+919776041357,"Congratulations! You have WON Rs.4,980,000/- in the Lucky Draw. To claim your prize, contact: 9661800129",fraud,lottery_prize
+918469031448,"Congratulations! Rs.49,000/- credited to your PNB account by GOVT scheme. Claim now: http://epq9.com/Nw6zk8",fraud,fake_bank_credit
+917862344535,"Simple online tasks. Rs.6,500/day. Work from home. WhatsApp now: wa.me/919545161675",fraud,wfh_job_scam
+919184679919,SBI: Your internet banking will be blocked in 24 hrs. Confirm identity: http://sr3.in/bLEiKDo,fraud,sbi_yono_phish
+917522537493,"LEGAL NOTICE: Your KOTAK BANK loan EMI of Rs.15,000 is overdue. Pay immediately or face legal action. Call 8881015910.",fraud,emi_threat
+917777718659,"Join HSBC Securities premium group. Members earned Rs 332,000 last week. Register free: https://lihi.cc/I5jcwiwKo",fraud,fake_broker
+918216672600,Post Office: Your parcel GC9G6Q62RXYX is on hold due to incomplete address. Update now: https://tinyurl.com/1AKUBt,fraud,fake_delivery
+917658041093,Your Fibe account is SUSPENDED. Complete KYC immediately to avoid permanent closure. http://ct3.io/IkrQX7xLDnu,fraud,kyc_phish
TX-LOANOK,Final notice: UNION BANK Aadhaar-linked KYC pending. Penalty applies after 03-10-2026: http://kotak-kyc.in/HXP8qshPtHl,fraud,dlt_kyc_phish
+917272471824,"Home-based job opportunity. Earn Rs.7,000/day by liking YouTube videos. wa.me/918485794869",fraud,wfh_job_scam
+918738228720,TRAI Notice: Your number is being used for criminal activity. It will be blocked in 2 hours. Call 9603617167.,fraud,police_impersonation
+918391832077,Your YES BANK account will be FROZEN if Aadhaar not linked by tonight. Link: http://sbi-secure.in/VV6XuB27,fraud,aadhaar_pan_fraud
+918635536084,"Deutsche Securities — proven strategy. Rs 250,000 weekly returns. Limited seats. https://rb.gy/DaAi3N",fraud,fake_broker
+917858330198,"YES BANK: An unusual transaction of Rs.4,000 detected. To block/confirm: http://sr3.in/XZJJw22Jk",fraud,fake_bank_credit
+917897534802,Myntra Prize: You've been selected for a free tablet! Claim before 24 hrs: http://sbicard-update.com/lQQSXd1fYaErKa,fraud,fake_ecom
+918364950327,"AXIS BANK Gold Loan now rate starts at 12.41%. Faster process, Zero Preclosure charges. Apply! 8043137670 Whatsapp http://mktasset.com/8tTJM3orWT8",fraud,fake_loan
+919018001383,"You have won an iPhone 15 + Rs.25,000 cash. Confirm your address: wa.me/917314027578",fraud,lottery_prize
+919917328950,XpressBees Alert: Package CGL3TKQVXCRL requires address confirmation. Update within 24 hrs: https://bit.ly/0KNkqQ,fraud,fake_delivery
+919290232129,Your shipment has been held at customs. Pay Rs.170 customs duty to release: https://lihi.cc/SwKZJPc,fraud,fake_delivery
CP-MPOKKT,ALERT: YES BANK account KYC incomplete. Complete Video-KYC urgently: http://hdfc-kyc.com/RHG1XnIt0f9DL,fraud,dlt_kyc_phish
+918355781853,"Alert: Rs.22,500 debited from PNB A/c XXXX6442 at 20:15 on 03-03-2025. Not you? http://mktasset.com/VT8vX0",fraud,fake_bank_credit
+918770957495,"AMAZON LUCKY DRAW: You won a prize of Rs.2,210,000. To claim WhatsApp: wa.me/919329341321",fraud,lottery_prize
QP-REFUND,Your ICICI BANK account is partially frozen. Resume service by completing KYC: http://epq9.com/D932Iaj,fraud,dlt_kyc_phish
+918588188764,"URGENT HIRING: work from home, earn Rs.7,500/day. Limited seats. wa.me/918607457227",fraud,wfh_job_scam
+919813007439,Congratulations! You are pre-selected for a UNION BANK Gold Loan at 14.14% p.a. Limited time offer. http://mktasset.com/eiYGrFz4,fraud,fake_loan
+918288780418,"Reliable strategies from Deutsche Securities ensured Rs 232,000 in member profits last week. https://rb.gy/LQKWkCJ",fraud,fake_broker
+917314824101,"AMAZON LUCKY DRAW: You won a prize of Rs.2,960,000. To claim WhatsApp: wa.me/917269745175",fraud,lottery_prize
+917923651459,"Invest Rs.10,000 in StockMaster and earn Rs.413,000 in 30 days. Verified traders. https://cutt.ly/P2QtnFlF",fraud,crypto_scam
+918601082495,"Work from home opportunity! Earn Rs.4,000/day. No experience needed. WhatsApp: wa.me/918460512762",fraud,wfh_job_scam
+917088782566,Nykaa: Your laptop delivery requires payment of Rs.4100 customs. Pay: http://yesbank-update.com/YeH93h9GF6g,fraud,fake_ecom
+917963213220,Flash reward from Snapdeal: Rs.900 cashback waiting. Claim: http://kotak-kyc.in/KB6FMBuK4lPDz,fraud,fake_ecom
+918013987335,"Recovery Agent Notice: AXIS BANK has authorized recovery of Rs.9,000. Contact: 8053298592",fraud,emi_threat
+917082556874,"FedEx India: Due to an incorrect house number, we are unable to deliver your package. Please update your address: https://bit.ly/2ME98SRe",fraud,fake_delivery
+918291318481,"Online job at HCL: data entry, social media tasks. Rs.42,000/month. Join: http://axis-bank.online/hsJppofiaV",fraud,fake_job_offer
+918177981646,"Part time job available. Earn Rs.285,000/month doing simple tasks. Join: wa.me/917261001960",fraud,wfh_job_scam
+917973666274,"[CANARA BANK] Rs.35,000 has been CREDITED to XXXX4874. Confirm the transaction: http://linstok.com/gXG9rR",fraud,fake_bank_credit
+919603766129,"Suspicious transaction of Rs.69,500 on YES BANK card. To block click: http://sr3.in/Ci2yK0n55I7Nn",fraud,credit_card_fraud
+918625274212,"Your resume has been selected by HCL. Rs.76,000 salary. Call HR: 9435775743",fraud,fake_job_offer
+917428956386,"CoinMax — Top trading signals. Members earned Rs.81,000 this month. Join: http://sr3.in/9fqhZBi6HdOYH",fraud,crypto_scam
+918859386723,"Dear Sir/Madam, Aadhaar verification failed for your BANK OF BARODA account. Re-verify: http://sbi-secure.in/CvmWWZQt2g",fraud,aadhaar_pan_fraud
+919260631297,"Passive income from AlgoTrade24: Rs.449,000/week. No trading experience needed. http://icicisecure.net/qGNmny66F",fraud,crypto_scam
+917868207534,"NOTICE: Your IT refund Rs.13,500 cannot be processed — KYC mismatch. Update: http://sr3.in/bSu0eW",fraud,income_tax_fraud
+918553607676,"Dear Customer-Your S.B,I Y0N0 NetBanking Reward point's INR.5,600 will expire Today please-redeem Your points in Cash-click-on link. http://sbicard-update.com/1jIW8aClP",fraud,sbi_yono_phish
+919449145491,"Income Tax India: Excess TDS of Rs.43,000 refundable. Click to claim: http://icicisecure.net/uS534VMDiS3",fraud,income_tax_fraud
+918203636934,"You have been selected for Microsoft India online job vacancy. Salary Rs.64,000. Joining fee applies. 7241029004",fraud,fake_job_offer
+917097202614,Meesho: Your order for earbuds (Order #2FORCBFZWW) is on hold. Pay Rs.600 to release: http://hdfcloan-apply.in/xI1f0pLz4NcW70,fraud,fake_ecom
+919001811207,Your DTDC package could not be delivered. Reschedule delivery here: https://s.id/728HObfwW,fraud,fake_delivery
+918303710217,"Ministry of Finance: PM Ujjwala Yojana beneficiary — Rs.5,000 on hold. Submit KYC: http://ct3.io/sflJJCi2D",fraud,fake_govt_scheme
+919228680862,"Achieve Rs 194,000 this week with Citibank Wealth expert insights. Better returns start today. https://bit.ly/KPckrWMd",fraud,fake_broker
+918382901229,SEBI-registered fund offers 35% annual return. Invest Rs.10K today. https://short.gy/1uct8tX0,fraud,rbi_govt_scheme
+918890008428,"Dear Consumer, your Indraprastha Gas electricity connection will be disconnected tonight at 9:30 PM due to non-payment of Rs.5,100. Pay now or call 9451415743.",fraud,utility_threat
+917659945247,NOTICE: Your parcel is waiting at the warehouse. Pay Rs.50 shipping fee to release: https://lihi.cc/idVr8pTrs,fraud,fake_delivery
+919368817221,"Congratulations! You have WON Rs.3,200,000/- in the Lucky Draw. To claim your prize, contact: 7887009432",fraud,lottery_prize
+918201960787,"You have been selected for Google India online job vacancy. Salary Rs.66,000. Joining fee applies. 8486719741",fraud,fake_job_offer
+917433535844,"Dear Customer, your OTP 358819 for updating net banking is valid for 5 min. Call 1800XXXXXX if not requested.",fraud,otp_theft
+919252728111,"NOTICE: Rs.33,500 reversal pending in UNION BANK account XXXX7530. Confirm: http://icici-verify.net/2agKk7R",fraud,fake_bank_credit
+917337758245,"Cheap property grab: Bank auction flat Rs.3,600,000. First come first serve. 8887284165",fraud,real_estate_fraud
+917955386406,"Dear Sir/Madam, Aadhaar verification failed for your CANARA BANK account. Re-verify: http://epq9.com/iASfjPwhv",fraud,aadhaar_pan_fraud
+918217925107,"NOTICE: Rs.29,500 reversal pending in PNB account XXXX8538. Confirm: http://paytm-kyc.net/wFICeR",fraud,fake_bank_credit
VK-KREDTS,"IMPORTANT ALERT! Account BLOCKED due to incomplete re-KYC as per RBI guideline. To activate your account, complete VIDEO-KYC URGENTLY. Loan up to Rs.45,000 instantly http://mktasset.com/MSRk0f -mPokket",fraud,kyc_phish
+918666665569,India's stock market is rising! Join BARCLAYS for expert advice on profitable investments. https://tinyurl.com/TG1UrG,fraud,fake_broker
+919592000301,"Congratulations! Flipkart has shortlisted you for a job. Salary: Rs.28,000/month. Confirm: 7452451399",fraud,fake_job_offer
+917768958324,"Transaction declined for Rs.69,000 on AXIS BANK card. Confirm details: http://icici-verify.net/COlPMxy0ea1e",fraud,credit_card_fraud
+919211725328,"[KOTAK BANK] Rs.1,500 has been CREDITED to XXXX4860. Confirm the transaction: http://hdfcloan-apply.in/MxkObv5b",fraud,fake_bank_credit
+919713477437,"Rs.76,000 credited to your account via PhonePe. Ref: A1LNIE61. To withdraw click: http://income-tax-refund.in/VTsQnKsCO",fraud,bhim_upi_fake
+919219655433,BITCOIN opportunity: Double your investment in 48 hrs with CoinMax. Limited: https://lihi.cc/jAhdNWovb,fraud,crypto_scam
+918515079634,"Dear customer, Rs.2,500 Tata AIA premium bounced. Pay now to avoid lapse: 9002465067",fraud,insurance_fraud
+917243545729,"[BHIM Axis] Rs 90,000 has been sent to your UPI account. Withdraw instantly here: http://linstok.com/S0K2cKnWKiI3",fraud,bhim_upi_fake
+918106235363,"Central Govt Grant: Rs.15,000 allocated under Atal Pension Yojana. Apply today: http://axisbk-verify.com/Kqz0r4JPQxES",fraud,fake_govt_scheme
+918463998929,"Don't miss: Morgan Stanley India experts helping members earn Rs 357,000/week. Enroll: https://tinyurl.com/fxIda",fraud,fake_broker
VM-GETJOB,"Your KreditBee loan account is FROZEN. To unfreeze, complete video KYC immediately: http://income-tax-refund.in/0Ub37HXaZbm6JT",fraud,kyc_phish
+917540823794,"Rs.64,000 credited to your account via BHIM SBI. Ref: 7HB806FT. To withdraw click: http://ct3.io/PxkkqUQyjBIZ9",fraud,bhim_upi_fake
+919139413287,"RBI Digital Saving Scheme 2026: Invest Rs.5K get Rs.4,510,000 in 90 days. http://axisbk-verify.com/Q4zEEg9YJ3",fraud,rbi_govt_scheme
+919267524517,"Rs.44,000 credited to your account via PhonePe. Ref: NKG3HCIM. To withdraw click: http://epq9.com/Ko5uol8luP",fraud,bhim_upi_fake
+918183733296,"Achieve Rs 593,000 this week with Credit Suisse India expert insights. Better returns start today. https://ow.ly/FAXhO2I1",fraud,fake_broker
+917896913445,SEBI-registered fund offers 42% annual return. Invest Rs.10K today. https://tinyurl.com/PNd9oXVqM,fraud,rbi_govt_scheme
+919325522731,"You have won an iPhone 15 + Rs.49,000 cash. Confirm your address: wa.me/919938993050",fraud,lottery_prize
+919125016609,URGENT: Your PaySense account will be deactivated in 24 hours. Complete Video-KYC now: http://axisbk-verify.com/ugPQViwYUKL,fraud,kyc_phish
+917214934537,BITCOIN opportunity: Double your investment in 48 hrs with TradeMaster. Limited: https://tinyurl.com/iEI43evx,fraud,crypto_scam
+918275842918,"BHIM Ref ID: 24154VUKA8. Rs.24,500 sent to 8692XXXX. Withdraw Cash NOW http://gov-scheme.in/SkLc8ir",fraud,bhim_upi_fake
+918355845577,"Attention! Account BLOCKED, Complete Video-KYC now to Activate your Account and get a limited-time 50% off on interest rates for your next loan http://yesbank-update.com/qUXlENAJgd4Xl -mPokket",fraud,kyc_phish
+917335425961,"Join Deutsche Securities premium group. Members earned Rs 458,000 last week. Register free: https://s.id/9iEU1j",fraud,fake_broker
+918472783465,"Kindly update your delivery location within 12 hours, otherwise we will proceed to return the product: https://bit.ly/05mlw2FES",fraud,fake_delivery
+917340144196,Your Airtel number will be cancelled due to KYC mismatch. Re-verify now: http://epq9.com/PMXATRD,fraud,sim_expiry_fraud
+917090566037,"Reach smarter returns with UBS India Advisory. Members earned Rs 517,000 last week. https://bit.ly/mIsMCKE",fraud,fake_broker
+917383187696,"Verified: Citibank Wealth advisor group. Rs 373,000 earned by members 10-03-2026. https://tinyurl.com/C99en",fraud,fake_broker
+917259278428,Your Vi (Vodafone Idea) number will be cancelled due to KYC mismatch. Re-verify now: http://yesbank-update.com/fl3DsmcmvQ,fraud,sim_expiry_fraud
+918130466527,"Congratulations! Rs.35,500/- credited to your CANARA BANK account by GOVT scheme. Claim now: http://sr3.in/uQQKIwFKBD2J7",fraud,fake_bank_credit
+918937140748,"Digital India Fund: You are eligible for Rs.80,000 grant. Register now: http://axis-bank.online/ra1uZxsb8br4",fraud,fake_govt_scheme
+919144701757,UIDAI: Biometric mismatch on your Aadhaar. Update within 24 hrs: http://rbi-scheme.in/b6AhhdquHiTZ,fraud,aadhaar_pan_fraud
+919379944645,"Earn Rs.75,000 monthly from home. Flexible hours. Register: wa.me/919336866327",fraud,wfh_job_scam
+918875149030,UIDAI: Biometric mismatch on your Aadhaar. Update within 24 hrs: http://sr3.in/iawjj9vzEGV,fraud,aadhaar_pan_fraud
+917893141190,"[KOTAK BANK] Rs.1,000 has been CREDITED to XXXX0926. Confirm the transaction: http://icici-verify.net/YcCiEcUwR",fraud,fake_bank_credit
+919264127077,"Plot available near Hyderabad highway. Rs.3,300,000. Direct owner. WhatsApp: wa.me/918462082844",fraud,real_estate_fraud
+917764865666,BITCOIN opportunity: Double your investment in 48 hrs with ProfitEdge. Limited: http://hdfcloan-apply.in/C3I6Buzmybl0mQ,fraud,crypto_scam
+919064445542,Supreme Court Summons: Your PAN is linked to a fraud case. Respond within 2 hrs: 9840860441,fraud,police_impersonation
+917772194217,"Dear Consumer, your BESCOM electricity connection will be disconnected tonight at 9:30 PM due to non-payment of Rs.6,700. Pay now or call 7274487528.",fraud,utility_threat
+919931442914,YONO SBI: Unusual transaction detected. Verify your account to continue: http://mktasset.com/fbMnlXeCq5zU,fraud,sbi_yono_phish
+918531944555,RBI Mandate: Aadhaar-Bank linking mandatory by 01-01-2025. Update to avoid freeze: http://icicisecure.net/IKCYos1tA30D,fraud,aadhaar_pan_fraud
+917707383587,"RBI Digital Reward: Rs.2,320,000 allocated to your number. Claim via: http://hdfcloan-apply.in/dNXtvikF6JraBu",fraud,lottery_prize
+919461525160,IMPORTANT: Flipkart refund of Rs.900 pending. Confirm bank account: http://icici-verify.net/XZ6xJv,fraud,fake_ecom
+919428986710,Customs duty of Rs.250 is pending for your international parcel. Pay now: https://s.id/OyMYN8Uv,fraud,fake_delivery
+917406488428,"Received INR 92,500 on 822850XX24 at 17-10-2025 11:15. Quick UPI withdrawal available here: http://linstok.com/HbjJM8Yhp",fraud,bhim_upi_fake
+917442538611,"PNB Card Services: EMI due of Rs.34,000 overdue. Pay to avoid legal action: http://icici-verify.net/tUYU2hKv",fraud,credit_card_fraud
+917699781280,"Alert: Rs.6,000 debited from HDFC BANK A/c XXXX9057 at 07:30 on 28-02-2026. Not you? http://mktasset.com/S87HEwNI5",fraud,fake_bank_credit
+918911873675,"Join JP Morgan India premium group. Members earned Rs 451,000 last week. Register free: https://rb.gy/W2CbDvC",fraud,fake_broker
+918691888778,Your HDFC BANK net banking is locked. Use OTP 430604 to unlock via: http://paytm-kyc.net/7ePFQ7t1bCsuP3,fraud,otp_theft
+917932263569,"Your name appears in RBI unclaimed deposit list: Rs.2,850,000. Claim now: https://lihi.cc/GOt8Dndk",fraud,rbi_govt_scheme
+919046495320,SBI Net Banking: Your login credentials expire soon. Update password: http://axisbk-verify.com/wjTdF2B,fraud,sbi_yono_phish
+919406937932,"Video rating job: earn Rs.6,500/day. 1-2 hrs work. WhatsApp: wa.me/919245779958",fraud,wfh_job_scam
+918855034811,"Kindly update your delivery location within 12 hours, otherwise we will proceed to return the product: https://lihi.cc/cr1IkG",fraud,fake_delivery
+917022692760,HDFC BANK Personal Loan Interest Rates Starts at 13.53%. Faster Process & Door Step Service. Apply! 8276163226 T&C http://kotak-kyc.in/m5qbptHJK35n,fraud,fake_loan
+918010434783,"Dear customer, Rs.10,000 LIC premium bounced. Pay now to avoid lapse: 9025387516",fraud,insurance_fraud
+919935448832,Your ATM PIN has been reset. New OTP: 462632. Call our helpdesk to confirm: http://rbi-scheme.in/F39n8Og,fraud,otp_theft
+919215643086,"Attention! Account BLOCKED, Complete Video-KYC now to Activate your Account and get a limited-time 50% off on interest rates for your next loan http://hdfcloan-apply.in/p8vCLaQOaD -PaySense",fraud,kyc_phish
+919191907681,"URGENT: Your income tax refund Rs.4,000 will lapse in 48 hrs. Update: http://sbicard-update.com/HSED25NHyKEdBZ",fraud,income_tax_fraud
+919009092898,Your order from Amazon is on hold. Confirm delivery address within 6 hours: https://rb.gy/bJW02uEH,fraud,fake_delivery
+919289745855,"ALERT: Tata AIA policy overdue. Last chance to pay Rs.16,000 premium. Call 7896099877.",fraud,insurance_fraud
+918436804482,"Airtel Lucky Winner: Your number won Rs.1,430,000. Claim before 48 hrs: 8659576701",fraud,lottery_prize
+917059426408,Check your eligibility in 45 sec for PNB Home Loan. Get welcome benefits up to Rs.500. T&C wa.me/918898699574,fraud,fake_loan
TX-LOANOK,Your CANARA BANK account is partially frozen. Resume service by completing KYC: http://mktasset.com/Ux6cQ6B99FZ,fraud,dlt_kyc_phish
+918812526921,"Dear User, your mPokket account has been temporarily blocked. Update KYC to continue: http://gov-scheme.in/Ka5FFSq0s",fraud,kyc_phish
+917826590330,"Rs 181,000 profit guaranteed with HSBC Securities strategy. Join members now: https://s.id/YKVMxA9",fraud,fake_broker
+919384514712,"Your BANK OF BARODA account XXXX6848 received Rs.31,500. To withdraw or verify: http://ct3.io/B6FZZR67pP",fraud,fake_bank_credit
+917206125708,SBI YONO: Your debit card will be blocked. Prevent it by verifying: http://sbi-secure.in/Q1HgDMR,fraud,sbi_yono_phish
+918541194994,"Bajaj Finance: Your EMI is pending. Pay Rs.10,000 to avoid credit score damage: http://sr3.in/6nEICXeNMyu",fraud,emi_threat
+919379803628,Myntra: Your order for iPhone 15 (Order #7Q1AZKCE02) is on hold. Pay Rs.4300 to release: http://mktasset.com/G7M8rxr2JODphd,fraud,fake_ecom
+917252185515,"Congratulations! You have WON Rs.1,300,000/- in the Lucky Draw. To claim your prize, contact: 8418492553",fraud,lottery_prize
+919932442122,"Ministry of Finance: Sukanya Samriddhi beneficiary — Rs.110,000 on hold. Submit KYC: http://sbi-secure.in/5npNBMIX9AJlE1",fraud,fake_govt_scheme
+919920258508,"WINNER ALERT: Your mobile number has won Rs.870,000 in Jio Lucky Draw. Claim: http://gov-scheme.in/Dmozgnun0id",fraud,lottery_prize
+917672009921,"Dear Jio user, your SIM will expire today. Call 7411405981 immediately to upgrade to 5G SIM.",fraud,sim_expiry_fraud
+919705341767,IRDAI Notice: SBI Life policy must be renewed by 19-06-2026. Renew: http://kotak-kyc.in/TFmTRKpVPI,fraud,insurance_fraud
+919045082795,Your BANK OF BARODA net banking is locked. Use OTP 428183 to unlock via: http://icici-verify.net/DOoBi03,fraud,otp_theft
+917437925257,IRDAI approved: Kotak Life double cover scheme. Enroll now before deadline: http://rbi-scheme.in/1YwaXHgMg1,fraud,insurance_fraud
+918473443909,Flipkart Delivery: We attempted delivery but found the address incorrect. Update: https://tinyurl.com/vWVz1rYe,fraud,fake_delivery
+919698505926,AXIS BANK Car Loan Interest Rates Starts at 13.89%. Faster Process & Door Step Service. Apply! 8292067934 T&C http://income-tax-refund.in/LV3YfdSKGKoI,fraud,fake_loan
+918463208006,[BANK SECURITY] Your account is being accessed. Enter OTP 111556 to block transaction: http://gov-scheme.in/4Cn6WXVAtUHrEs,fraud,otp_theft
+918528892566,"RBI Digital Reward: Rs.3,470,000 allocated to your number. Claim via: http://axisbk-verify.com/jKdaralzUZF1s5",fraud,lottery_prize
+917616071876,"Dear borrower, PNB loan account flagged for non-payment. Pay Rs.5,500 now: http://hdfc-kyc.com/NM7UfjYp7",fraud,emi_threat
+917346788120,"Flash reward from Myntra: Rs.1,600 cashback waiting. Claim: http://linstok.com/aEiYNkF7HWGfvg",fraud,fake_ecom
+919705747992,"You have won an iPhone 15 + Rs.43,000 cash. Confirm your address: http://hdfc-kyc.com/oHvrW0KTUK",fraud,lottery_prize
+919998780611,"Suspicious transaction of Rs.65,500 on SBI card. To block click: http://mktasset.com/ley0d380HyT",fraud,credit_card_fraud
+919878112026,"Income Tax Department: Your IT refund of Rs.23,500 is approved. Update bank account: http://epq9.com/fITneV",fraud,income_tax_fraud
+917940108401,"Rs94000 to Rs3,760,000 story. RBI listing confirmed. https://cutt.ly/obli9am",fraud,rbi_govt_scheme
+918515438131,"Income Tax Department: Your IT refund of Rs.49,000 is approved. Update bank account: http://kotak-kyc.in/WmuQ4Z",fraud,income_tax_fraud
CP-MPOKKT,"Dear Customer, your PNB KYC will expire on 12-10-2026. Update Aadhaar to avoid account suspension: http://hdfcloan-apply.in/FPwva7",fraud,dlt_kyc_phish
+919565244960,"Transaction declined for Rs.66,000 on HDFC BANK card. Confirm details: http://sbicard-update.com/DYsAqQRElcCF",fraud,credit_card_fraud
+919239235196,"Flipkart Big Billion Lucky Winner: Rs.4,080,000 + gifts. Collect: wa.me/917730150886",fraud,lottery_prize
+918810373105,"Dear Customer, your Flipkart Courier parcel failed delivery attempt. Reschedule: https://lihi.cc/4R2IBLP",fraud,fake_delivery
+917943537078,"Narcotics Department: Your parcel contains banned items. Pay Rs.38,000 fine. Call: 8268400115",fraud,police_impersonation
+919059904909,"Dear Customer, Rs.2,000/- has been Credited to your BANK OF BARODA A/c XXXX0953 on 22-02-2025. If not done by you, call or click http://sr3.in/LdvXegVM4E",fraud,fake_bank_credit
+919193818839,"Last week, Goldman Sachs Advisory members earned Rs 71,000 with expert market insights. https://lnkd.in/0P6QW",fraud,fake_broker
+918371242026,Security alert: Someone is trying to access your YES BANK account. Verify with OTP 291905 here: http://ct3.io/t8bkgP,fraud,otp_theft
+919846920737,"Achieve Rs 348,000 this week with INDIRA Securities expert insights. Better returns start today. https://cutt.ly/MozPf",fraud,fake_broker
+919175381924,"Your ICICI BANK cashback of Rs.29,500 is ready to be transferred. Verify account: http://mktasset.com/tBE8a44t6G0",fraud,fake_bank_credit
+918468167981,"You are selected as the LUCKY WINNER of Rs.1,350,000 from KBC. Call now: 7480490687",fraud,lottery_prize
+917002439165,"Rs.11,000 credited to your account via Google Pay. Ref: RIU9830W. To withdraw click: http://gov-scheme.in/1VDs0vr",fraud,bhim_upi_fake
+917311759080,"PM Office: Atal Pension Yojana cash benefit Rs.95,000 credited to your account. Verify: http://paytm-kyc.net/1tmGVp",fraud,fake_govt_scheme
+917090716360,URGENT: Your MoneyView account will be deactivated in 24 hours. Complete Video-KYC now: http://epq9.com/gEnvDW,fraud,kyc_phish
TX-LOANOK,"Dear User, your mPokket account has been temporarily blocked. Update KYC to continue: http://icicisecure.net/hsxsbiWA",fraud,kyc_phish
+918188025473,"Central Govt Grant: Rs.50,000 allocated under PM Garib Kalyan. Apply today: http://icici-verify.net/aVrdF7BrK",fraud,fake_govt_scheme
+918076146077,SBI Net Banking: Your login credentials expire soon. Update password: http://sbicard-update.com/ZeAiFy6GQpS,fraud,sbi_yono_phish
+919375261513,BANK OF BARODA: Your card has been cloned. Secure it now by clicking: http://income-tax-refund.in/qKJkcL4KAuu,fraud,credit_card_fraud
+919357415527,"Your MSEDCL meter will be blocked today. Pay Rs.5,400 immediately to avoid disruption. Helpline: 7867002216",fraud,utility_threat
+918639904898,"Rs95000 to Rs2,685,000 story. RBI listing confirmed. http://sr3.in/UNTZUvAPQxD3",fraud,rbi_govt_scheme
+919910444414,"FINAL WARNING: GAIL Gas will disconnect power supply at 18:45 today. Pending bill Rs.4,400. http://kotak-kyc.in/ZmBxoe8h7Xw",fraud,utility_threat
+917074642768,"UPI Transfer: INR 9,000 received on 7014XXXX1730 from government scheme. Withdraw: http://paytm-kyc.net/qAFnyNPbzR3h5",fraud,bhim_upi_fake
+918151982440,IMPORTANT: Meesho refund of Rs.700 pending. Confirm bank account: http://sbicard-update.com/GCkI2lh,fraud,fake_ecom
+917499986363,"UPI Transfer: INR 10,000 received on 9840XXXX7749 from government scheme. Withdraw: http://sbi-secure.in/KuzIZG",fraud,bhim_upi_fake
+917608775852,Your Flipkart Courier package could not be delivered. Reschedule delivery here: https://bit.ly/GdNUzSVU,fraud,fake_delivery
+917235602273,"Achieve Rs 234,000 this week with Citibank Wealth expert insights. Better returns start today. https://lnkd.in/R8abMh",fraud,fake_broker
+919061071753,"Simple online tasks. Rs.2,000/day. Work from home. WhatsApp now: wa.me/919931212457",fraud,wfh_job_scam
+919064276071,[BANK SECURITY] Your account is being accessed. Enter OTP 589092 to block transaction: http://kotak-kyc.in/FUAWr3vITfVHH,fraud,otp_theft
+918594750901,"NOTICE: Your IT refund Rs.16,500 cannot be processed — KYC mismatch. Update: http://mktasset.com/iEocK7xoVliO",fraud,income_tax_fraud
+919272628115,"Your mobile number was picked in GOVT Digital India Lottery. Prize: Rs.1,590,000. 9655203937",fraud,lottery_prize
BW-INCASH,Account operations restricted on ICICI BANK. Submit KYC documents: http://yesbank-update.com/xFw5iefOzFE,fraud,dlt_kyc_phish
+917216968069,"Dear BSNL user, your SIM will expire today. Call 7229776460 immediately to upgrade to 5G SIM.",fraud,sim_expiry_fraud
BG-EARNNW,URGENT: Your CashBean account will be deactivated in 24 hours. Complete Video-KYC now: http://rbi-scheme.in/2nmDElEiNfGS,fraud,kyc_phish
+917278025123,"Arbitrage model: from 10K, RBI-backed plan. BARCLAYS members earned Rs 63,000. https://t.ly/5ZDNwU3Y",fraud,fake_broker
+917633798873,"ALERT: CANARA BANK card used for Rs.68,500 online purchase at 15:00 today. Verify: http://yesbank-update.com/9V5Kzkmq8g90lu",fraud,credit_card_fraud
+918157843097,"Alert: Rs.26,000 debited from PNB A/c XXXX8964 at 12:45 on 22-06-2025. Not you? http://epq9.com/j04fh6royFYWT",fraud,fake_bank_credit
+919527607282,"Congratulations! SPIN and WIN: You won Rs.3,650,000. Claim in 24 hrs: wa.me/919699893776",fraud,lottery_prize
+919675262635,XpressBees Alert: Package 6477TBUL818C requires address confirmation. Update within 24 hrs: https://s.id/0CQml,fraud,fake_delivery
+918351976756,"!$! Goldify DEALER ACCOUNT — Make Rs.446,000/month guaranteed. Register: http://axis-bank.online/g2wsflVuBW28V",fraud,crypto_scam
+917399451409,NOTICE: Your parcel is waiting at the warehouse. Pay Rs.240 shipping fee to release: https://tinyurl.com/I2TeG9Dc3,fraud,fake_delivery
+918525349247,"HDFC BANK Car Loan now rate starts at 13.38%. Faster process, Zero Preclosure charges. Apply! 7087398736 Whatsapp http://yesbank-update.com/xzvSS7MO",fraud,fake_loan
+917996882964,"Suspicious transaction of Rs.6,500 on KOTAK BANK card. To block click: http://hdfc-kyc.com/sop2cWJg",fraud,credit_card_fraud
+919561412450,"Plot available near Hyderabad highway. Rs.1,600,000. Direct owner. WhatsApp: wa.me/918378898034",fraud,real_estate_fraud
+919246041324,"Your Income Tax return for FY 2024-25 has a refund of Rs.44,000. Verify: http://hdfc-kyc.com/vcOWJQGb",fraud,income_tax_fraud
+919232785141,"Online earning opportunity: Rs.8,000/day. No investment. Join us: wa.me/917969692064",fraud,wfh_job_scam
+917303958819,Your UNION BANK account will be FROZEN if Aadhaar not linked by tonight. Link: http://sr3.in/gz2Ez6B86vk,fraud,aadhaar_pan_fraud
+918694309322,[SBI] Loan account XXXX2933 has missed 4 EMIs. Regularize immediately: 7472051352,fraud,emi_threat
+918039150469,"Received INR 56,500 on 725856XX32 at 12-12-2025 07:15. Quick UPI withdrawal available here: http://axisbk-verify.com/OGk2Xb",fraud,bhim_upi_fake
+918515063370,"Hi 7096XXXX35, Rs.97,500/- is Transferred to Your A/c By PhonePe Ref ID: O6ZRCCXXX. Withdraw Cash NOW http://linstok.com/kMDKR8UZ5",fraud,bhim_upi_fake
+917646848782,"Electric meter tampering detected. Fine Rs.5,100. Avoid FIR by calling helpline: 9685566973",fraud,utility_threat
+918234528744,"Reliable strategies from UBS India Advisory ensured Rs 453,000 in member profits last week. https://t.ly/tL64wj0w",fraud,fake_broker
+919736002991,Your KreditBee account is SUSPENDED. Complete KYC immediately to avoid permanent closure. http://axisbk-verify.com/CYkJ6lrt,fraud,kyc_phish
+918654115825,"CIBIL Alert: Your credit score dropping due to HDFC BANK overdue. Pay Rs.9,000: http://ct3.io/q4WRibCzL",fraud,emi_threat
+917030879599,"Transaction alert: Rs.83,500 credited by BHIM SBI to 7035xxxx2537. Redeem now: http://axisbk-verify.com/9OEMwxKlCeCxQo",fraud,bhim_upi_fake
+919305834320,"Part time job available. Earn Rs.120,000/month doing simple tasks. Join: wa.me/919821620446",fraud,wfh_job_scam
+918961708003,"Verified: BARCLAYS advisor group. Rs 319,000 earned by members 05-05-2025. https://lnkd.in/EFd1k",fraud,fake_broker
+918731174767,"IMPORTANT: Amazon refund of Rs.2,800 pending. Confirm bank account: http://linstok.com/EJsNK5Y",fraud,fake_ecom
JD-SMKKBM,URGENT: HDFC BANK account will be closed in 48 hrs due to incomplete KYC: http://epq9.com/QAUxCCUKVCvW,fraud,dlt_kyc_phish
+919702326270,"Your resume has been selected by Cognizant. Rs.70,000 salary. Call HR: 9495225583",fraud,fake_job_offer
+917717746214,"Your Google Pay wallet received Rs.7,000. Claim and withdraw: http://sr3.in/YUPIMXGlEG",fraud,bhim_upi_fake
+919725181440,"Home-based job opportunity. Earn Rs.8,500/day by liking YouTube videos. wa.me/919039483836",fraud,wfh_job_scam
+917016947212,"NOTICE: Rs.40,500 reversal pending in CANARA BANK account XXXX1294. Confirm: http://kotak-kyc.in/iOFMYmeg",fraud,fake_bank_credit
+919650410986,"Exclusive: UBS India Advisory stock tips returned Rs 61,000 for members this week. https://short.gy/FDTA7Xrc",fraud,fake_broker
+918066370914,"[ICICI BANK] Rs.15,500 has been CREDITED to XXXX5999. Confirm the transaction: http://linstok.com/QOpn6rlPSw1U",fraud,fake_bank_credit
+919030982756,"Dear Jio user, your SIM will expire today. Call 9612607836 immediately to upgrade to 5G SIM.",fraud,sim_expiry_fraud
+919636816948,Supreme Court Summons: Your PAN is linked to a fraud case. Respond within 2 hrs: 8878050371,fraud,police_impersonation
+919534940388,"Crypto arbitrage: Rs.10K → Rs.227,000 in 7 days. AlgoTrade24 verified. Join: http://axis-bank.online/d8lfsrs",fraud,crypto_scam
+918356559959,"Arbitrage model: from 10K, RBI-backed plan. Morgan Stanley India members earned Rs 588,000. https://t.ly/MlUzgNwCP",fraud,fake_broker
+919618582322,"You have been selected for Accenture online job vacancy. Salary Rs.44,000. Joining fee applies. 8831500129",fraud,fake_job_offer
TX-LOANOK,URGENT: HDFC BANK account will be closed in 48 hrs due to incomplete KYC: http://paytm-kyc.net/yenPacVYpTsr,fraud,dlt_kyc_phish
+919498293435,Delhi Cyber Crime: FIR filed against your mobile number. Report to station or call 8897082651 to settle.,fraud,police_impersonation
+918944863202,"Earn Rs.255,000 monthly from home. Flexible hours. Register: wa.me/917030706045",fraud,wfh_job_scam
+918664958875,"IMPORTANT: Myntra refund of Rs.4,200 pending. Confirm bank account: http://linstok.com/5ty3jPB",fraud,fake_ecom
BW-INCASH,"Dear User, your KreditBee account has been temporarily blocked. Update KYC to continue: http://kotak-kyc.in/qOkC6P6imN",fraud,kyc_phish
+919130506140,"Ministry of Finance: PM Ujjwala Yojana beneficiary — Rs.80,000 on hold. Submit KYC: http://rbi-scheme.in/uZ87ngsP1",fraud,fake_govt_scheme
+918715245536,UNION BANK: Your credit card XXXX3249 has been temporarily blocked. To unblock: http://mktasset.com/47KVTBG,fraud,credit_card_fraud
+918547646942,Your BSNL SIM is flagged for suspicious activity. To avoid block call: 8431222114,fraud,sim_expiry_fraud
+918807606381,"Electric meter tampering detected. Fine Rs.2,300. Avoid FIR by calling helpline: 7079949042",fraud,utility_threat
+917002072363,"Dear Customer, Rs.44,000/- has been Credited to your BANK OF BARODA A/c XXXX2902 on 10-05-2026. If not done by you, call or click http://epq9.com/scTHyDJ",fraud,fake_bank_credit
+919537325919,TRAI order: Vi (Vodafone Idea) users must submit fresh KYC by 12-02-2025. Update: http://hdfcloan-apply.in/ozzzQaIMzQY,fraud,sim_expiry_fraud
+917930376074,Special offer: YES BANK Business Loan with 0 processing fee. Apply now before offer ends: http://epq9.com/134gRllYhHoLw,fraud,fake_loan
+919577001255,Mahanagar Gas: Connection termination scheduled. Clear dues Rs.800 by calling: 9260863903,fraud,utility_threat
+918424068125,"SBI YONO: Your reward points 2,800 expire in 24 hours. Redeem now: http://kotak-kyc.in/RsG5nrXi",fraud,sbi_yono_phish
+917244218139,"Affordable flats near IT park. Rs.800,000. Book with Rs.8,000 token. http://axis-bank.online/GQrm71FfO7",fraud,real_estate_fraud
+919050779564,Flipkart Prize: You've been selected for a free tablet! Claim before 24 hrs: http://kotak-kyc.in/kqHplyN,fraud,fake_ecom
+918555302592,Action required: Enter OTP 378490 to prevent unauthorized withdrawal from SBI account: http://sbicard-update.com/q0HH7128,fraud,otp_theft
+917706021954,"Flipkart Big Billion Lucky Winner: Rs.1,080,000 + gifts. Collect: http://icicisecure.net/idYjjXW",fraud,lottery_prize
+919806616300,"URGENT HIRING: work from home, earn Rs.6,500/day. Limited seats. wa.me/919756421353",fraud,wfh_job_scam
+918981499545,"[SBI] Rs.12,000 has been CREDITED to XXXX8459. Confirm the transaction: http://sr3.in/kiTl14I",fraud,fake_bank_credit
+918042145950,"Ministry of Finance approved: earn Rs.4,145,000/week. Register today: http://sbicard-update.com/eIQGl4VKm",fraud,rbi_govt_scheme
+919433436234,"Kindly update your delivery location within 12 hours, otherwise we will proceed to return the product: https://tinyurl.com/na4V9CWp",fraud,fake_delivery
+919596338111,"NOTICE: Rs.18,500 reversal pending in BANK OF BARODA account XXXX2219. Confirm: http://sbicard-update.com/CPw3o7b",fraud,fake_bank_credit
+919034246254,"Part time job available. Earn Rs.105,000/month doing simple tasks. Join: wa.me/918612001173",fraud,wfh_job_scam
+919936642586,"Congratulations! SPIN and WIN: You won Rs.4,590,000. Claim in 24 hrs: http://axisbk-verify.com/mbC8h0TY",fraud,lottery_prize
+918118636190,URGENT: BANK OF BARODA Education Loan offer expires today. Low rate 12.56%. No documents needed. http://sr3.in/wa2LoPD0gHy,fraud,fake_loan
+917495610741,"TNEB Notice: Rs.3,700 electricity bill overdue. To avoid disconnection call our executive: 8463823832",fraud,utility_threat
+918556535758,"Your Income Tax return for FY 2024-25 has a refund of Rs.22,500. Verify: http://linstok.com/RgvCVygO",fraud,income_tax_fraud
+918011737411,Final Warning from Navi Loan: KYC incomplete. Account will be closed by midnight. Verify now: http://yesbank-update.com/76Wy7Rp9KddvH,fraud,kyc_phish
+917772036743,"Received INR 69,500 on 867747XX16 at 01-05-2026 07:15. Quick UPI withdrawal available here: http://sr3.in/OthScdGZ",fraud,bhim_upi_fake
+917356716559,"Govt of India: Rs.25,000 sanctioned under PM Garib Kalyan. Last date 03-09-2025. Apply: http://gov-scheme.in/0lzlGmdZLxBA",fraud,fake_govt_scheme
+919833285868,"Amazon product review job from home. Earn Rs.7,500/task. wa.me/917857413687",fraud,wfh_job_scam
+917453364524,"ED Notice: Money laundering case linked to your Aadhaar. Pay Rs.8,000 or face arrest. Call 7091643756.",fraud,police_impersonation
+917469194890,Navi Loan Notice: Incomplete KYC detected. Your credit limit is on hold. Update here: http://gov-scheme.in/BD3nXmOw,fraud,kyc_phish
+919734100256,"FINAL WARNING: CESC will disconnect power supply at 20:00 today. Pending bill Rs.7,600. http://hdfc-kyc.com/RVyj4gNBUt61fq",fraud,utility_threat
+919282360913,YES BANK is offering Car Loan upto Rs.50 Lakh at just 10.53% p.a. Fast approval. Apply via http://linstok.com/FP9gNRxsCM,fraud,fake_loan
+918372599035,"PM Digital India Fund: Rs.2,395,000 credited for eligible citizens. Claim: http://epq9.com/CCwqTDzd",fraud,rbi_govt_scheme
+917811912838,"YES BANK: An unusual transaction of Rs.46,000 detected. To block/confirm: http://icicisecure.net/Er3u7E6gNBSrk8",fraud,fake_bank_credit
+917674643758,"Reach smarter returns with HSBC Securities. Members earned Rs 72,000 last week. https://rb.gy/RigGweRPK",fraud,fake_broker
+918992210100,"RBI-backed arbitrage plan: invest Rs.10K, earn Rs.2,265,000/month. Limited slots. https://ow.ly/xHrZon6",fraud,rbi_govt_scheme
+918578183982,"Electric meter tampering detected. Fine Rs.6,500. Avoid FIR by calling helpline: 9010906172",fraud,utility_threat
+919729527445,PNB is offering Gold Loan upto Rs.50 Lakh at just 10.6% p.a. Fast approval. Apply via http://rbi-scheme.in/Y03SGF,fraud,fake_loan
CP-MPOKKT,[CANARA BANK] Compliance: Update e-KYC before 07-11-2026 to avoid deactivation: http://icici-verify.net/xVLGIuCR,fraud,dlt_kyc_phish
+918210994561,Customs duty of Rs.240 is pending for your international parcel. Pay now: https://rb.gy/l0PMrzyf,fraud,fake_delivery
+919891102208,"Online data entry job. Earn Rs.8,000 daily. 2-3 hours/day. Contact: wa.me/918292832807",fraud,wfh_job_scam
+917864099838,AlgoTrade24: Your crypto portfolio grew 100% this week. Continue: https://s.id/2cTrL,fraud,crypto_scam
+919330284000,"Congratulations! Wipro has shortlisted you for a job. Salary: Rs.72,000/month. Confirm: 8683265388",fraud,fake_job_offer
+918354516649,"YES BANK Home Loan now rate starts at 9.78%. Faster process, Zero Preclosure charges. Apply! 7869980997 Whatsapp http://linstok.com/b330TNj",fraud,fake_loan
CP-GOVTSC,Action Required! MoneyView: Your account is blocked due to pending KYC. Click to verify: http://hdfc-kyc.com/t9h9RDZERx8,fraud,kyc_phish
+918069748336,"Mahanagar Gas: Connection termination scheduled. Clear dues Rs.4,600 by calling: 7047901213",fraud,utility_threat
+918251217053,"BARCLAYS — proven strategy. Rs 377,000 weekly returns. Limited seats. https://s.id/IssjR",fraud,fake_broker
+917820943088,UIDAI Notice: Your Aadhaar is not linked to PNB. Link before 05-07-2025 to avoid account freeze: http://rbi-scheme.in/BfAGHmgEkdPTj,fraud,aadhaar_pan_fraud
+918605949840,Nykaa Prize: You've been selected for a free earbuds! Claim before 24 hrs: http://rbi-scheme.in/ldcQYqEf5mrXB,fraud,fake_ecom
+919956247427,URGENT: Your SmartCoin account will be deactivated in 24 hours. Complete Video-KYC now: http://sbi-secure.in/xX2Mv6WCulgKe,fraud,kyc_phish
+918195099063,Your package is at the nearest post office. Pay Rs.230 to receive it: https://s.id/UFqqqcI,fraud,fake_delivery
+917090048311,[BSNL] SIM upgrade required. Failure to upgrade by midnight will deactivate your number. 9655528444,fraud,sim_expiry_fraud
+917611411345,"Ministry of Finance: Atal Pension Yojana beneficiary — Rs.130,000 on hold. Submit KYC: http://axisbk-verify.com/jDcMT891",fraud,fake_govt_scheme
+918584857777,India Post Alert: Package S9VIOIFJI118 requires address confirmation. Update within 24 hrs: https://tinyurl.com/ZSzQw,fraud,fake_delivery
+917559222766,Congratulations! You are pre-selected for a UNION BANK Gold Loan at 14.02% p.a. Limited time offer. wa.me/919528459852,fraud,fake_loan
+917328772869,Your Jio SIM is flagged for suspicious activity. To avoid block call: 9448214630,fraud,sim_expiry_fraud
+919563788471,"Google India is hiring freshers. Rs.70,000 CTC. Immediate joining. Registration: http://linstok.com/k6aPvNjkF",fraud,fake_job_offer
+917226932085,"[GOVT] Your application for PM Ujjwala Yojana approved. Get Rs.120,000. Confirm Aadhaar: http://gov-scheme.in/1EpU4Ch",fraud,fake_govt_scheme
+918766189173,"[Paytm] Rs 63,500 has been sent to your UPI account. Withdraw instantly here: http://linstok.com/qQ4lVS5l",fraud,bhim_upi_fake
+917678602152,"Alert: GAIL Gas disconnection scheduled for tonight. Bill due Rs.4,000. Avoid by calling 9074336305 now.",fraud,utility_threat
+919299150563,[BANK OF BARODA] OTP for fund transfer: 046399. Valid 10 mins. Share this OTP with our executive to complete KYC.,fraud,otp_theft
+919932573079,SBI Net Banking: Your login credentials expire soon. Update password: http://hdfcloan-apply.in/cK81NvYc,fraud,sbi_yono_phish
+919879806295,[BANK SECURITY] Your account is being accessed. Enter OTP 233409 to block transaction: http://sbi-secure.in/xzHDtK5DN,fraud,otp_theft
+917262210932,"NOTICE: Your Atal Pension Yojana funds of Rs.155,000 are uncollected. Claim before 01-02-2026: http://axisbk-verify.com/Zn2NlPXr7Mo",fraud,fake_govt_scheme
JD-SMKKBM,Your Navi Loan account is SUSPENDED. Complete KYC immediately to avoid permanent closure. http://axis-bank.online/6MsDVHj,fraud,kyc_phish
+918911633215,Alert: Your PAN is not linked to Aadhaar. Account will be suspended. Update: http://income-tax-refund.in/HRP2or,fraud,aadhaar_pan_fraud
+919905787572,TradeMaster is offering 200% returns on crypto trades. Invest now: https://tinyurl.com/uWgVJ,fraud,crypto_scam
+918643744142,"Part time job available. Earn Rs.180,000/month doing simple tasks. Join: wa.me/917311764480",fraud,wfh_job_scam
+918351967658,"Rs.85,000 credited to your account via Google Pay. Ref: N4J8PKYQ. To withdraw click: http://hdfcloan-apply.in/1XxtyDHC471zmu",fraud,bhim_upi_fake
+919527696696,[PaySense] ALERT: Account suspended. Complete re-KYC within 2 hours to avoid termination: http://kotak-kyc.in/kBhPonUOfASj5,fraud,kyc_phish
+917729051622,"Dear Candidate, Cognizant HR team found your profile. Interview scheduled. Confirm: 9280653844",fraud,fake_job_offer
+918096628807,"Amazon India is hiring freshers. Rs.38,000 CTC. Immediate joining. Registration: http://gov-scheme.in/lTrvsAs",fraud,fake_job_offer
+918693571036,"Dear borrower, PNB loan account flagged for non-payment. Pay Rs.5,500 now: http://hdfcloan-apply.in/pkFSznCdbm9h3i",fraud,emi_threat
+919483323566,"CANARA BANK Gold Loan now rate starts at 12.39%. Faster process, Zero Preclosure charges. Apply! 7834275540 Whatsapp http://icici-verify.net/lEue6j",fraud,fake_loan
+917740646450,"Dear beneficiary, your PM Garib Kalyan payment of Rs.55,000 is approved. Claim: http://rbi-scheme.in/vSIET90OQt",fraud,fake_govt_scheme
+918184929708,"Part time job available. Earn Rs.210,000/month doing simple tasks. Join: wa.me/918508736023",fraud,wfh_job_scam
+918172328858,"Dear Citizen, Rs.30,000 NEFT pending under Atal Pension Yojana. Provide bank details: 7422602930",fraud,fake_govt_scheme
+919113802920,Pre-approved Car Loan offer for you from UNION BANK. Rs.5 Lakh in 24 hrs. Apply: http://mktasset.com/x1leI7cNs8OxW,fraud,fake_loan
+919357882445,"Hi 8846XXXX06, Rs.62,500/- is Transferred to Your A/c By BHIM Ref ID: QHJC6XXXX. Withdraw Cash NOW http://kotak-kyc.in/tmYOTk3FCq",fraud,bhim_upi_fake
+919938706416,"Hi 7097XXXX54, Rs.33,500/- is Transferred to Your A/c By BHIM SBI Ref ID: 2LLVXWXXX. Withdraw Cash NOW http://kotak-kyc.in/gwLGs4CvVU",fraud,bhim_upi_fake
+918164508030,NSDL: Your PAN card will be deactivated on 01-02-2025. Link with Aadhaar now: http://axis-bank.online/UaIzY2S,fraud,aadhaar_pan_fraud
+919266846645,CBI Digital Crime Unit: You are under digital surveillance. Cooperate by calling 8051809505 now.,fraud,police_impersonation
+918328094604,"Online earning opportunity: Rs.8,000/day. No investment. Join us: wa.me/917877551936",fraud,wfh_job_scam
+919156688366,Part time with Infosys: Rs.2800/hour. Work 3 hrs/day. Apply: http://icici-verify.net/6ggpForxgM,fraud,fake_job_offer
+917027513758,"Ministry of Finance: PM Kisan Yojana beneficiary — Rs.85,000 on hold. Submit KYC: http://icicisecure.net/w03oHq",fraud,fake_govt_scheme
+918724418585,"Urgent: Nykaa seller issued refund Rs.3,200. To receive, update account: http://income-tax-refund.in/kT0Yml3V7",fraud,fake_ecom
+919592275288,KOTAK BANK: Your card has been cloned. Secure it now by clicking: http://axis-bank.online/Q4eDxYBfDLWo,fraud,credit_card_fraud
+917327489090,"[BESCOM] Your account has been flagged. Pay Rs.1,300 or face legal action. Call: 7406882673",fraud,utility_threat
+919496874774,"Dear BSNL subscriber, new TRAI regulation requires SIM re-registration. Call: 8652767254",fraud,sim_expiry_fraud
+918968127924,"Home-based job opportunity. Earn Rs.2,500/day by liking YouTube videos. wa.me/919377366098",fraud,wfh_job_scam
+917270579816,ProfitEdge is offering 200% returns on crypto trades. Invest now: https://lnkd.in/fmsdl,fraud,crypto_scam
+917284326775,"URGENT: Your electricity supply will be disconnected in 2 hours. Outstanding bill Rs.4,200. Pay: http://hdfcloan-apply.in/hU3CNjH2XvjOUu",fraud,utility_threat
+917812805539,NSDL: Your PAN card will be deactivated on 01-05-2025. Link with Aadhaar now: http://kotak-kyc.in/k2EltPH0NTPkp,fraud,aadhaar_pan_fraud
+917311004522,"Rs 439,000 profit guaranteed with UBS India Advisory strategy. Join members now: https://short.gy/sKAJd7gV",fraud,fake_broker
+918421394822,"Hiring now: Part-time online workers. Rs.225,000/month guaranteed. wa.me/917588076753",fraud,wfh_job_scam
+919629768410,"[BHIM] Rs 32,000 has been sent to your UPI account. Withdraw instantly here: http://ct3.io/Ad18AUBK",fraud,bhim_upi_fake
+918077324320,Post Office: Your parcel PXW4NSZP566Z is on hold due to incomplete address. Update now: https://tinyurl.com/TpxFA,fraud,fake_delivery
+919484856979,"NOTICE: Rs.22,000 reversal pending in SBI account XXXX8955. Confirm: http://epq9.com/lr0vc0",fraud,fake_bank_credit
+918215846107,Your Myntra account has been locked. Unlock by verifying identity: http://sr3.in/08QajWInj0x,fraud,fake_ecom
+918546167297,"Kindly update your delivery location within 12 hours, otherwise we will proceed to return the product: https://rb.gy/iqsWf",fraud,fake_delivery
+917089631561,"BHIM Ref ID: GB9MGHBL2T. Rs.45,000 sent to 9627XXXX. Withdraw Cash NOW http://kotak-kyc.in/McCnFveEdKw9VM",fraud,bhim_upi_fake
+918387674157,"Dear Customer, link Aadhaar to your KOTAK BANK account immediately. Deadline: 07-09-2026. http://rbi-scheme.in/x1sHF3",fraud,aadhaar_pan_fraud
+918422536577,Security alert: Someone is trying to access your KOTAK BANK account. Verify with OTP 266774 here: http://kotak-kyc.in/GFuSwv,fraud,otp_theft
+919070387216,IMPORTANT: Flipkart refund of Rs.800 pending. Confirm bank account: http://paytm-kyc.net/kiA0c3bD,fraud,fake_ecom
BW-INCASH,URGENT: AXIS BANK account will be closed in 48 hrs due to incomplete KYC: http://yesbank-update.com/WBdrZAOm8,fraud,dlt_kyc_phish
+917029506360,"URGENT: ICICI BANK NACH debit of Rs.15,500 failed. Pay manually to avoid penalty: http://yesbank-update.com/HP0oXet",fraud,emi_threat
+918624635722,"BHIM Ref ID: UXIRVRCU8T. Rs.93,500 sent to 9486XXXX. Withdraw Cash NOW http://ct3.io/UC0hqmNAIIhgxZ",fraud,bhim_upi_fake
+919298934291,"Airtel Lucky Winner: Your number won Rs.2,430,000. Claim before 48 hrs: 7418332221",fraud,lottery_prize
+919043326006,Flipkart: Your order for air conditioner (Order #4ELAVRQSK3) is on hold. Pay Rs.4600 to release: http://icici-verify.net/JreyRJzMKr,fraud,fake_ecom
+917594817336,Nykaa: Your Samsung S24 delivery requires payment of Rs.2300 customs. Pay: http://linstok.com/o0mx1Rc8P,fraud,fake_ecom
+918213594160,TRAI Notice: Your number is being used for criminal activity. It will be blocked in 2 hours. Call 8465084286.,fraud,police_impersonation
+918135281119,"Plot available near Hyderabad highway. Rs.600,000. Direct owner. WhatsApp: wa.me/917391324756",fraud,real_estate_fraud
+919938936656,"Reliable strategies from Credit Suisse India ensured Rs 124,000 in member profits last week. https://bit.ly/vd95e5bz",fraud,fake_broker
+918489169337,Ministry of Home Affairs: Your digital activity is under investigation. Cooperate: 8643885495,fraud,police_impersonation
+918413781463,"!$! ForexPro India DEALER ACCOUNT — Make Rs.343,000/month guaranteed. Register: http://axisbk-verify.com/HN5iVanikOwir",fraud,crypto_scam
+917967042119,Flipkart: Your TV delivery requires payment of Rs.4200 customs. Pay: http://paytm-kyc.net/NKr9ReAnuDm,fraud,fake_ecom
+919248052480,Bima Yojana: You are selected to get 1 CRORE life cover. Application approved. Apply: https://tinyurl.com/MkB7N,fraud,rbi_govt_scheme
+918938151801,Post Office: Your parcel W6B2KLVHN4OZ is on hold due to incomplete address. Update now: https://rb.gy/gntUV,fraud,fake_delivery
JD-SMKKBM,ALERT: UNION BANK account KYC incomplete. Complete Video-KYC urgently: http://sr3.in/CCtD2wA9,fraud,dlt_kyc_phish
+919321483625,"Job offer from Wipro: Rs.30,000/month. Work from home. Registration fee Rs.1000. wa.me/917606416383",fraud,fake_job_offer
+917785232412,"Flipkart Big Billion Lucky Winner: Rs.2,830,000 + gifts. Collect: wa.me/917231341955",fraud,lottery_prize
+917858062178,"You are a WINNER! Rs.320,000 transferred pending your confirmation. Call 9818348816 now.",fraud,lottery_prize
+919573538032,"PM Office: PM Kisan Yojana cash benefit Rs.25,000 credited to your account. Verify: http://mktasset.com/ASIEL2qNtY",fraud,fake_govt_scheme
+918398283399,Myntra Alert: Suspicious activity on your account. Verify to continue shopping: http://sbi-secure.in/3xPGjTRlq1c,fraud,fake_ecom
+918566812323,[CashBean] ALERT: Account suspended. Complete re-KYC within 2 hours to avoid termination: http://axisbk-verify.com/FgJnmUYl,fraud,kyc_phish
+919502545878,Get instant HDFC BANK Gold Loan approval in minutes. Rate 12.48%. Call 8897618241 or apply: http://sbicard-update.com/13hjoC,fraud,fake_loan
+917068011503,"URGENT: PNB NACH debit of Rs.15,000 failed. Pay manually to avoid penalty: http://rbi-scheme.in/Wix8NK6",fraud,emi_threat
+917809651261,KOTAK BANK is offering Gold Loan upto Rs.50 Lakh at just 11.76% p.a. Fast approval. Apply via wa.me/917184517014,fraud,fake_loan
+918415834383,"Part time job available. Earn Rs.60,000/month doing simple tasks. Join: wa.me/918947806806",fraud,wfh_job_scam
+917378919563,"Your MSEDCL meter will be blocked today. Pay Rs.4,800 immediately to avoid disruption. Helpline: 9001632502",fraud,utility_threat
+918514565967,"Your Income Tax return for FY 2024-25 has a refund of Rs.29,000. Verify: http://paytm-kyc.net/BHK8t33Sw",fraud,income_tax_fraud
+919167237258,"Tax refund alert: Rs.4,000 ready. Submit bank details to receive: http://kotak-kyc.in/iZHJdmJD",fraud,income_tax_fraud
+918051826609,"SBI YONO: Your reward points 11,300 expire in 24 hours. Redeem now: http://kotak-kyc.in/kGkCKyo8MJaKGi",fraud,sbi_yono_phish
+917646147674,"Govt approved investment scheme: Rs.4,665,000 guaranteed return. Apply now: https://ow.ly/MoSB9",fraud,rbi_govt_scheme
+918080541246,"Rs.21,000 credited to your account via BHIM Axis. Ref: V3V05GBQ. To withdraw click: http://income-tax-refund.in/3wYFlJE0AI",fraud,bhim_upi_fake
CP-GOVTSC,Your SmartCoin account is SUSPENDED. Complete KYC immediately to avoid permanent closure. http://hdfcloan-apply.in/2Syz6OwD,fraud,kyc_phish
+919874560860,"AXIS BANK Business Loan now rate starts at 9.78%. Faster process, Zero Preclosure charges. Apply! 9662374778 Whatsapp http://sr3.in/9ezUGrpU11PmFn",fraud,fake_loan
+918611445283,SBI Net Banking locked. Provide OTP to unlock via: http://rbi-scheme.in/vXvuNjsfWE0Z,fraud,sbi_yono_phish
+918502868404,"AMAZON LUCKY DRAW: You won a prize of Rs.4,370,000. To claim WhatsApp: wa.me/919524629100",fraud,lottery_prize
+918001668812,"URGENT: PNB NACH debit of Rs.6,500 failed. Pay manually to avoid penalty: http://icicisecure.net/AfJVxA",fraud,emi_threat
TX-LOANOK,"Dear Customer, your HDFC BANK KYC will expire on 22-08-2026. Update Aadhaar to avoid account suspension: http://mktasset.com/Dg4zD35ajQ6H2j",fraud,dlt_kyc_phish
+918116783854,"Invest Rs.10,000 in BitProfit India and earn Rs.104,000 in 30 days. Verified traders. https://ow.ly/vVWRm7",fraud,crypto_scam
TM-CASHNW,ALERT: ICICI BANK account KYC incomplete. Complete Video-KYC urgently: http://yesbank-update.com/ptqc6463v1E52,fraud,dlt_kyc_phish
+919018555229,Pre-approved Personal Loan offer for you from SBI. Rs.5 Lakh in 24 hrs. Apply: http://hdfcloan-apply.in/2sQQA4FUKgerU,fraud,fake_loan
+919799373936,"Dear Vi (Vodafone Idea) user, your SIM will expire today. Call 7618171154 immediately to upgrade to 5G SIM.",fraud,sim_expiry_fraud
+918604901866,Meesho Alert: Suspicious activity on your account. Verify to continue shopping: http://icicisecure.net/ktFD0N3,fraud,fake_ecom
